Workbook

Sheet 摘要
A1: 結構模型評鑑摘要
A3: 假設路徑 | B3: β | C3: Bootstrap SE | D3: t | E3: p | F3: 95% CI 下界 | G3: 95% CI 上界 | H3: f² | I3: 效果 | J3: 顯著性
A4: ENG → SAT | B4: =5_Bootstrap!B5 -> 0.33502103 | C4: =5_Bootstrap!D5 -> 0.15043623 | D4: =5_Bootstrap!E5 -> 2.2269969 | E4: =5_Bootstrap!F5 -> 0.026392897 | F4: =5_Bootstrap!G5 -> -0.024030073 | G4: =5_Bootstrap!H5 -> 0.60250242 | H4: =3_f2!G5 -> 0.17524957 | I4: =3_f2!H5 -> 中 | J4: =5_Bootstrap!I5 -> 不一致：審慎解讀
A5: TQ → SAT | B5: =5_Bootstrap!B6 -> 0.48976718 | C5: =5_Bootstrap!D6 -> 0.16534751 | D5: =5_Bootstrap!E6 -> 2.9620475 | E5: =5_Bootstrap!F6 -> 0.0032017356 | F5: =5_Bootstrap!G6 -> 0.12589896 | G5: =5_Bootstrap!H6 -> 0.79994983 | H5: =3_f2!G6 -> 0.3745348 | I5: =3_f2!H6 -> 大 | J5: =5_Bootstrap!I6 -> 顯著
A6: TQ → INT | B6: =5_Bootstrap!B7 -> 0.15538053 | C6: =5_Bootstrap!D7 -> 0.16101361 | D6: =5_Bootstrap!E7 -> 0.96501485 | E6: =5_Bootstrap!F7 -> 0.33500481 | F6: =5_Bootstrap!G7 -> -0.20757997 | G6: =5_Bootstrap!H7 -> 0.44151448 | H6: =3_f2!G7 -> 0.023820873 | I6: =3_f2!H7 -> 小 | J6: =5_Bootstrap!I7 -> 不顯著
A7: SAT → INT | B7: =5_Bootstrap!B8 -> 0.53520369 | C7: =5_Bootstrap!D8 -> 0.16930606 | D7: =5_Bootstrap!E8 -> 3.1611609 | E7: =5_Bootstrap!F8 -> 0.001666947 | F7: =5_Bootstrap!G8 -> 0.12610349 | G7: =5_Bootstrap!H8 -> 0.7947922 | H7: =3_f2!G8 -> 0.28261987 | I7: =3_f2!H8 -> 中 | J7: =5_Bootstrap!I8 -> 顯著
A10: 內生構念 | B10: R² | C10: 調整後 R² | D10: 解釋力 | E10: Q²
A11: SAT（學習滿意度） | B11: =2_路徑與R2!B18 -> 0.51246302 | C11: =2_路徑與R2!C18 -> 0.47634917 | D11: =2_路徑與R2!F18 -> 中度 | E11: =4_Q2!B50 -> 0.3963324
A12: INT（持續學習意願） | B12: =2_路徑與R2!B19 -> 0.41927145 | C12: =2_路徑與R2!C19 -> 0.37625452 | D12: =2_路徑與R2!F19 -> 低度 | E12: =4_Q2!P50 -> 0.2784395
A14: GoF（僅供參考） | B14: =6_GoF!B12 -> 0.61438344
A16: 綠字為連結至其他工作表之公式。

Sheet 原始資料
A1: 原始資料：4 個構念 × 3 題，5 點李克特量表，n = 30
A2: ENG=學習投入；TQ=教學品質；SAT=學習滿意度；INT=持續學習意願。藍字為輸入值（教學用模擬資料）。
A4: 受試者 | B4: ENG1 | C4: ENG2 | D4: ENG3 | E4: TQ1 | F4: TQ2 | G4: TQ3 | H4: SAT1 | I4: SAT2 | J4: SAT3 | K4: INT1 | L4: INT2 | M4: INT3
A5: R01 | B5: 4 | C5: 4 | D5: 4 | E5: 4 | F5: 4 | G5: 3 | H5: 4 | I5: 3 | J5: 4 | K5: 3 | L5: 3 | M5: 3
A6: R02 | B6: 3 | C6: 3 | D6: 5 | E6: 4 | F6: 4 | G6: 4 | H6: 3 | I6: 3 | J6: 3 | K6: 3 | L6: 3 | M6: 3
A7: R03 | B7: 3 | C7: 4 | D7: 3 | E7: 2 | F7: 2 | G7: 2 | H7: 4 | I7: 3 | J7: 4 | K7: 4 | L7: 3 | M7: 3
A8: R04 | B8: 3 | C8: 3 | D8: 4 | E8: 3 | F8: 4 | G8: 4 | H8: 4 | I8: 4 | J8: 4 | K8: 3 | L8: 3 | M8: 4
A9: R05 | B9: 2 | C9: 3 | D9: 3 | E9: 4 | F9: 4 | G9: 4 | H9: 3 | I9: 3 | J9: 3 | K9: 2 | L9: 2 | M9: 3
A10: R06 | B10: 2 | C10: 2 | D10: 3 | E10: 3 | F10: 3 | G10: 3 | H10: 2 | I10: 3 | J10: 3 | K10: 3 | L10: 3 | M10: 2
A11: R07 | B11: 4 | C11: 4 | D11: 3 | E11: 2 | F11: 3 | G11: 3 | H11: 2 | I11: 3 | J11: 2 | K11: 2 | L11: 3 | M11: 3
A12: R08 | B12: 3 | C12: 3 | D12: 3 | E12: 4 | F12: 3 | G12: 4 | H12: 5 | I12: 4 | J12: 3 | K12: 2 | L12: 2 | M12: 3
A13: R09 | B13: 4 | C13: 4 | D13: 3 | E13: 4 | F13: 4 | G13: 4 | H13: 4 | I13: 4 | J13: 4 | K13: 4 | L13: 4 | M13: 3
A14: R10 | B14: 3 | C14: 2 | D14: 2 | E14: 3 | F14: 4 | G14: 3 | H14: 3 | I14: 4 | J14: 4 | K14: 3 | L14: 3 | M14: 3
A15: R11 | B15: 5 | C15: 5 | D15: 4 | E15: 3 | F15: 3 | G15: 3 | H15: 5 | I15: 4 | J15: 5 | K15: 4 | L15: 4 | M15: 4
A16: R12 | B16: 2 | C16: 3 | D16: 2 | E16: 3 | F16: 3 | G16: 3 | H16: 4 | I16: 3 | J16: 3 | K16: 4 | L16: 4 | M16: 4
... A34: R30 | B34: 4 | C34: 4 | D34: 4 | E34: 3 | F34: 4 | G34: 3 | H34: 4 | I34: 4 | J34: 4 | K34: 4 | L34: 4 | M34: 3

Sheet 1_構念分數
A1: 步驟 0：構念分數（LV scores）與 AVE
A2: 構念分數 = 各題 Z 分數平均後再標準化（平均 0、標準差 1），作為結構模型迴歸之輸入（教學近似，同 3.2、3.3 節）。
A4: 受試者 | B4: ENG1 | C4: ENG2 | D4: ENG3 | E4: TQ1 | F4: TQ2 | G4: TQ3 | H4: SAT1 | I4: SAT2 | J4: SAT3 | K4: INT1 | L4: INT2 | M4: INT3 | N4: Z_ENG1 | O4: Z_ENG2 | P4: Z_ENG3 | Q4: Z_TQ1 | R4: Z_TQ2 | S4: Z_TQ3 | T4: Z_SAT1 | U4: Z_SAT2 | V4: Z_SAT3 | W4: Z_INT1 | X4: Z_INT2 | Y4: Z_INT3 | Z4: ENG 平均Z | AA4: TQ 平均Z | AB4: SAT 平均Z | AC4: INT 平均Z | AD4: ENG 分數 | AE4: TQ 分數 | AF4: SAT 分數 | AG4: INT 分數
A5: =原始資料!A5 -> R01 | B5: =原始資料!B5 -> 4 | C5: =原始資料!C5 -> 4 | D5: =原始資料!D5 -> 4 | E5: =原始資料!E5 -> 4 | F5: =原始資料!F5 -> 4 | G5: =原始資料!G5 -> 3 | H5: =原始資料!H5 -> 4 | ... M5: =原始資料!M5 -> 3 | N5: =STANDARDIZE(B5,AVERAGE(B$5:B$34),STDEV(B$5:B$34)) -> 0.51877624 | O5: =STANDARDIZE(C5,AVERAGE(C$5:C$34),STDEV(C$5:C$34)) -> 0.60589165 | P5: =STANDARDIZE(D5,AVERAGE(D$5:D$34),STDEV(D$5:D$34)) -> 0.66017379 | Q5: =STANDARDIZE(E5,AVERAGE(E$5:E$34),STDEV(E$5:E$34)) -> 0.73739406 | R5: =STANDARDIZE(F5,AVERAGE(F$5:F$34),STDEV(F$5:F$34)) -> 0.78971888 | S5: =STANDARDIZE(G5,AVERAGE(G$5:G$34),STDEV(G$5:G$34)) -> -0.32773069 | T5: =STANDARDIZE(H5,AVERAGE(H$5:H$34),STDEV(H$5:H$34)) -> 0.57845949 | U5: =STANDARDIZE(I5,AVERAGE(I$5:I$34),STDEV(I$5:I$34)) -> -0.3614286 | ... Y5: =STANDARDIZE(M5,AVERAGE(M$5:M$34),STDEV(M$5:M$34)) -> -0.32218493 | Z5: =AVERAGE(N5:P5) -> 0.59494723 | AA5: =AVERAGE(Q5:S5) -> 0.39979408 | AB5: =AVERAGE(T5:V5) -> 0.30956899 | AC5: =AVERAGE(W5:Y5) -> -0.24904263 | AD5: =STANDARDIZE(Z5,AVERAGE(Z$5:Z$34),STDEV(Z$5:Z$34)) -> 0.67614559 | AE5: =STANDARDIZE(AA5,AVERAGE(AA$5:AA$34),STDEV(AA$5:AA$34)) -> 0.43696497 | AF5: =STANDARDIZE(AB5,AVERAGE(AB$5:AB$34),STDEV(AB$5:AB$34)) -> 0.34550282 | AG5: =STANDARDIZE(AC5,AVERAGE(AC$5:AC$34),STDEV(AC$5:AC$34)) -> -0.2741407
A6: =原始資料!A6 -> R02 | B6: =原始資料!B6 -> 3 | C6: =原始資料!C6 -> 3 | D6: =原始資料!D6 -> 5 | E6: =原始資料!E6 -> 4 | F6: =原始資料!F6 -> 4 | G6: =原始資料!G6 -> 4 | H6: =原始資料!H6 -> 3 | ... M6: =原始資料!M6 -> 3 | N6: =STANDARDIZE(B6,AVERAGE(B$5:B$34),STDEV(B$5:B$34)) -> -0.59288713 | O6: =STANDARDIZE(C6,AVERAGE(C$5:C$34),STDEV(C$5:C$34)) -> -0.46332891 | P6: =STANDARDIZE(D6,AVERAGE(D$5:D$34),STDEV(D$5:D$34)) -> 1.8251864 | Q6: =STANDARDIZE(E6,AVERAGE(E$5:E$34),STDEV(E$5:E$34)) -> 0.73739406 | R6: =STANDARDIZE(F6,AVERAGE(F$5:F$34),STDEV(F$5:F$34)) -> 0.78971888 | S6: =STANDARDIZE(G6,AVERAGE(G$5:G$34),STDEV(G$5:G$34)) -> 0.76470495 | T6: =STANDARDIZE(H6,AVERAGE(H$5:H$34),STDEV(H$5:H$34)) -> -0.38563966 | U6: =STANDARDIZE(I6,AVERAGE(I$5:I$34),STDEV(I$5:I$34)) -> -0.3614286 | ... Y6: =STANDARDIZE(M6,AVERAGE(M$5:M$34),STDEV(M$5:M$34)) -> -0.32218493 | Z6: =AVERAGE(N6:P6) -> 0.25632344 | AA6: =AVERAGE(Q6:S6) -> 0.7639393 | AB6: =AVERAGE(T6:V6) -> -0.38636375 | AC6: =AVERAGE(W6:Y6) -> -0.24904263 | AD6: =STANDARDIZE(Z6,AVERAGE(Z$5:Z$34),STDEV(Z$5:Z$34)) -> 0.29130645 | AE6: =STANDARDIZE(AA6,AVERAGE(AA$5:AA$34),STDEV(AA$5:AA$34)) -> 0.83496662 | AF6: =STANDARDIZE(AB6,AVERAGE(AB$5:AB$34),STDEV(AB$5:AB$34)) -> -0.43121169 | AG6: =STANDARDIZE(AC6,AVERAGE(AC$5:AC$34),STDEV(AC$5:AC$34)) -> -0.2741407
A7: =原始資料!A7 -> R03 | B7: =原始資料!B7 -> 3 | C7: =原始資料!C7 -> 4 | D7: =原始資料!D7 -> 3 | E7: =原始資料!E7 -> 2 | F7: =原始資料!F7 -> 2 | G7: =原始資料!G7 -> 2 | H7: =原始資料!H7 -> 4 | ... M7: =原始資料!M7 -> 3 | N7: =STANDARDIZE(B7,AVERAGE(B$5:B$34),STDEV(B$5:B$34)) -> -0.59288713 | O7: =STANDARDIZE(C7,AVERAGE(C$5:C$34),STDEV(C$5:C$34)) -> 0.60589165 | P7: =STANDARDIZE(D7,AVERAGE(D$5:D$34),STDEV(D$5:D$34)) -> -0.50483878 | Q7: =STANDARDIZE(E7,AVERAGE(E$5:E$34),STDEV(E$5:E$34)) -> -1.7205861 | R7: =STANDARDIZE(F7,AVERAGE(F$5:F$34),STDEV(F$5:F$34)) -> -1.5794378 | S7: =STANDARDIZE(G7,AVERAGE(G$5:G$34),STDEV(G$5:G$34)) -> -1.4201663 | T7: =STANDARDIZE(H7,AVERAGE(H$5:H$34),STDEV(H$5:H$34)) -> 0.57845949 | U7: =STANDARDIZE(I7,AVERAGE(I$5:I$34),STDEV(I$5:I$34)) -> -0.3614286 | ... Y7: =STANDARDIZE(M7,AVERAGE(M$5:M$34),STDEV(M$5:M$34)) -> -0.32218493 | Z7: =AVERAGE(N7:P7) -> -0.16394476 | AA7: =AVERAGE(Q7:S7) -> -1.5733967 | AB7: =AVERAGE(T7:V7) -> 0.30956899 | AC7: =AVERAGE(W7:Y7) -> 0.10736422 | AD7: =STANDARDIZE(Z7,AVERAGE(Z$5:Z$34),STDEV(Z$5:Z$34)) -> -0.18631993 | AE7: =STANDARDIZE(AA7,AVERAGE(AA$5:AA$34),STDEV(AA$5:AA$34)) -> -1.7196834 | AF7: =STANDARDIZE(AB7,AVERAGE(AB$5:AB$34),STDEV(AB$5:AB$34)) -> 0.34550282 | AG7: =STANDARDIZE(AC7,AVERAGE(AC$5:AC$34),STDEV(AC$5:AC$34)) -> 0.1181842
A8: =原始資料!A8 -> R04 | B8: =原始資料!B8 -> 3 | C8: =原始資料!C8 -> 3 | D8: =原始資料!D8 -> 4 | E8: =原始資料!E8 -> 3 | F8: =原始資料!F8 -> 4 | G8: =原始資料!G8 -> 4 | H8: =原始資料!H8 -> 4 | ... M8: =原始資料!M8 -> 4 | N8: =STANDARDIZE(B8,AVERAGE(B$5:B$34),STDEV(B$5:B$34)) -> -0.59288713 | O8: =STANDARDIZE(C8,AVERAGE(C$5:C$34),STDEV(C$5:C$34)) -> -0.46332891 | P8: =STANDARDIZE(D8,AVERAGE(D$5:D$34),STDEV(D$5:D$34)) -> 0.66017379 | Q8: =STANDARDIZE(E8,AVERAGE(E$5:E$34),STDEV(E$5:E$34)) -> -0.49159604 | R8: =STANDARDIZE(F8,AVERAGE(F$5:F$34),STDEV(F$5:F$34)) -> 0.78971888 | S8: =STANDARDIZE(G8,AVERAGE(G$5:G$34),STDEV(G$5:G$34)) -> 0.76470495 | T8: =STANDARDIZE(H8,AVERAGE(H$5:H$34),STDEV(H$5:H$34)) -> 0.57845949 | U8: =STANDARDIZE(I8,AVERAGE(I$5:I$34),STDEV(I$5:I$34)) -> 0.72285719 | ... Y8: =STANDARDIZE(M8,AVERAGE(M$5:M$34),STDEV(M$5:M$34)) -> 0.88600857 | Z8: =AVERAGE(N8:P8) -> -0.13201408 | AA8: =AVERAGE(Q8:S8) -> 0.35427593 | AB8: =AVERAGE(T8:V8) -> 0.67099758 | AC8: =AVERAGE(W8:Y8) -> 0.15368854 | AD8: =STANDARDIZE(Z8,AVERAGE(Z$5:Z$34),STDEV(Z$5:Z$34)) -> -0.15003136 | AE8: =STANDARDIZE(AA8,AVERAGE(AA$5:AA$34),STDEV(AA$5:AA$34)) -> 0.38721477 | AF8: =STANDARDIZE(AB8,AVERAGE(AB$5:AB$34),STDEV(AB$5:AB$34)) -> 0.74888497 | AG8: =STANDARDIZE(AC8,AVERAGE(AC$5:AC$34),STDEV(AC$5:AC$34)) -> 0.169177
A9: =原始資料!A9 -> R05 | B9: =原始資料!B9 -> 2 | C9: =原始資料!C9 -> 3 | D9: =原始資料!D9 -> 3 | E9: =原始資料!E9 -> 4 | F9: =原始資料!F9 -> 4 | G9: =原始資料!G9 -> 4 | H9: =原始資料!H9 -> 3 | ... M9: =原始資料!M9 -> 3 | N9: =STANDARDIZE(B9,AVERAGE(B$5:B$34),STDEV(B$5:B$34)) -> -1.7045505 | O9: =STANDARDIZE(C9,AVERAGE(C$5:C$34),STDEV(C$5:C$34)) -> -0.46332891 | P9: =STANDARDIZE(D9,AVERAGE(D$5:D$34),STDEV(D$5:D$34)) -> -0.50483878 | Q9: =STANDARDIZE(E9,AVERAGE(E$5:E$34),STDEV(E$5:E$34)) -> 0.73739406 | R9: =STANDARDIZE(F9,AVERAGE(F$5:F$34),STDEV(F$5:F$34)) -> 0.78971888 | S9: =STANDARDIZE(G9,AVERAGE(G$5:G$34),STDEV(G$5:G$34)) -> 0.76470495 | T9: =STANDARDIZE(H9,AVERAGE(H$5:H$34),STDEV(H$5:H$34)) -> -0.38563966 | U9: =STANDARDIZE(I9,AVERAGE(I$5:I$34),STDEV(I$5:I$34)) -> -0.3614286 | ... Y9: =STANDARDIZE(M9,AVERAGE(M$5:M$34),STDEV(M$5:M$34)) -> -0.32218493 | Z9: =AVERAGE(N9:P9) -> -0.89090606 | AA9: =AVERAGE(Q9:S9) -> 0.7639393 | AB9: =AVERAGE(T9:V9) -> -0.38636375 | AC9: =AVERAGE(W9:Y9) -> -0.95636578 | AD9: =STANDARDIZE(Z9,AVERAGE(Z$5:Z$34),STDEV(Z$5:Z$34)) -> -1.0124969 | AE9: =STANDARDIZE(AA9,AVERAGE(AA$5:AA$34),STDEV(AA$5:AA$34)) -> 0.83496662 | AF9: =STANDARDIZE(AB9,AVERAGE(AB$5:AB$34),STDEV(AB$5:AB$34)) -> -0.43121169 | AG9: =STANDARDIZE(AC9,AVERAGE(AC$5:AC$34),STDEV(AC$5:AC$34)) -> -1.0527466
A10: =原始資料!A10 -> R06 | B10: =原始資料!B10 -> 2 | C10: =原始資料!C10 -> 2 | D10: =原始資料!D10 -> 3 | E10: =原始資料!E10 -> 3 | F10: =原始資料!F10 -> 3 | G10: =原始資料!G10 -> 3 | H10: =原始資料!H10 -> 2 | ... M10: =原始資料!M10 -> 2 | N10: =STANDARDIZE(B10,AVERAGE(B$5:B$34),STDEV(B$5:B$34)) -> -1.7045505 | O10: =STANDARDIZE(C10,AVERAGE(C$5:C$34),STDEV(C$5:C$34)) -> -1.5325495 | P10: =STANDARDIZE(D10,AVERAGE(D$5:D$34),STDEV(D$5:D$34)) -> -0.50483878 | Q10: =STANDARDIZE(E10,AVERAGE(E$5:E$34),STDEV(E$5:E$34)) -> -0.49159604 | R10: =STANDARDIZE(F10,AVERAGE(F$5:F$34),STDEV(F$5:F$34)) -> -0.39485944 | S10: =STANDARDIZE(G10,AVERAGE(G$5:G$34),STDEV(G$5:G$34)) -> -0.32773069 | T10: =STANDARDIZE(H10,AVERAGE(H$5:H$34),STDEV(H$5:H$34)) -> -1.3497388 | U10: =STANDARDIZE(I10,AVERAGE(I$5:I$34),STDEV(I$5:I$34)) -> -0.3614286 | ... Y10: =STANDARDIZE(M10,AVERAGE(M$5:M$34),STDEV(M$5:M$34)) -> -1.5303784 | Z10: =AVERAGE(N10:P10) -> -1.2473129 | AA10: =AVERAGE(Q10:S10) -> -0.40472872 | AB10: =AVERAGE(T10:V10) -> -0.70773013 | AC10: =AVERAGE(W10:Y10) -> -0.65177379 | AD10: =STANDARDIZE(Z10,AVERAGE(Z$5:Z$34),STDEV(Z$5:Z$34)) -> -1.4175461 | AE10: =STANDARDIZE(AA10,AVERAGE(AA$5:AA$34),STDEV(AA$5:AA$34)) -> -0.44235841 | AF10: =STANDARDIZE(AB10,AVERAGE(AB$5:AB$34),STDEV(AB$5:AB$34)) -> -0.78988132 | AG10: =STANDARDIZE(AC10,AVERAGE(AC$5:AC$34),STDEV(AC$5:AC$34)) -> -0.71745841
A11: =原始資料!A11 -> R07 | B11: =原始資料!B11 -> 4 | C11: =原始資料!C11 -> 4 | D11: =原始資料!D11 -> 3 | E11: =原始資料!E11 -> 2 | F11: =原始資料!F11 -> 3 | G11: =原始資料!G11 -> 3 | H11: =原始資料!H11 -> 2 | ... M11: =原始資料!M11 -> 3 | N11: =STANDARDIZE(B11,AVERAGE(B$5:B$34),STDEV(B$5:B$34)) -> 0.51877624 | O11: =STANDARDIZE(C11,AVERAGE(C$5:C$34),STDEV(C$5:C$34)) -> 0.60589165 | P11: =STANDARDIZE(D11,AVERAGE(D$5:D$34),STDEV(D$5:D$34)) -> -0.50483878 | Q11: =STANDARDIZE(E11,AVERAGE(E$5:E$34),STDEV(E$5:E$34)) -> -1.7205861 | R11: =STANDARDIZE(F11,AVERAGE(F$5:F$34),STDEV(F$5:F$34)) -> -0.39485944 | S11: =STANDARDIZE(G11,AVERAGE(G$5:G$34),STDEV(G$5:G$34)) -> -0.32773069 | T11: =STANDARDIZE(H11,AVERAGE(H$5:H$34),STDEV(H$5:H$34)) -> -1.3497388 | U11: =STANDARDIZE(I11,AVERAGE(I$5:I$34),STDEV(I$5:I$34)) -> -0.3614286 | ... Y11: =STANDARDIZE(M11,AVERAGE(M$5:M$34),STDEV(M$5:M$34)) -> -0.32218493 | Z11: =AVERAGE(N11:P11) -> 0.2066097 | AA11: =AVERAGE(Q11:S11) -> -0.81439209 | AB11: =AVERAGE(T11:V11) -> -1.0822965 | AC11: =AVERAGE(W11:Y11) -> -0.60544948 | AD11: =STANDARDIZE(Z11,AVERAGE(Z$5:Z$34),STDEV(Z$5:Z$34)) -> 0.23480778 | AE11: =STANDARDIZE(AA11,AVERAGE(AA$5:AA$34),STDEV(AA$5:AA$34)) -> -0.89011027 | AF11: =STANDARDIZE(AB11,AVERAGE(AB$5:AB$34),STDEV(AB$5:AB$34)) -> -1.2079262 | AG11: =STANDARDIZE(AC11,AVERAGE(AC$5:AC$34),STDEV(AC$5:AC$34)) -> -0.6664656
A12: =原始資料!A12 -> R08 | B12: =原始資料!B12 -> 3 | C12: =原始資料!C12 -> 3 | D12: =原始資料!D12 -> 3 | E12: =原始資料!E12 -> 4 | F12: =原始資料!F12 -> 3 | G12: =原始資料!G12 -> 4 | H12: =原始資料!H12 -> 5 | ... M12: =原始資料!M12 -> 3 | N12: =STANDARDIZE(B12,AVERAGE(B$5:B$34),STDEV(B$5:B$34)) -> -0.59288713 | O12: =STANDARDIZE(C12,AVERAGE(C$5:C$34),STDEV(C$5:C$34)) -> -0.46332891 | P12: =STANDARDIZE(D12,AVERAGE(D$5:D$34),STDEV(D$5:D$34)) -> -0.50483878 | Q12: =STANDARDIZE(E12,AVERAGE(E$5:E$34),STDEV(E$5:E$34)) -> 0.73739406 | R12: =STANDARDIZE(F12,AVERAGE(F$5:F$34),STDEV(F$5:F$34)) -> -0.39485944 | S12: =STANDARDIZE(G12,AVERAGE(G$5:G$34),STDEV(G$5:G$34)) -> 0.76470495 | T12: =STANDARDIZE(H12,AVERAGE(H$5:H$34),STDEV(H$5:H$34)) -> 1.5425586 | U12: =STANDARDIZE(I12,AVERAGE(I$5:I$34),STDEV(I$5:I$34)) -> 0.72285719 | ... Y12: =STANDARDIZE(M12,AVERAGE(M$5:M$34),STDEV(M$5:M$34)) -> -0.32218493 | Z12: =AVERAGE(N12:P12) -> -0.52035161 | AA12: =AVERAGE(Q12:S12) -> 0.36907986 | AB12: =AVERAGE(T12:V12) -> 0.61779762 | AC12: =AVERAGE(W12:Y12) -> -0.95636578 | AD12: =STANDARDIZE(Z12,AVERAGE(Z$5:Z$34),STDEV(Z$5:Z$34)) -> -0.59136917 | AE12: =STANDARDIZE(AA12,AVERAGE(AA$5:AA$34),STDEV(AA$5:AA$34)) -> 0.40339509 | AF12: =STANDARDIZE(AB12,AVERAGE(AB$5:AB$34),STDEV(AB$5:AB$34)) -> 0.68950971 | AG12: =STANDARDIZE(AC12,AVERAGE(AC$5:AC$34),STDEV(AC$5:AC$34)) -> -1.0527466
A13: =原始資料!A13 -> R09 | B13: =原始資料!B13 -> 4 | C13: =原始資料!C13 -> 4 | D13: =原始資料!D13 -> 3 | E13: =原始資料!E13 -> 4 | F13: =原始資料!F13 -> 4 | G13: =原始資料!G13 -> 4 | H13: =原始資料!H13 -> 4 | ... M13: =原始資料!M13 -> 3 | N13: =STANDARDIZE(B13,AVERAGE(B$5:B$34),STDEV(B$5:B$34)) -> 0.51877624 | O13: =STANDARDIZE(C13,AVERAGE(C$5:C$34),STDEV(C$5:C$34)) -> 0.60589165 | P13: =STANDARDIZE(D13,AVERAGE(D$5:D$34),STDEV(D$5:D$34)) -> -0.50483878 | Q13: =STANDARDIZE(E13,AVERAGE(E$5:E$34),STDEV(E$5:E$34)) -> 0.73739406 | R13: =STANDARDIZE(F13,AVERAGE(F$5:F$34),STDEV(F$5:F$34)) -> 0.78971888 | S13: =STANDARDIZE(G13,AVERAGE(G$5:G$34),STDEV(G$5:G$34)) -> 0.76470495 | T13: =STANDARDIZE(H13,AVERAGE(H$5:H$34),STDEV(H$5:H$34)) -> 0.57845949 | U13: =STANDARDIZE(I13,AVERAGE(I$5:I$34),STDEV(I$5:I$34)) -> 0.72285719 | ... Y13: =STANDARDIZE(M13,AVERAGE(M$5:M$34),STDEV(M$5:M$34)) -> -0.32218493 | Z13: =AVERAGE(N13:P13) -> 0.2066097 | AA13: =AVERAGE(Q13:S13) -> 0.7639393 | AB13: =AVERAGE(T13:V13) -> 0.67099758 | AC13: =AVERAGE(W13:Y13) -> 0.45828053 | AD13: =STANDARDIZE(Z13,AVERAGE(Z$5:Z$34),STDEV(Z$5:Z$34)) -> 0.23480778 | AE13: =STANDARDIZE(AA13,AVERAGE(AA$5:AA$34),STDEV(AA$5:AA$34)) -> 0.83496662 | AF13: =STANDARDIZE(AB13,AVERAGE(AB$5:AB$34),STDEV(AB$5:AB$34)) -> 0.74888497 | AG13: =STANDARDIZE(AC13,AVERAGE(AC$5:AC$34),STDEV(AC$5:AC$34)) -> 0.50446523
A14: =原始資料!A14 -> R10 | B14: =原始資料!B14 -> 3 | C14: =原始資料!C14 -> 2 | D14: =原始資料!D14 -> 2 | E14: =原始資料!E14 -> 3 | F14: =原始資料!F14 -> 4 | G14: =原始資料!G14 -> 3 | H14: =原始資料!H14 -> 3 | ... M14: =原始資料!M14 -> 3 | N14: =STANDARDIZE(B14,AVERAGE(B$5:B$34),STDEV(B$5:B$34)) -> -0.59288713 | O14: =STANDARDIZE(C14,AVERAGE(C$5:C$34),STDEV(C$5:C$34)) -> -1.5325495 | P14: =STANDARDIZE(D14,AVERAGE(D$5:D$34),STDEV(D$5:D$34)) -> -1.6698514 | Q14: =STANDARDIZE(E14,AVERAGE(E$5:E$34),STDEV(E$5:E$34)) -> -0.49159604 | R14: =STANDARDIZE(F14,AVERAGE(F$5:F$34),STDEV(F$5:F$34)) -> 0.78971888 | S14: =STANDARDIZE(G14,AVERAGE(G$5:G$34),STDEV(G$5:G$34)) -> -0.32773069 | T14: =STANDARDIZE(H14,AVERAGE(H$5:H$34),STDEV(H$5:H$34)) -> -0.38563966 | U14: =STANDARDIZE(I14,AVERAGE(I$5:I$34),STDEV(I$5:I$34)) -> 0.72285719 | ... Y14: =STANDARDIZE(M14,AVERAGE(M$5:M$34),STDEV(M$5:M$34)) -> -0.32218493 | Z14: =AVERAGE(N14:P14) -> -1.265096 | AA14: =AVERAGE(Q14:S14) -> -0.0098692836 | AB14: =AVERAGE(T14:V14) -> 0.3496312 | AC14: =AVERAGE(W14:Y14) -> -0.24904263 | AD14: =STANDARDIZE(Z14,AVERAGE(Z$5:Z$34),STDEV(Z$5:Z$34)) -> -1.4377562 | AE14: =STANDARDIZE(AA14,AVERAGE(AA$5:AA$34),STDEV(AA$5:AA$34)) -> -0.010786881 | AF14: =STANDARDIZE(AB14,AVERAGE(AB$5:AB$34),STDEV(AB$5:AB$34)) -> 0.39021534 | AG14: =STANDARDIZE(AC14,AVERAGE(AC$5:AC$34),STDEV(AC$5:AC$34)) -> -0.2741407
A15: =原始資料!A15 -> R11 | B15: =原始資料!B15 -> 5 | C15: =原始資料!C15 -> 5 | D15: =原始資料!D15 -> 4 | E15: =原始資料!E15 -> 3 | F15: =原始資料!F15 -> 3 | G15: =原始資料!G15 -> 3 | H15: =原始資料!H15 -> 5 | ... M15: =原始資料!M15 -> 4 | N15: =STANDARDIZE(B15,AVERAGE(B$5:B$34),STDEV(B$5:B$34)) -> 1.6304396 | O15: =STANDARDIZE(C15,AVERAGE(C$5:C$34),STDEV(C$5:C$34)) -> 1.6751122 | P15: =STANDARDIZE(D15,AVERAGE(D$5:D$34),STDEV(D$5:D$34)) -> 0.66017379 | Q15: =STANDARDIZE(E15,AVERAGE(E$5:E$34),STDEV(E$5:E$34)) -> -0.49159604 | R15: =STANDARDIZE(F15,AVERAGE(F$5:F$34),STDEV(F$5:F$34)) -> -0.39485944 | S15: =STANDARDIZE(G15,AVERAGE(G$5:G$34),STDEV(G$5:G$34)) -> -0.32773069 | T15: =STANDARDIZE(H15,AVERAGE(H$5:H$34),STDEV(H$5:H$34)) -> 1.5425586 | U15: =STANDARDIZE(I15,AVERAGE(I$5:I$34),STDEV(I$5:I$34)) -> 0.72285719 | ... Y15: =STANDARDIZE(M15,AVERAGE(M$5:M$34),STDEV(M$5:M$34)) -> 0.88600857 | Z15: =AVERAGE(N15:P15) -> 1.3219085 | AA15: =AVERAGE(Q15:S15) -> -0.40472872 | AB15: =AVERAGE(T15:V15) -> 1.3669303 | AC15: =AVERAGE(W15:Y15) -> 0.86101169 | AD15: =STANDARDIZE(Z15,AVERAGE(Z$5:Z$34),STDEV(Z$5:Z$34)) -> 1.5023225 | AE15: =STANDARDIZE(AA15,AVERAGE(AA$5:AA$34),STDEV(AA$5:AA$34)) -> -0.44235841 | AF15: =STANDARDIZE(AB15,AVERAGE(AB$5:AB$34),STDEV(AB$5:AB$34)) -> 1.5255995 | AG15: =STANDARDIZE(AC15,AVERAGE(AC$5:AC$34),STDEV(AC$5:AC$34)) -> 0.94778293
A16: =原始資料!A16 -> R12 | B16: =原始資料!B16 -> 2 | C16: =原始資料!C16 -> 3 | D16: =原始資料!D16 -> 2 | E16: =原始資料!E16 -> 3 | F16: =原始資料!F16 -> 3 | G16: =原始資料!G16 -> 3 | H16: =原始資料!H16 -> 4 | ... M16: =原始資料!M16 -> 4 | N16: =STANDARDIZE(B16,AVERAGE(B$5:B$34),STDEV(B$5:B$34)) -> -1.7045505 | O16: =STANDARDIZE(C16,AVERAGE(C$5:C$34),STDEV(C$5:C$34)) -> -0.46332891 | P16: =STANDARDIZE(D16,AVERAGE(D$5:D$34),STDEV(D$5:D$34)) -> -1.6698514 | Q16: =STANDARDIZE(E16,AVERAGE(E$5:E$34),STDEV(E$5:E$34)) -> -0.49159604 | R16: =STANDARDIZE(F16,AVERAGE(F$5:F$34),STDEV(F$5:F$34)) -> -0.39485944 | S16: =STANDARDIZE(G16,AVERAGE(G$5:G$34),STDEV(G$5:G$34)) -> -0.32773069 | T16: =STANDARDIZE(H16,AVERAGE(H$5:H$34),STDEV(H$5:H$34)) -> 0.57845949 | U16: =STANDARDIZE(I16,AVERAGE(I$5:I$34),STDEV(I$5:I$34)) -> -0.3614286 | ... Y16: =STANDARDIZE(M16,AVERAGE(M$5:M$34),STDEV(M$5:M$34)) -> 0.88600857 | Z16: =AVERAGE(N16:P16) -> -1.2792436 | AA16: =AVERAGE(Q16:S16) -> -0.40472872 | AB16: =AVERAGE(T16:V16) -> -0.064997364 | AC16: =AVERAGE(W16:Y16) -> 0.86101169 | AD16: =STANDARDIZE(Z16,AVERAGE(Z$5:Z$34),STDEV(Z$5:Z$34)) -> -1.4538347 | AE16: =STANDARDIZE(AA16,AVERAGE(AA$5:AA$34),STDEV(AA$5:AA$34)) -> -0.44235841 | AF16: =STANDARDIZE(AB16,AVERAGE(AB$5:AB$34),STDEV(AB$5:AB$34)) -> -0.072542062 | AG16: =STANDARDIZE(AC16,AVERAGE(AC$5:AC$34),STDEV(AC$5:AC$34)) -> 0.94778293
... A34: =原始資料!A34 -> R30 | B34: =原始資料!B34 -> 4 | C34: =原始資料!C34 -> 4 | D34: =原始資料!D34 -> 4 | E34: =原始資料!E34 -> 3 | F34: =原始資料!F34 -> 4 | G34: =原始資料!G34 -> 3 | H34: =原始資料!H34 -> 4 | ... M34: =原始資料!M34 -> 3 | N34: =STANDARDIZE(B34,AVERAGE(B$5:B$34),STDEV(B$5:B$34)) -> 0.51877624 | O34: =STANDARDIZE(C34,AVERAGE(C$5:C$34),STDEV(C$5:C$34)) -> 0.60589165 | P34: =STANDARDIZE(D34,AVERAGE(D$5:D$34),STDEV(D$5:D$34)) -> 0.66017379 | Q34: =STANDARDIZE(E34,AVERAGE(E$5:E$34),STDEV(E$5:E$34)) -> -0.49159604 | R34: =STANDARDIZE(F34,AVERAGE(F$5:F$34),STDEV(F$5:F$34)) -> 0.78971888 | S34: =STANDARDIZE(G34,AVERAGE(G$5:G$34),STDEV(G$5:G$34)) -> -0.32773069 | T34: =STANDARDIZE(H34,AVERAGE(H$5:H$34),STDEV(H$5:H$34)) -> 0.57845949 | U34: =STANDARDIZE(I34,AVERAGE(I$5:I$34),STDEV(I$5:I$34)) -> 0.72285719 | ... Y34: =STANDARDIZE(M34,AVERAGE(M$5:M$34),STDEV(M$5:M$34)) -> -0.32218493 | Z34: =AVERAGE(N34:P34) -> 0.59494723 | AA34: =AVERAGE(Q34:S34) -> -0.0098692836 | AB34: =AVERAGE(T34:V34) -> 0.67099758 | AC34: =AVERAGE(W34:Y34) -> 0.45828053 | AD34: =STANDARDIZE(Z34,AVERAGE(Z$5:Z$34),STDEV(Z$5:Z$34)) -> 0.67614559 | AE34: =STANDARDIZE(AA34,AVERAGE(AA$5:AA$34),STDEV(AA$5:AA$34)) -> -0.010786881 | AF34: =STANDARDIZE(AB34,AVERAGE(AB$5:AB$34),STDEV(AB$5:AB$34)) -> 0.74888497 | AG34: =STANDARDIZE(AC34,AVERAGE(AC$5:AC$34),STDEV(AC$5:AC$34)) -> 0.50446523
A37: 0-1 外部負荷量 λ
A38: 題項 | B38: ENG1 | C38: ENG2 | D38: ENG3 | E38: TQ1 | F38: TQ2 | G38: TQ3 | H38: SAT1 | I38: SAT2 | J38: SAT3 | K38: INT1 | L38: INT2 | M38: INT3
A39: λ | B39: =CORREL(B$5:B$34,AD$5:AD$34) -> 0.88040547 | C39: =CORREL(C$5:C$34,AD$5:AD$34) -> 0.90939103 | D39: =CORREL(D$5:D$34,AD$5:AD$34) -> 0.84993331 | E39: =CORREL(E$5:E$34,AE$5:AE$34) -> 0.91386287 | F39: =CORREL(F$5:F$34,AE$5:AE$34) -> 0.89675434 | G39: =CORREL(G$5:G$34,AE$5:AE$34) -> 0.9341846 | H39: =CORREL(H$5:H$34,AF$5:AF$34) -> 0.87142406 | I39: =CORREL(I$5:I$34,AF$5:AF$34) -> 0.91337887 | J39: =CORREL(J$5:J$34,AF$5:AF$34) -> 0.90318367 | K39: =CORREL(K$5:K$34,AG$5:AG$34) -> 0.91098959 | L39: =CORREL(L$5:L$34,AG$5:AG$34) -> 0.93185524 | M39: =CORREL(M$5:M$34,AG$5:AG$34) -> 0.88249977
A40: λ² | B40: =B39^2 -> 0.77511379 | C40: =C39^2 -> 0.82699205 | D40: =D39^2 -> 0.72238663 | E40: =E39^2 -> 0.83514535 | F40: =F39^2 -> 0.80416835 | G40: =G39^2 -> 0.87270087 | H40: =H39^2 -> 0.7593799 | I40: =I39^2 -> 0.83426096 | ... M40: =M39^2 -> 0.77880584
A42: 0-2 各構念 AVE 與 CR
A43: 構念 | B43: Σλ | C43: Σλ² | D43: Σ(1−λ²) | E43: AVE | F43: CR
A44: ENG（學習投入） | B44: =SUM(B39:D39) -> 2.6397298 | C44: =SUM(B40:D40) -> 2.3244925 | D44: =3-C44 -> 0.67550753 | E44: =C44/3 -> 0.77483082 | F44: =B44^2/(B44^2+D44) -> 0.91162536
A45: TQ（教學品質） | B45: =SUM(E39:G39) -> 2.7448018 | C45: =SUM(E40:G40) -> 2.5120146 | D45: =3-C45 -> 0.48798543 | E45: =C45/3 -> 0.83733819 | F45: =B45^2/(B45^2+D45) -> 0.93916852
A46: SAT（學習滿意度） | B46: =SUM(H39:J39) -> 2.6879866 | C46: =SUM(H40:J40) -> 2.4093816 | D46: =3-C46 -> 0.59061841 | E46: =C46/3 -> 0.8031272 | F46: =B46^2/(B46^2+D46) -> 0.92443364
A47: INT（持續學習意願） | B47: =SUM(K39:M39) -> 2.7253446 | C47: =SUM(K40:M40) -> 2.4770621 | D47: =3-C47 -> 0.52293795 | E47: =C47/3 -> 0.82568735 | F47: =B47^2/(B47^2+D47) -> 0.93422529

Sheet 2_路徑與R2
A1: 步驟 1–3：共線性 VIF、路徑係數 β、R²
A2: 結構模型：ENG → SAT、TQ → SAT、TQ → INT、SAT → INT。β 以 LINEST 對標準化構念分數做 OLS 迴歸取得。
A4: 步驟 1｜共線性檢查（VIF）
A5: 內生構念 | B5: 預測變數 | C5: 預測變數間 r | D5: VIF = 1/(1−r²) | E5: 判斷（< 3 理想；< 5 可接受）
A6: SAT | B6: ENG、TQ | C6: =CORREL(1_構念分數!AD$5:AD$34,1_構念分數!AE$5:AE$34) -> 0.48863292 | D6: =1/(1-C6^2) -> 1.3136498 | E6: =IF(D6<3,"理想",IF(D6<5,"可接受","共線性過高")) -> 理想
A7: INT | B7: TQ、SAT | C7: =CORREL(1_構念分數!AE$5:AE$34,1_構念分數!AF$5:AF$34) -> 0.65346949 | D7: =1/(1-C7^2) -> 1.7452688 | E7: =IF(D7<3,"理想",IF(D7<5,"可接受","共線性過高")) -> 理想
A9: 步驟 2｜路徑係數 β 與 OLS 顯著性（正式顯著性請見 5_Bootstrap）
A10: 路徑 | B10: β | C10: SE（OLS） | D10: t | E10: df | F10: p | G10: 判斷（α=.05）
A11: ENG → SAT | B11: =INDEX(LINEST(1_構念分數!AF$5:AF$34,1_構念分數!AD$5:AE$34,TRUE(),TRUE()),1,2) -> 0.33502103 | C11: =INDEX(LINEST(1_構念分數!AF$5:AF$34,1_構念分數!AD$5:AE$34,TRUE(),TRUE()),2,2) -> 0.15401453 | D11: =B11/C11 -> 2.175256 | E11: =INDEX(LINEST(1_構念分數!AF$5:AF$34,1_構念分數!AD$5:AE$34,TRUE(),TRUE()),4,2) -> 27 | F11: =TDIST(ABS(D11),E11,2) -> 0.038538847 | G11: =IF(F11<0.05,"顯著","不顯著") -> 顯著
A12: TQ → SAT | B12: =INDEX(LINEST(1_構念分數!AF$5:AF$34,1_構念分數!AD$5:AE$34,TRUE(),TRUE()),1,1) -> 0.48976718 | C12: =INDEX(LINEST(1_構念分數!AF$5:AF$34,1_構念分數!AD$5:AE$34,TRUE(),TRUE()),2,1) -> 0.15401453 | D12: =B12/C12 -> 3.1800062 | E12: =INDEX(LINEST(1_構念分數!AF$5:AF$34,1_構念分數!AD$5:AE$34,TRUE(),TRUE()),4,2) -> 27 | F12: =TDIST(ABS(D12),E12,2) -> 0.0036791237 | G12: =IF(F12<0.05,"顯著","不顯著") -> 顯著
A13: TQ → INT | B13: =INDEX(LINEST(1_構念分數!AG$5:AG$34,1_構念分數!AE$5:AF$34,TRUE(),TRUE()),1,2) -> 0.15538053 | C13: =INDEX(LINEST(1_構念分數!AG$5:AG$34,1_構念分數!AE$5:AF$34,TRUE(),TRUE()),2,2) -> 0.1937474 | D13: =B13/C13 -> 0.80197479 | E13: =INDEX(LINEST(1_構念分數!AG$5:AG$34,1_構念分數!AE$5:AF$34,TRUE(),TRUE()),4,2) -> 27 | F13: =TDIST(ABS(D13),E13,2) -> 0.42956992 | G13: =IF(F13<0.05,"顯著","不顯著") -> 不顯著
A14: SAT → INT | B14: =INDEX(LINEST(1_構念分數!AG$5:AG$34,1_構念分數!AE$5:AF$34,TRUE(),TRUE()),1,1) -> 0.53520369 | C14: =INDEX(LINEST(1_構念分數!AG$5:AG$34,1_構念分數!AE$5:AF$34,TRUE(),TRUE()),2,1) -> 0.1937474 | D14: =B14/C14 -> 2.7623788 | E14: =INDEX(LINEST(1_構念分數!AG$5:AG$34,1_構念分數!AE$5:AF$34,TRUE(),TRUE()),4,2) -> 27 | F14: =TDIST(ABS(D14),E14,2) -> 0.010199445 | G14: =IF(F14<0.05,"顯著","不顯著") -> 顯著
A16: 步驟 3｜判定係數 R²
A17: 內生構念 | B17: R² | C17: 調整後 R² | D17: n | E17: 預測變數數 k | F17: 解釋力（Hair et al., 2019）
A18: SAT（學習滿意度） | B18: =INDEX(LINEST(1_構念分數!AF$5:AF$34,1_構念分數!AD$5:AE$34,TRUE(),TRUE()),3,1) -> 0.51246302 | C18: =1-(1-B18)*(D18-1)/(D18-E18-1) -> 0.47634917 | D18: =COUNT(1_構念分數!AF$5:AF$34) -> 30 | E18: 2 | F18: =IF(B18>=0.75,"高度",IF(B18>=0.5,"中度",IF(B18>=0.25,"低度","極低"))) -> 中度
A19: INT（持續學習意願） | B19: =INDEX(LINEST(1_構念分數!AG$5:AG$34,1_構念分數!AE$5:AF$34,TRUE(),TRUE()),3,1) -> 0.41927145 | C19: =1-(1-B19)*(D19-1)/(D19-E19-1) -> 0.37625452 | D19: =COUNT(1_構念分數!AG$5:AG$34) -> 30 | E19: 2 | F19: =IF(B19>=0.75,"高度",IF(B19>=0.5,"中度",IF(B19>=0.25,"低度","極低"))) -> 低度

Sheet 3_f2
A1: 步驟 4：效果量 f²
A2: f² = (R²_included − R²_excluded) / (1 − R²_included)；R²_excluded = 移除該外生構念後，以剩下的預測變數重新估計之 R²（本例只剩一個預測變數，故用 RSQ）。
A4: 路徑 | B4: 內生構念 | C4: R² included | D4: 移除後保留之預測變數 | E4: R² excluded | F4: ΔR² | G4: f² | H4: 效果大小
A5: ENG → SAT | B5: SAT | C5: =2_路徑與R2!B18 -> 0.51246302 | D5: TQ | E5: =RSQ(1_構念分數!AF$5:AF$34,1_構念分數!AE$5:AE$34) -> 0.42702237 | F5: =C5-E5 -> 0.085440649 | G5: =F5/(1-C5) -> 0.17524957 | H5: =IF(G5>=0.35,"大",IF(G5>=0.15,"中",IF(G5>=0.02,"小","無"))) -> 中
A6: TQ → SAT | B6: SAT | C6: =2_路徑與R2!B18 -> 0.51246302 | D6: ENG | E6: =RSQ(1_構念分數!AF$5:AF$34,1_構念分數!AD$5:AD$34) -> 0.32986345 | F6: =C6-E6 -> 0.18259957 | G6: =F6/(1-C6) -> 0.3745348 | H6: =IF(G6>=0.35,"大",IF(G6>=0.15,"中",IF(G6>=0.02,"小","無"))) -> 大
A7: TQ → INT | B7: INT | C7: =2_路徑與R2!B19 -> 0.41927145 | D7: SAT | E7: =RSQ(1_構念分數!AG$5:AG$34,1_構念分數!AF$5:AF$34) -> 0.40543798 | F7: =C7-E7 -> 0.013833461 | G7: =F7/(1-C7) -> 0.023820873 | H7: =IF(G7>=0.35,"大",IF(G7>=0.15,"中",IF(G7>=0.02,"小","無"))) -> 小
A8: SAT → INT | B8: INT | C8: =2_路徑與R2!B19 -> 0.41927145 | D8: TQ | E8: =RSQ(1_構念分數!AG$5:AG$34,1_構念分數!AE$5:AE$34) -> 0.25514602 | F8: =C8-E8 -> 0.16412543 | G8: =F8/(1-C8) -> 0.28261987 | H8: =IF(G8>=0.35,"大",IF(G8>=0.15,"中",IF(G8>=0.02,"小","無"))) -> 中

Sheet 4_Q2
A1: 步驟 5：預測相關性 Q²（留一交叉驗證 PRESS 法）
A2: 每次留下一位受試者不參與估計，用其餘 29 人的模型去預測他；Q² = 1 − PRESS / SSO。利用 hat 值 h，留一殘差 = e / (1 − h)，不必真的重跑 30 次迴歸。
A4: 內生構念：SAT（預測變數 ENG、TQ） | O4: 內生構念：INT（預測變數 TQ、SAT）
A5: 受試者 | B5: y=SAT | C5: x1=ENG | D5: x2=TQ | E5: dx1=x1−x̄1 | F5: dx2=x2−x̄2 | G5: h（hat 值） | H5: ŷ | I5: e = y − ŷ | J5: e₍₋ᵢ₎ = e/(1−h) | K5: e₍₋ᵢ₎² | L5: (y − ȳ)² | O5: 受試者 | P5: y=INT | Q5: x1=TQ | R5: x2=SAT | S5: dx1=x1−x̄1 | T5: dx2=x2−x̄2 | U5: h（hat 值） | V5: ŷ | W5: e = y − ŷ | X5: e₍₋ᵢ₎ = e/(1−h) | Y5: e₍₋ᵢ₎² | Z5: (y − ȳ)²
A6: =1_構念分數!A5 -> R01 | B6: =1_構念分數!AF5 -> 0.34550282 | C6: =1_構念分數!AD5 -> 0.67614559 | D6: =1_構念分數!AE5 -> 0.43696497 | E6: =C6-$B$39 -> 0.67614559 | F6: =D6-$B$40 -> 0.43696497 | G6: =1/$B$38+($B$42*E6^2-2*$B$43*E6*F6+$B$41*F6^2)/$B$44 -> 0.049612452 | H6: =$B$45+$B$46*C6+$B$47*D6 -> 0.4405341 | I6: =B6-H6 -> -0.095031273 | J6: =I6/(1-G6) -> -0.099992128 | K6: =J6^2 -> 0.0099984256 | L6: =(B6-AVERAGE(B$6:B$35))^2 -> 0.1193722 | O6: =1_構念分數!A5 -> R01 | P6: =1_構念分數!AG5 -> -0.2741407 | Q6: =1_構念分數!AE5 -> 0.43696497 | R6: =1_構念分數!AF5 -> 0.34550282 | S6: =Q6-$P$39 -> 0.43696497 | T6: =R6-$P$40 -> 0.34550282 | U6: =1/$P$38+($P$42*S6^2-2*$P$43*S6*T6+$P$41*T6^2)/$P$44 -> 0.040133778 | V6: =$P$45+$P$46*Q6+$P$47*R6 -> 0.25281023 | W6: =P6-V6 -> -0.52695094 | X6: =W6/(1-U6) -> -0.54898373 | Y6: =X6^2 -> 0.30138313 | Z6: =(P6-AVERAGE(P$6:P$35))^2 -> 0.075153125
A7: =1_構念分數!A6 -> R02 | B7: =1_構念分數!AF6 -> -0.43121169 | C7: =1_構念分數!AD6 -> 0.29130645 | D7: =1_構念分數!AE6 -> 0.83496662 | E7: =C7-$B$39 -> 0.29130645 | F7: =D7-$B$40 -> 0.83496662 | G7: =1/$B$38+($B$42*E7^2-2*$B$43*E7*F7+$B$41*F7^2)/$B$44 -> 0.057990414 | H7: =$B$45+$B$46*C7+$B$47*D7 -> 0.50653304 | I7: =B7-H7 -> -0.93774473 | J7: =I7/(1-G7) -> -0.99547259 | K7: =J7^2 -> 0.99096568 | L7: =(B7-AVERAGE(B$6:B$35))^2 -> 0.18594352 | O7: =1_構念分數!A6 -> R02 | P7: =1_構念分數!AG6 -> -0.2741407 | Q7: =1_構念分數!AE6 -> 0.83496662 | R7: =1_構念分數!AF6 -> -0.43121169 | S7: =Q7-$P$39 -> 0.83496662 | T7: =R7-$P$40 -> -0.43121169 | U7: =1/$P$38+($P$42*S7^2-2*$P$43*S7*T7+$P$41*T7^2)/$P$44 -> 0.11479964 | V7: =$P$45+$P$46*Q7+$P$47*R7 -> -0.10104853 | W7: =P7-V7 -> -0.17309217 | X7: =W7/(1-U7) -> -0.1955401 | Y7: =X7^2 -> 0.038235931 | Z7: =(P7-AVERAGE(P$6:P$35))^2 -> 0.075153125
A8: =1_構念分數!A7 -> R03 | B8: =1_構念分數!AF7 -> 0.34550282 | C8: =1_構念分數!AD7 -> -0.18631993 | D8: =1_構念分數!AE7 -> -1.7196834 | E8: =C8-$B$39 -> -0.18631993 | F8: =D8-$B$40 -> -1.7196834 | G8: =1/$B$38+($B$42*E8^2-2*$B$43*E8*F8+$B$41*F8^2)/$B$44 -> 0.15468284 | H8: =$B$45+$B$46*C8+$B$47*D8 -> -0.90466561 | I8: =B8-H8 -> 1.2501684 | J8: =I8/(1-G8) -> 1.4789342 | K8: =J8^2 -> 2.1872463 | L8: =(B8-AVERAGE(B$6:B$35))^2 -> 0.1193722 | O8: =1_構念分數!A7 -> R03 | P8: =1_構念分數!AG7 -> 0.1181842 | Q8: =1_構念分數!AE7 -> -1.7196834 | R8: =1_構念分數!AF7 -> 0.34550282 | S8: =Q8-$P$39 -> -1.7196834 | T8: =R8-$P$40 -> 0.34550282 | U8: =1/$P$38+($P$42*S8^2-2*$P$43*S8*T8+$P$41*T8^2)/$P$44 -> 0.2652259 | V8: =$P$45+$P$46*Q8+$P$47*R8 -> -0.082290934 | W8: =P8-V8 -> 0.20047513 | X8: =W8/(1-U8) -> 0.27283914 | Y8: =X8^2 -> 0.074441196 | Z8: =(P8-AVERAGE(P$6:P$35))^2 -> 0.013967505
A9: =1_構念分數!A8 -> R04 | B9: =1_構念分數!AF8 -> 0.74888497 | C9: =1_構念分數!AD8 -> -0.15003136 | D9: =1_構念分數!AE8 -> 0.38721477 | E9: =C9-$B$39 -> -0.15003136 | F9: =D9-$B$40 -> 0.38721477 | G9: =1/$B$38+($B$42*E9^2-2*$B$43*E9*F9+$B$41*F9^2)/$B$44 -> 0.043716526 | H9: =$B$45+$B$46*C9+$B$47*D9 -> 0.13938142 | I9: =B9-H9 -> 0.60950354 | J9: =I9/(1-G9) -> 0.63736701 | K9: =J9^2 -> 0.40623671 | L9: =(B9-AVERAGE(B$6:B$35))^2 -> 0.56082869 | O9: =1_構念分數!A8 -> R04 | P9: =1_構念分數!AG8 -> 0.169177 | Q9: =1_構念分數!AE8 -> 0.38721477 | R9: =1_構念分數!AF8 -> 0.74888497 | S9: =Q9-$P$39 -> 0.38721477 | T9: =R9-$P$40 -> 0.74888497 | U9: =1/$P$38+($P$42*S9^2-2*$P$43*S9*T9+$P$41*T9^2)/$P$44 -> 0.053300334 | V9: =$P$45+$P$46*Q9+$P$47*R9 -> 0.46097163 | W9: =P9-V9 -> -0.29179463 | X9: =W9/(1-U9) -> -0.30822302 | Y9: =X9^2 -> 0.095001431 | Z9: =(P9-AVERAGE(P$6:P$35))^2 -> 0.028620858
A10: =1_構念分數!A9 -> R05 | B10: =1_構念分數!AF9 -> -0.43121169 | C10: =1_構念分數!AD9 -> -1.0124969 | D10: =1_構念分數!AE9 -> 0.83496662 | E10: =C10-$B$39 -> -1.0124969 | F10: =D10-$B$40 -> 0.83496662 | G10: =1/$B$38+($B$42*E10^2-2*$B$43*E10*F10+$B$41*F10^2)/$B$44 -> 0.14877601 | H10: =$B$45+$B$46*C10+$B$47*D10 -> 0.069731496 | I10: =B10-H10 -> -0.50094319 | J10: =I10/(1-G10) -> -0.5884975 | K10: =J10^2 -> 0.3463293 | L10: =(B10-AVERAGE(B$6:B$35))^2 -> 0.18594352 | O10: =1_構念分數!A9 -> R05 | P10: =1_構念分數!AG9 -> -1.0527466 | Q10: =1_構念分數!AE9 -> 0.83496662 | R10: =1_構念分數!AF9 -> -0.43121169 | S10: =Q10-$P$39 -> 0.83496662 | T10: =R10-$P$40 -> -0.43121169 | U10: =1/$P$38+($P$42*S10^2-2*$P$43*S10*T10+$P$41*T10^2)/$P$44 -> 0.11479964 | V10: =$P$45+$P$46*Q10+$P$47*R10 -> -0.10104853 | W10: =P10-V10 -> -0.9516981 | X10: =W10/(1-U10) -> -1.0751217 | Y10: =X10^2 -> 1.1558866 | Z10: =(P10-AVERAGE(P$6:P$35))^2 -> 1.1082755
A11: =1_構念分數!A10 -> R06 | B11: =1_構念分數!AF10 -> -0.78988132 | C11: =1_構念分數!AD10 -> -1.4175461 | D11: =1_構念分數!AE10 -> -0.44235841 | E11: =C11-$B$39 -> -1.4175461 | F11: =D11-$B$40 -> -0.44235841 | G11: =1/$B$38+($B$42*E11^2-2*$B$43*E11*F11+$B$41*F11^2)/$B$44 -> 0.10546223 | H11: =$B$45+$B$46*C11+$B$47*D11 -> -0.6915604 | I11: =B11-H11 -> -0.09832092 | J11: =I11/(1-G11) -> -0.10991254 | K11: =J11^2 -> 0.012080767 | L11: =(B11-AVERAGE(B$6:B$35))^2 -> 0.6239125 | O11: =1_構念分數!A10 -> R06 | P11: =1_構念分數!AG10 -> -0.71745841 | Q11: =1_構念分數!AE10 -> -0.44235841 | R11: =1_構念分數!AF10 -> -0.78988132 | S11: =Q11-$P$39 -> -0.44235841 | T11: =R11-$P$40 -> -0.78988132 | U11: =1/$P$38+($P$42*S11^2-2*$P$43*S11*T11+$P$41*T11^2)/$P$44 -> 0.055175377 | V11: =$P$45+$P$46*Q11+$P$47*R11 -> -0.49148128 | W11: =P11-V11 -> -0.22597713 | X11: =W11/(1-U11) -> -0.23917362 | Y11: =X11^2 -> 0.05720402 | Z11: =(P11-AVERAGE(P$6:P$35))^2 -> 0.51474656
A12: =1_構念分數!A11 -> R07 | B12: =1_構念分數!AF11 -> -1.2079262 | C12: =1_構念分數!AD11 -> 0.23480778 | D12: =1_構念分數!AE11 -> -0.89011027 | E12: =C12-$B$39 -> 0.23480778 | F12: =D12-$B$40 -> -0.89011027 | G12: =1/$B$38+($B$42*E12^2-2*$B$43*E12*F12+$B$41*F12^2)/$B$44 -> 0.08097281 | H12: =$B$45+$B$46*C12+$B$47*D12 -> -0.35728125 | I12: =B12-H12 -> -0.85064496 | J12: =I12/(1-G12) -> -0.92559281 | K12: =J12^2 -> 0.85672205 | L12: =(B12-AVERAGE(B$6:B$35))^2 -> 1.4590857 | O12: =1_構念分數!A11 -> R07 | P12: =1_構念分數!AG11 -> -0.6664656 | Q12: =1_構念分數!AE11 -> -0.89011027 | R12: =1_構念分數!AF11 -> -1.2079262 | S12: =Q12-$P$39 -> -0.89011027 | T12: =R12-$P$40 -> -1.2079262 | U12: =1/$P$38+($P$42*S12^2-2*$P$43*S12*T12+$P$41*T12^2)/$P$44 -> 0.084257722 | V12: =$P$45+$P$46*Q12+$P$47*R12 -> -0.78479237 | W12: =P12-V12 -> 0.11832676 | X12: =W12/(1-U12) -> 0.12921404 | Y12: =X12^2 -> 0.016696268 | Z12: =(P12-AVERAGE(P$6:P$35))^2 -> 0.4441764
A13: =1_構念分數!A12 -> R08 | B13: =1_構念分數!AF12 -> 0.68950971 | C13: =1_構念分數!AD12 -> -0.59136917 | D13: =1_構念分數!AE12 -> 0.40339509 | E13: =C13-$B$39 -> -0.59136917 | F13: =D13-$B$40 -> 0.40339509 | G13: =1/$B$38+($B$42*E13^2-2*$B$43*E13*F13+$B$41*F13^2)/$B$44 -> 0.067106688 | H13: =$B$45+$B$46*C13+$B$47*D13 -> -0.00055143515 | I13: =B13-H13 -> 0.69006114 | J13: =I13/(1-G13) -> 0.73969996 | K13: =J13^2 -> 0.54715603 | L13: =(B13-AVERAGE(B$6:B$35))^2 -> 0.47542364 | O13: =1_構念分數!A12 -> R08 | P13: =1_構念分數!AG12 -> -1.0527466 | Q13: =1_構念分數!AE12 -> 0.40339509 | R13: =1_構念分數!AF12 -> 0.68950971 | S13: =Q13-$P$39 -> 0.40339509 | T13: =R13-$P$40 -> 0.68950971 | U13: =1/$P$38+($P$42*S13^2-2*$P$43*S13*T13+$P$41*T13^2)/$P$44 -> 0.049861205 | V13: =$P$45+$P$46*Q13+$P$47*R13 -> 0.43170788 | W13: =P13-V13 -> -1.4844545 | X13: =W13/(1-U13) -> -1.5623554 | Y13: =X13^2 -> 2.4409545 | Z13: =(P13-AVERAGE(P$6:P$35))^2 -> 1.1082755
A14: =1_構念分數!A13 -> R09 | B14: =1_構念分數!AF13 -> 0.74888497 | C14: =1_構念分數!AD13 -> 0.23480778 | D14: =1_構念分數!AE13 -> 0.83496662 | E14: =C14-$B$39 -> 0.23480778 | F14: =D14-$B$40 -> 0.83496662 | G14: =1/$B$38+($B$42*E14^2-2*$B$43*E14*F14+$B$41*F14^2)/$B$44 -> 0.058732276 | H14: =$B$45+$B$46*C14+$B$47*D14 -> 0.48760479 | I14: =B14-H14 -> 0.26128017 | J14: =I14/(1-G14) -> 0.27758327 | K14: =J14^2 -> 0.077052472 | L14: =(B14-AVERAGE(B$6:B$35))^2 -> 0.56082869 | O14: =1_構念分數!A13 -> R09 | P14: =1_構念分數!AG13 -> 0.50446523 | Q14: =1_構念分數!AE13 -> 0.83496662 | R14: =1_構念分數!AF13 -> 0.74888497 | S14: =Q14-$P$39 -> 0.83496662 | T14: =R14-$P$40 -> 0.74888497 | U14: =1/$P$38+($P$42*S14^2-2*$P$43*S14*T14+$P$41*T14^2)/$P$44 -> 0.05986003 | V14: =$P$45+$P$46*Q14+$P$47*R14 -> 0.53054355 | W14: =P14-V14 -> -0.026078325 | X14: =W14/(1-U14) -> -0.027738769 | Y14: =X14^2 -> 0.0007694393 | Z14: =(P14-AVERAGE(P$6:P$35))^2 -> 0.25448516
A15: =1_構念分數!A14 -> R10 | B15: =1_構念分數!AF14 -> 0.39021534 | C15: =1_構念分數!AD14 -> -1.4377562 | D15: =1_構念分數!AE14 -> -0.010786881 | E15: =C15-$B$39 -> -1.4377562 | F15: =D15-$B$40 -> -0.010786881 | G15: =1/$B$38+($B$42*E15^2-2*$B$43*E15*F15+$B$41*F15^2)/$B$44 -> 0.12629005 | H15: =$B$45+$B$46*C15+$B$47*D15 -> -0.48696163 | I15: =B15-H15 -> 0.87717697 | J15: =I15/(1-G15) -> 1.0039682 | K15: =J15^2 -> 1.0079521 | L15: =(B15-AVERAGE(B$6:B$35))^2 -> 0.15226801 | O15: =1_構念分數!A14 -> R10 | P15: =1_構念分數!AG14 -> -0.2741407 | Q15: =1_構念分數!AE14 -> -0.010786881 | R15: =1_構念分數!AF14 -> 0.39021534 | S15: =Q15-$P$39 -> -0.010786881 | T15: =R15-$P$40 -> 0.39021534 | U15: =1/$P$38+($P$42*S15^2-2*$P$43*S15*T15+$P$41*T15^2)/$P$44 -> 0.042835151 | V15: =$P$45+$P$46*Q15+$P$47*R15 -> 0.20716862 | W15: =P15-V15 -> -0.48130932 | X15: =W15/(1-U15) -> -0.50284893 | Y15: =X15^2 -> 0.25285705 | Z15: =(P15-AVERAGE(P$6:P$35))^2 -> 0.075153125
A16: =1_構念分數!A15 -> R11 | B16: =1_構念分數!AF15 -> 1.5255995 | C16: =1_構念分數!AD15 -> 1.5023225 | D16: =1_構念分數!AE15 -> -0.44235841 | E16: =C16-$B$39 -> 1.5023225 | F16: =D16-$B$40 -> -0.44235841 | G16: =1/$B$38+($B$42*E16^2-2*$B$43*E16*F16+$B$41*F16^2)/$B$44 -> 0.17385358 | H16: =$B$45+$B$46*C16+$B$47*D16 -> 0.28665702 | I16: =B16-H16 -> 1.2389425 | J16: =I16/(1-G16) -> 1.4996645 | K16: =J16^2 -> 2.2489936 | L16: =(B16-AVERAGE(B$6:B$35))^2 -> 2.3274538 | O16: =1_構念分數!A15 -> R11 | P16: =1_構念分數!AG15 -> 0.94778293 | Q16: =1_構念分數!AE15 -> -0.44235841 | R16: =1_構念分數!AF15 -> 1.5255995 | S16: =Q16-$P$39 -> -0.44235841 | T16: =R16-$P$40 -> 1.5255995 | U16: =1/$P$38+($P$42*S16^2-2*$P$43*S16*T16+$P$41*T16^2)/$P$44 -> 0.23826026 | V16: =$P$45+$P$46*Q16+$P$47*R16 -> 0.74777259 | W16: =P16-V16 -> 0.20001034 | X16: =W16/(1-U16) -> 0.26257044 | Y16: =X16^2 -> 0.068943237 | Z16: =(P16-AVERAGE(P$6:P$35))^2 -> 0.89829248
A17: =1_構念分數!A16 -> R12 | B17: =1_構念分數!AF16 -> -0.072542062 | C17: =1_構念分數!AD16 -> -1.4538347 | D17: =1_構念分數!AE16 -> -0.44235841 | E17: =C17-$B$39 -> -1.4538347 | F17: =D17-$B$40 -> -0.44235841 | G17: =1/$B$38+($B$42*E17^2-2*$B$43*E17*F17+$B$41*F17^2)/$B$44 -> 0.10947162 | H17: =$B$45+$B$46*C17+$B$47*D17 -> -0.70371783 | I17: =B17-H17 -> 0.63117577 | J17: =I17/(1-G17) -> 0.70876547 | K17: =J17^2 -> 0.50234849 | L17: =(B17-AVERAGE(B$6:B$35))^2 -> 0.0052623508 | O17: =1_構念分數!A16 -> R12 | P17: =1_構念分數!AG16 -> 0.94778293 | Q17: =1_構念分數!AE16 -> -0.44235841 | R17: =1_構念分數!AF16 -> -0.072542062 | S17: =Q17-$P$39 -> -0.44235841 | T17: =R17-$P$40 -> -0.072542062 | U17: =1/$P$38+($P$42*S17^2-2*$P$43*S17*T17+$P$41*T17^2)/$P$44 -> 0.042902473 | V17: =$P$45+$P$46*Q17+$P$47*R17 -> -0.10755866 | W17: =P17-V17 -> 1.0553416 | X17: =W17/(1-U17) -> 1.1026479 | Y17: =X17^2 -> 1.2158324 | Z17: =(P17-AVERAGE(P$6:P$35))^2 -> 0.89829248
... A35: =1_構念分數!A34 -> R30 | B35: =1_構念分數!AF34 -> 0.74888497 | C35: =1_構念分數!AD34 -> 0.67614559 | D35: =1_構念分數!AE34 -> -0.010786881 | E35: =C35-$B$39 -> 0.67614559 | F35: =D35-$B$40 -> -0.010786881 | G35: =1/$B$38+($B$42*E35^2-2*$B$43*E35*F35+$B$41*F35^2)/$B$44 -> 0.054370616 | H35: =$B$45+$B$46*C35+$B$47*D35 -> 0.22123994 | I35: =B35-H35 -> 0.52764503 | J35: =I35/(1-G35) -> 0.55798291 | K35: =J35^2 -> 0.31134492 | L35: =(B35-AVERAGE(B$6:B$35))^2 -> 0.56082869 | O35: =1_構念分數!A34 -> R30 | P35: =1_構念分數!AG34 -> 0.50446523 | Q35: =1_構念分數!AE34 -> -0.010786881 | R35: =1_構念分數!AF34 -> 0.74888497 | S35: =Q35-$P$39 -> -0.010786881 | T35: =R35-$P$40 -> 0.74888497 | U35: =1/$P$38+($P$42*S35^2-2*$P$43*S35*T35+$P$41*T35^2)/$P$44 -> 0.067727327 | V35: =$P$45+$P$46*Q35+$P$47*R35 -> 0.39912993 | W35: =P35-V35 -> 0.1053353 | X35: =W35/(1-U35) -> 0.11298765 | Y35: =X35^2 -> 0.012766209 | Z35: =(P35-AVERAGE(P$6:P$35))^2 -> 0.25448516
A37: 參數計算 | O37: 參數計算
A38: n | B38: =COUNT(B6:B35) -> 30 | O38: n | P38: =COUNT(P6:P35) -> 30
A39: x̄1 | B39: =AVERAGE(C6:C35) -> 0 | O39: x̄1 | P39: =AVERAGE(Q6:Q35) -> 1.994932e-17
A40: x̄2 | B40: =AVERAGE(D6:D35) -> 1.994932e-17 | O40: x̄2 | P40: =AVERAGE(R6:R35) -> 0
A41: S11 = Σdx1² | B41: =SUMSQ(E6:E35) -> 29 | O41: S11 = Σdx1² | P41: =SUMSQ(S6:S35) -> 29
A42: S22 = Σdx2² | B42: =SUMSQ(F6:F35) -> 29 | O42: S22 = Σdx2² | P42: =SUMSQ(T6:T35) -> 29
A43: S12 = Σdx1·dx2 | B43: =SUMPRODUCT(E6:E35,F6:F35) -> 14.170355 | O43: S12 = Σdx1·dx2 | P43: =SUMPRODUCT(S6:S35,T6:T35) -> 18.950615
A44: det = S11·S22 − S12² | B44: =$B$41*$B$42-$B$43^2 -> 640.20105 | O44: det = S11·S22 − S12² | P44: =$P$41*$P$42-$P$43^2 -> 481.87419
A45: 截距 b0 | B45: =INDEX(LINEST(1_構念分數!AF$5:AF$34,1_構念分數!AD$5:AE$34,TRUE(),TRUE()),1,3) -> -9.7705222e-18 | O45: 截距 b0 | P45: =INDEX(LINEST(1_構念分數!AG$5:AG$34,1_構念分數!AE$5:AF$34,TRUE(),TRUE()),1,3) -> -3.0997359e-18
A46: b1（ENG） | B46: =INDEX(LINEST(1_構念分數!AF$5:AF$34,1_構念分數!AD$5:AE$34,TRUE(),TRUE()),1,2) -> 0.33502103 | O46: b1（TQ） | P46: =INDEX(LINEST(1_構念分數!AG$5:AG$34,1_構念分數!AE$5:AF$34,TRUE(),TRUE()),1,2) -> 0.15538053
A47: b2（TQ） | B47: =INDEX(LINEST(1_構念分數!AF$5:AF$34,1_構念分數!AD$5:AE$34,TRUE(),TRUE()),1,1) -> 0.48976718 | O47: b2（SAT） | P47: =INDEX(LINEST(1_構念分數!AG$5:AG$34,1_構念分數!AE$5:AF$34,TRUE(),TRUE()),1,1) -> 0.53520369
A48: PRESS = Σe₍₋ᵢ₎² | B48: =SUM(K6:K35) -> 17.50636 | O48: PRESS = Σe₍₋ᵢ₎² | P48: =SUM(Y6:Y35) -> 20.925255
A49: SSO = Σ(y − ȳ)² | B49: =SUM(L6:L35) -> 29 | O49: SSO = Σ(y − ȳ)² | P49: =SUM(Z6:Z35) -> 29
A50: Q² = 1 − PRESS/SSO | B50: =1-$B$48/$B$49 -> 0.3963324 | O50: Q² = 1 − PRESS/SSO | P50: =1-$P$48/$P$49 -> 0.2784395
A51: 判斷 | B51: =IF(B50>0,"具預測相關性","不具預測相關性") -> 具預測相關性 | O51: 判斷 | P51: =IF(P50>0,"具預測相關性","不具預測相關性") -> 具預測相關性
A52: 對照：R² | B52: =2_路徑與R2!B18 -> 0.51246302 | O52: 對照：R² | P52: =2_路徑與R2!B19 -> 0.41927145

Sheet Boot_抽樣次數
A1: Bootstrap 抽樣次數：500 次重抽，每次從 30 人中「抽出放回」抽 30 人；數字 = 該受試者在該次樣本中被抽到幾次（固定亂數種子 2026 產生，藍字輸入值）
A4: 受試者 | B4: 1 | C4: 2 | D4: 3 | E4: 4 | F4: 5 | G4: 6 | H4: 7 | I4: 8 | J4: 9 | K4: 10 | L4: 11 | M4: 12 | N4: 13 | O4: 14 | P4: 15 | Q4: 16 | R4: 17 | S4: 18 | T4: 19 | U4: 20 | V4: 21 | W4: 22 | X4: 23 | Y4: 24 | Z4: 25 | AA4: 26 | AB4: 27 | AC4: 28 | AD4: 29 | AE4: 30 | AF4: 31 | AG4: 32 | AH4: 33 | AI4: 34 | AJ4: 35 | AK4: 36 | AL4: 37 | AM4: 38 | AN4: 39 | AO4: 40 | AP4: 41 | AQ4: 42 | AR4: 43 | AS4: 44 | AT4: 45 | AU4: 46 | AV4: 47 | AW4: 48 | AX4: 49 | AY4: 50 | AZ4: 51 | BA4: 52 | BB4: 53 | BC4: 54 | BD4: 55 | BE4: 56 | BF4: 57 | BG4: 58 | BH4: 59 | BI4: 60 | BJ4: 61 | BK4: 62 | BL4: 63 | BM4: 64 | BN4: 65 | BO4: 66 | BP4: 67 | BQ4: 68 | BR4: 69 | BS4: 70 | BT4: 71 | BU4: 72 | BV4: 73 | BW4: 74 | BX4: 75 | BY4: 76 | BZ4: 77 | CA4: 78 | CB4: 79 | CC4: 80 | CD4: 81 | CE4: 82 | CF4: 83 | CG4: 84 | CH4: 85 | CI4: 86 | CJ4: 87 | CK4: 88 | CL4: 89 | CM4: 90 | CN4: 91 | CO4: 92 | CP4: 93 | CQ4: 94 | CR4: 95 | CS4: 96 | CT4: 97 | CU4: 98 | CV4: 99 | CW4: 100 | CX4: 101 | CY4: 102 | CZ4: 103 | DA4: 104 | DB4: 105 | DC4: 106 | DD4: 107 | DE4: 108 | DF4: 109 | DG4: 110 | DH4: 111 | DI4: 112 | DJ4: 113 | DK4: 114 | DL4: 115 | DM4: 116 | DN4: 117 | DO4: 118 | DP4: 119 | DQ4: 120 | DR4: 121 | DS4: 122 | DT4: 123 | DU4: 124 | DV4: 125 | DW4: 126 | DX4: 127 | DY4: 128 | DZ4: 129 | EA4: 130 | EB4: 131 | EC4: 132 | ED4: 133 | EE4: 134 | EF4: 135 | EG4: 136 | EH4: 137 | EI4: 138 | EJ4: 139 | EK4: 140 | EL4: 141 | EM4: 142 | EN4: 143 | EO4: 144 | EP4: 145 | EQ4: 146 | ER4: 147 | ES4: 148 | ET4: 149 | EU4: 150 | EV4: 151 | EW4: 152 | EX4: 153 | EY4: 154 | EZ4: 155 | FA4: 156 | FB4: 157 | FC4: 158 | FD4: 159 | FE4: 160 | FF4: 161 | FG4: 162 | FH4: 163 | FI4: 164 | FJ4: 165 | FK4: 166 | FL4: 167 | FM4: 168 | FN4: 169 | FO4: 170 | FP4: 171 | FQ4: 172 | FR4: 173 | FS4: 174 | FT4: 175 | FU4: 176 | FV4: 177 | FW4: 178 | FX4: 179 | FY4: 180 | FZ4: 181 | GA4: 182 | GB4: 183 | GC4: 184 | GD4: 185 | GE4: 186 | GF4: 187 | GG4: 188 | GH4: 189 | GI4: 190 | GJ4: 191 | GK4: 192 | GL4: 193 | GM4: 194 | GN4: 195 | GO4: 196 | GP4: 197 | GQ4: 198 | GR4: 199 | GS4: 200 | GT4: 201 | GU4: 202 | GV4: 203 | GW4: 204 | GX4: 205 | GY4: 206 | GZ4: 207 | HA4: 208 | HB4: 209 | HC4: 210 | HD4: 211 | HE4: 212 | HF4: 213 | HG4: 214 | HH4: 215 | HI4: 216 | HJ4: 217 | HK4: 218 | HL4: 219 | HM4: 220 | HN4: 221 | HO4: 222 | HP4: 223 | HQ4: 224 | HR4: 225 | HS4: 226 | HT4: 227 | HU4: 228 | HV4: 229 | HW4: 230 | HX4: 231 | HY4: 232 | HZ4: 233 | IA4: 234 | IB4: 235 | IC4: 236 | ID4: 237 | IE4: 238 | IF4: 239 | IG4: 240 | IH4: 241 | II4: 242 | IJ4: 243 | IK4: 244 | IL4: 245 | IM4: 246 | IN4: 247 | IO4: 248 | IP4: 249 | IQ4: 250 | IR4: 251 | IS4: 252 | IT4: 253 | IU4: 254 | IV4: 255 | IW4: 256 | IX4: 257 | IY4: 258 | IZ4: 259 | JA4: 260 | JB4: 261 | JC4: 262 | JD4: 263 | JE4: 264 | JF4: 265 | JG4: 266 | JH4: 267 | JI4: 268 | JJ4: 269 | JK4: 270 | JL4: 271 | JM4: 272 | JN4: 273 | JO4: 274 | JP4: 275 | JQ4: 276 | JR4: 277 | JS4: 278 | JT4: 279 | JU4: 280 | JV4: 281 | JW4: 282 | JX4: 283 | JY4: 284 | JZ4: 285 | KA4: 286 | KB4: 287 | KC4: 288 | KD4: 289 | KE4: 290 | KF4: 291 | KG4: 292 | KH4: 293 | KI4: 294 | KJ4: 295 | KK4: 296 | KL4: 297 | KM4: 298 | KN4: 299 | KO4: 300 | KP4: 301 | KQ4: 302 | KR4: 303 | KS4: 304 | KT4: 305 | KU4: 306 | KV4: 307 | KW4: 308 | KX4: 309 | KY4: 310 | KZ4: 311 | LA4: 312 | LB4: 313 | LC4: 314 | LD4: 315 | LE4: 316 | LF4: 317 | LG4: 318 | LH4: 319 | LI4: 320 | LJ4: 321 | LK4: 322 | LL4: 323 | LM4: 324 | LN4: 325 | LO4: 326 | LP4: 327 | LQ4: 328 | LR4: 329 | LS4: 330 | LT4: 331 | LU4: 332 | LV4: 333 | LW4: 334 | LX4: 335 | LY4: 336 | LZ4: 337 | MA4: 338 | MB4: 339 | MC4: 340 | MD4: 341 | ME4: 342 | MF4: 343 | MG4: 344 | MH4: 345 | MI4: 346 | MJ4: 347 | MK4: 348 | ML4: 349 | MM4: 350 | MN4: 351 | MO4: 352 | MP4: 353 | MQ4: 354 | MR4: 355 | MS4: 356 | MT4: 357 | MU4: 358 | MV4: 359 | MW4: 360 | MX4: 361 | MY4: 362 | MZ4: 363 | NA4: 364 | NB4: 365 | NC4: 366 | ND4: 367 | NE4: 368 | NF4: 369 | NG4: 370 | NH4: 371 | NI4: 372 | NJ4: 373 | NK4: 374 | NL4: 375 | NM4: 376 | NN4: 377 | NO4: 378 | NP4: 379 | NQ4: 380 | NR4: 381 | NS4: 382 | NT4: 383 | NU4: 384 | NV4: 385 | NW4: 386 | NX4: 387 | NY4: 388 | NZ4: 389 | OA4: 390 | OB4: 391 | OC4: 392 | OD4: 393 | OE4: 394 | OF4: 395 | OG4: 396 | OH4: 397 | OI4: 398 | OJ4: 399 | OK4: 400 | OL4: 401 | OM4: 402 | ON4: 403 | OO4: 404 | OP4: 405 | OQ4: 406 | OR4: 407 | OS4: 408 | OT4: 409 | OU4: 410 | OV4: 411 | OW4: 412 | OX4: 413 | OY4: 414 | OZ4: 415 | PA4: 416 | PB4: 417 | PC4: 418 | PD4: 419 | PE4: 420 | PF4: 421 | PG4: 422 | PH4: 423 | PI4: 424 | PJ4: 425 | PK4: 426 | PL4: 427 | PM4: 428 | PN4: 429 | PO4: 430 | PP4: 431 | PQ4: 432 | PR4: 433 | PS4: 434 | PT4: 435 | PU4: 436 | PV4: 437 | PW4: 438 | PX4: 439 | PY4: 440 | PZ4: 441 | QA4: 442 | QB4: 443 | QC4: 444 | QD4: 445 | QE4: 446 | QF4: 447 | QG4: 448 | QH4: 449 | QI4: 450 | QJ4: 451 | QK4: 452 | QL4: 453 | QM4: 454 | QN4: 455 | QO4: 456 | QP4: 457 | QQ4: 458 | QR4: 459 | QS4: 460 | QT4: 461 | QU4: 462 | QV4: 463 | QW4: 464 | QX4: 465 | QY4: 466 | QZ4: 467 | RA4: 468 | RB4: 469 | RC4: 470 | RD4: 471 | RE4: 472 | RF4: 473 | RG4: 474 | RH4: 475 | RI4: 476 | RJ4: 477 | RK4: 478 | RL4: 479 | RM4: 480 | RN4: 481 | RO4: 482 | RP4: 483 | RQ4: 484 | RR4: 485 | RS4: 486 | RT4: 487 | RU4: 488 | RV4: 489 | RW4: 490 | RX4: 491 | RY4: 492 | RZ4: 493 | SA4: 494 | SB4: 495 | SC4: 496 | SD4: 497 | SE4: 498 | SF4: 499 | SG4: 500
A5: R01 | B5: 0 | C5: 0 | D5: 0 | E5: 1 | F5: 0 | G5: 0 | H5: 3 | I5: 2 | J5: 2 | K5: 1 | L5: 4 | M5: 1 | N5: 0 | O5: 0 | P5: 0 | Q5: 2 | R5: 0 | S5: 1 | T5: 1 | U5: 1 | V5: 1 | W5: 2 | X5: 0 | Y5: 2 | Z5: 2 | AA5: 1 | AB5: 1 | AC5: 1 | AD5: 1 | AE5: 0 | AF5: 0 | AG5: 1 | AH5: 0 | AI5: 0 | AJ5: 1 | AK5: 1 | AL5: 0 | AM5: 2 | AN5: 3 | AO5: 1 | AP5: 0 | AQ5: 1 | AR5: 0 | AS5: 0 | AT5: 0 | AU5: 0 | AV5: 1 | AW5: 0 | AX5: 1 | AY5: 0 | AZ5: 0 | BA5: 1 | BB5: 2 | BC5: 0 | BD5: 0 | BE5: 0 | BF5: 0 | BG5: 1 | BH5: 1 | BI5: 0 | BJ5: 0 | BK5: 1 | BL5: 0 | BM5: 3 | BN5: 0 | BO5: 1 | BP5: 1 | BQ5: 1 | BR5: 0 | BS5: 0 | BT5: 1 | BU5: 1 | BV5: 3 | BW5: 4 | BX5: 2 | BY5: 0 | BZ5: 0 | CA5: 2 | CB5: 2 | CC5: 1 | CD5: 2 | CE5: 0 | CF5: 4 | CG5: 0 | CH5: 0 | CI5: 2 | CJ5: 1 | CK5: 0 | CL5: 0 | CM5: 1 | CN5: 3 | CO5: 1 | CP5: 0 | CQ5: 0 | CR5: 1 | CS5: 2 | CT5: 2 | CU5: 0 | CV5: 1 | CW5: 1 | CX5: 4 | CY5: 0 | CZ5: 0 | DA5: 1 | DB5: 1 | DC5: 1 | DD5: 1 | DE5: 0 | DF5: 2 | DG5: 0 | DH5: 1 | DI5: 3 | DJ5: 0 | DK5: 1 | DL5: 1 | DM5: 1 | DN5: 1 | DO5: 2 | DP5: 1 | DQ5: 3 | DR5: 2 | DS5: 0 | DT5: 0 | DU5: 1 | DV5: 2 | DW5: 1 | DX5: 1 | DY5: 2 | DZ5: 2 | EA5: 0 | EB5: 1 | EC5: 1 | ED5: 2 | EE5: 1 | EF5: 1 | EG5: 2 | EH5: 1 | EI5: 1 | EJ5: 1 | EK5: 0 | EL5: 3 | EM5: 1 | EN5: 1 | EO5: 1 | EP5: 1 | EQ5: 1 | ER5: 2 | ES5: 0 | ET5: 2 | EU5: 0 | EV5: 1 | EW5: 1 | EX5: 0 | EY5: 0 | EZ5: 2 | FA5: 0 | FB5: 1 | FC5: 2 | FD5: 2 | FE5: 1 | FF5: 2 | FG5: 0 | FH5: 2 | FI5: 1 | FJ5: 1 | FK5: 2 | FL5: 2 | FM5: 3 | FN5: 0 | FO5: 1 | FP5: 1 | FQ5: 0 | FR5: 1 | FS5: 2 | FT5: 2 | FU5: 2 | FV5: 1 | FW5: 0 | FX5: 2 | FY5: 2 | FZ5: 1 | GA5: 1 | GB5: 2 | GC5: 0 | GD5: 1 | GE5: 1 | GF5: 1 | GG5: 1 | GH5: 0 | GI5: 0 | GJ5: 0 | GK5: 0 | GL5: 1 | GM5: 3 | GN5: 1 | GO5: 0 | GP5: 0 | GQ5: 3 | GR5: 0 | GS5: 1 | GT5: 0 | GU5: 0 | GV5: 0 | GW5: 3 | GX5: 4 | GY5: 0 | GZ5: 0 | HA5: 2 | HB5: 1 | HC5: 1 | HD5: 3 | HE5: 2 | HF5: 0 | HG5: 0 | HH5: 1 | HI5: 1 | HJ5: 1 | HK5: 1 | HL5: 1 | HM5: 1 | HN5: 1 | HO5: 2 | HP5: 0 | HQ5: 1 | HR5: 1 | HS5: 0 | HT5: 3 | HU5: 1 | HV5: 1 | HW5: 0 | HX5: 0 | HY5: 0 | HZ5: 0 | IA5: 0 | IB5: 1 | IC5: 3 | ID5: 2 | IE5: 1 | IF5: 2 | IG5: 0 | IH5: 2 | II5: 0 | IJ5: 0 | IK5: 0 | IL5: 1 | IM5: 0 | IN5: 0 | IO5: 0 | IP5: 2 | IQ5: 2 | IR5: 0 | IS5: 1 | IT5: 0 | IU5: 1 | IV5: 2 | IW5: 1 | IX5: 2 | IY5: 0 | IZ5: 1 | JA5: 0 | JB5: 1 | JC5: 0 | JD5: 0 | JE5: 0 | JF5: 0 | JG5: 1 | JH5: 1 | JI5: 1 | JJ5: 0 | JK5: 1 | JL5: 1 | JM5: 0 | JN5: 1 | JO5: 3 | JP5: 2 | JQ5: 0 | JR5: 2 | JS5: 2 | JT5: 0 | JU5: 2 | JV5: 1 | JW5: 0 | JX5: 2 | JY5: 0 | JZ5: 2 | KA5: 0 | KB5: 3 | KC5: 2 | KD5: 1 | KE5: 2 | KF5: 1 | KG5: 1 | KH5: 0 | KI5: 0 | KJ5: 1 | KK5: 0 | KL5: 0 | KM5: 0 | KN5: 2 | KO5: 0 | KP5: 0 | KQ5: 0 | KR5: 1 | KS5: 0 | KT5: 1 | KU5: 0 | KV5: 2 | KW5: 1 | KX5: 3 | KY5: 3 | KZ5: 0 | LA5: 1 | LB5: 0 | LC5: 2 | LD5: 0 | LE5: 0 | LF5: 1 | LG5: 0 | LH5: 2 | LI5: 2 | LJ5: 1 | LK5: 0 | LL5: 0 | LM5: 1 | LN5: 1 | LO5: 0 | LP5: 2 | LQ5: 0 | LR5: 4 | LS5: 2 | LT5: 1 | LU5: 0 | LV5: 2 | LW5: 0 | LX5: 0 | LY5: 1 | LZ5: 2 | MA5: 2 | MB5: 1 | MC5: 0 | MD5: 1 | ME5: 4 | MF5: 0 | MG5: 2 | MH5: 1 | MI5: 1 | MJ5: 3 | MK5: 1 | ML5: 3 | MM5: 3 | MN5: 1 | MO5: 0 | MP5: 0 | MQ5: 0 | MR5: 1 | MS5: 0 | MT5: 1 | MU5: 0 | MV5: 1 | MW5: 1 | MX5: 2 | MY5: 0 | MZ5: 3 | NA5: 1 | NB5: 1 | NC5: 2 | ND5: 2 | NE5: 1 | NF5: 0 | NG5: 0 | NH5: 1 | NI5: 0 | NJ5: 1 | NK5: 1 | NL5: 0 | NM5: 1 | NN5: 2 | NO5: 2 | NP5: 2 | NQ5: 2 | NR5: 1 | NS5: 1 | NT5: 0 | NU5: 3 | NV5: 0 | NW5: 2 | NX5: 2 | NY5: 1 | NZ5: 2 | OA5: 0 | OB5: 2 | OC5: 0 | OD5: 2 | OE5: 0 | OF5: 2 | OG5: 0 | OH5: 2 | OI5: 0 | OJ5: 0 | OK5: 0 | OL5: 1 | OM5: 1 | ON5: 0 | OO5: 1 | OP5: 0 | OQ5: 3 | OR5: 2 | OS5: 0 | OT5: 1 | OU5: 0 | OV5: 1 | OW5: 0 | OX5: 3 | OY5: 0 | OZ5: 0 | PA5: 1 | PB5: 1 | PC5: 1 | PD5: 2 | PE5: 1 | PF5: 0 | PG5: 1 | PH5: 3 | PI5: 0 | PJ5: 1 | PK5: 1 | PL5: 2 | PM5: 0 | PN5: 2 | PO5: 0 | PP5: 0 | PQ5: 0 | PR5: 1 | PS5: 1 | PT5: 0 | PU5: 2 | PV5: 0 | PW5: 1 | PX5: 0 | PY5: 2 | PZ5: 0 | QA5: 1 | QB5: 0 | QC5: 2 | QD5: 1 | QE5: 0 | QF5: 2 | QG5: 2 | QH5: 2 | QI5: 1 | QJ5: 0 | QK5: 1 | QL5: 2 | QM5: 1 | QN5: 0 | QO5: 1 | QP5: 2 | QQ5: 0 | QR5: 0 | QS5: 3 | QT5: 1 | QU5: 1 | QV5: 1 | QW5: 3 | QX5: 2 | QY5: 2 | QZ5: 2 | RA5: 2 | RB5: 1 | RC5: 0 | RD5: 0 | RE5: 2 | RF5: 0 | RG5: 1 | RH5: 1 | RI5: 1 | RJ5: 1 | RK5: 1 | RL5: 3 | RM5: 2 | RN5: 0 | RO5: 1 | RP5: 0 | RQ5: 0 | RR5: 0 | RS5: 1 | RT5: 0 | RU5: 3 | RV5: 0 | RW5: 3 | RX5: 2 | RY5: 2 | RZ5: 1 | SA5: 2 | SB5: 0 | SC5: 1 | SD5: 2 | SE5: 3 | SF5: 0 | SG5: 2
A6: R02 | B6: 1 | C6: 0 | D6: 2 | E6: 1 | F6: 1 | G6: 0 | H6: 0 | I6: 2 | J6: 1 | K6: 4 | L6: 1 | M6: 1 | N6: 1 | O6: 2 | P6: 0 | Q6: 1 | R6: 0 | S6: 2 | T6: 1 | U6: 0 | V6: 1 | W6: 1 | X6: 0 | Y6: 3 | Z6: 1 | AA6: 2 | AB6: 1 | AC6: 1 | AD6: 2 | AE6: 3 | AF6: 1 | AG6: 1 | AH6: 2 | AI6: 1 | AJ6: 0 | AK6: 1 | AL6: 1 | AM6: 1 | AN6: 0 | AO6: 1 | AP6: 1 | AQ6: 0 | AR6: 2 | AS6: 1 | AT6: 1 | AU6: 1 | AV6: 3 | AW6: 0 | AX6: 1 | AY6: 0 | AZ6: 0 | BA6: 2 | BB6: 2 | BC6: 2 | BD6: 0 | BE6: 1 | BF6: 2 | BG6: 0 | BH6: 0 | BI6: 3 | BJ6: 1 | BK6: 3 | BL6: 1 | BM6: 1 | BN6: 1 | BO6: 1 | BP6: 2 | BQ6: 0 | BR6: 0 | BS6: 1 | BT6: 2 | BU6: 0 | BV6: 1 | BW6: 0 | BX6: 1 | BY6: 0 | BZ6: 0 | CA6: 0 | CB6: 3 | CC6: 1 | CD6: 2 | CE6: 3 | CF6: 2 | CG6: 2 | CH6: 2 | CI6: 1 | CJ6: 1 | CK6: 0 | CL6: 0 | CM6: 1 | CN6: 1 | CO6: 1 | CP6: 0 | CQ6: 3 | CR6: 0 | CS6: 0 | CT6: 1 | CU6: 1 | CV6: 3 | CW6: 0 | CX6: 0 | CY6: 0 | CZ6: 4 | DA6: 1 | DB6: 2 | DC6: 0 | DD6: 0 | DE6: 3 | DF6: 0 | DG6: 2 | DH6: 1 | DI6: 2 | DJ6: 2 | DK6: 0 | DL6: 0 | DM6: 0 | DN6: 1 | DO6: 1 | DP6: 0 | DQ6: 1 | DR6: 2 | DS6: 1 | DT6: 1 | DU6: 0 | DV6: 1 | DW6: 1 | DX6: 4 | DY6: 0 | DZ6: 1 | EA6: 1 | EB6: 1 | EC6: 2 | ED6: 0 | EE6: 0 | EF6: 1 | EG6: 1 | EH6: 2 | EI6: 2 | EJ6: 3 | EK6: 3 | EL6: 0 | EM6: 1 | EN6: 2 | EO6: 1 | EP6: 0 | EQ6: 2 | ER6: 1 | ES6: 1 | ET6: 3 | EU6: 1 | EV6: 0 | EW6: 3 | EX6: 0 | EY6: 3 | EZ6: 0 | FA6: 2 | FB6: 1 | FC6: 2 | FD6: 1 | FE6: 0 | FF6: 1 | FG6: 0 | FH6: 1 | FI6: 2 | FJ6: 0 | FK6: 2 | FL6: 0 | FM6: 0 | FN6: 0 | FO6: 1 | FP6: 0 | FQ6: 1 | FR6: 0 | FS6: 0 | FT6: 1 | FU6: 0 | FV6: 3 | FW6: 1 | FX6: 1 | FY6: 3 | FZ6: 1 | GA6: 4 | GB6: 2 | GC6: 2 | GD6: 1 | GE6: 2 | GF6: 1 | GG6: 2 | GH6: 3 | GI6: 0 | GJ6: 2 | GK6: 0 | GL6: 1 | GM6: 1 | GN6: 1 | GO6: 1 | GP6: 1 | GQ6: 0 | GR6: 1 | GS6: 1 | GT6: 0 | GU6: 1 | GV6: 1 | GW6: 2 | GX6: 2 | GY6: 3 | GZ6: 3 | HA6: 1 | HB6: 1 | HC6: 1 | HD6: 0 | HE6: 1 | HF6: 1 | HG6: 0 | HH6: 1 | HI6: 1 | HJ6: 2 | HK6: 1 | HL6: 2 | HM6: 1 | HN6: 2 | HO6: 1 | HP6: 1 | HQ6: 1 | HR6: 1 | HS6: 1 | HT6: 1 | HU6: 1 | HV6: 1 | HW6: 0 | HX6: 1 | HY6: 0 | HZ6: 2 | IA6: 1 | IB6: 2 | IC6: 0 | ID6: 1 | IE6: 1 | IF6: 0 | IG6: 0 | IH6: 0 | II6: 0 | IJ6: 3 | IK6: 3 | IL6: 0 | IM6: 0 | IN6: 1 | IO6: 1 | IP6: 0 | IQ6: 2 | IR6: 2 | IS6: 1 | IT6: 2 | IU6: 0 | IV6: 2 | IW6: 0 | IX6: 1 | IY6: 2 | IZ6: 0 | JA6: 0 | JB6: 0 | JC6: 1 | JD6: 1 | JE6: 1 | JF6: 2 | JG6: 0 | JH6: 3 | JI6: 2 | JJ6: 1 | JK6: 1 | JL6: 1 | JM6: 0 | JN6: 1 | JO6: 2 | JP6: 1 | JQ6: 1 | JR6: 2 | JS6: 0 | JT6: 0 | JU6: 0 | JV6: 1 | JW6: 0 | JX6: 1 | JY6: 0 | JZ6: 2 | KA6: 2 | KB6: 0 | KC6: 0 | KD6: 1 | KE6: 1 | KF6: 1 | KG6: 2 | KH6: 0 | KI6: 0 | KJ6: 1 | KK6: 1 | KL6: 0 | KM6: 1 | KN6: 0 | KO6: 0 | KP6: 1 | KQ6: 2 | KR6: 1 | KS6: 1 | KT6: 2 | KU6: 1 | KV6: 1 | KW6: 0 | KX6: 0 | KY6: 0 | KZ6: 0 | LA6: 0 | LB6: 2 | LC6: 3 | LD6: 1 | LE6: 0 | LF6: 0 | LG6: 1 | LH6: 1 | LI6: 0 | LJ6: 0 | LK6: 1 | LL6: 1 | LM6: 1 | LN6: 0 | LO6: 0 | LP6: 2 | LQ6: 2 | LR6: 1 | LS6: 1 | LT6: 0 | LU6: 1 | LV6: 0 | LW6: 1 | LX6: 1 | LY6: 0 | LZ6: 2 | MA6: 1 | MB6: 1 | MC6: 1 | MD6: 0 | ME6: 0 | MF6: 0 | MG6: 3 | MH6: 0 | MI6: 1 | MJ6: 2 | MK6: 0 | ML6: 1 | MM6: 1 | MN6: 0 | MO6: 1 | MP6: 1 | MQ6: 1 | MR6: 0 | MS6: 0 | MT6: 0 | MU6: 2 | MV6: 3 | MW6: 2 | MX6: 2 | MY6: 1 | MZ6: 0 | NA6: 2 | NB6: 1 | NC6: 2 | ND6: 0 | NE6: 0 | NF6: 3 | NG6: 0 | NH6: 2 | NI6: 2 | NJ6: 0 | NK6: 1 | NL6: 1 | NM6: 1 | NN6: 0 | NO6: 2 | NP6: 2 | NQ6: 0 | NR6: 0 | NS6: 0 | NT6: 2 | NU6: 0 | NV6: 0 | NW6: 0 | NX6: 1 | NY6: 0 | NZ6: 1 | OA6: 2 | OB6: 1 | OC6: 1 | OD6: 0 | OE6: 0 | OF6: 1 | OG6: 2 | OH6: 1 | OI6: 2 | OJ6: 0 | OK6: 2 | OL6: 0 | OM6: 0 | ON6: 2 | OO6: 3 | OP6: 0 | OQ6: 1 | OR6: 1 | OS6: 2 | OT6: 3 | OU6: 1 | OV6: 1 | OW6: 1 | OX6: 0 | OY6: 3 | OZ6: 0 | PA6: 0 | PB6: 1 | PC6: 1 | PD6: 2 | PE6: 0 | PF6: 1 | PG6: 1 | PH6: 3 | PI6: 0 | PJ6: 0 | PK6: 1 | PL6: 2 | PM6: 2 | PN6: 0 | PO6: 1 | PP6: 2 | PQ6: 0 | PR6: 3 | PS6: 0 | PT6: 0 | PU6: 1 | PV6: 1 | PW6: 3 | PX6: 0 | PY6: 0 | PZ6: 1 | QA6: 1 | QB6: 0 | QC6: 1 | QD6: 0 | QE6: 2 | QF6: 0 | QG6: 1 | QH6: 2 | QI6: 0 | QJ6: 0 | QK6: 1 | QL6: 2 | QM6: 1 | QN6: 0 | QO6: 1 | QP6: 2 | QQ6: 2 | QR6: 2 | QS6: 1 | QT6: 0 | QU6: 2 | QV6: 0 | QW6: 0 | QX6: 2 | QY6: 0 | QZ6: 0 | RA6: 1 | RB6: 0 | RC6: 0 | RD6: 0 | RE6: 2 | RF6: 1 | RG6: 1 | RH6: 1 | RI6: 2 | RJ6: 0 | RK6: 2 | RL6: 0 | RM6: 1 | RN6: 1 | RO6: 0 | RP6: 1 | RQ6: 0 | RR6: 3 | RS6: 0 | RT6: 2 | RU6: 2 | RV6: 1 | RW6: 0 | RX6: 3 | RY6: 0 | RZ6: 0 | SA6: 1 | SB6: 2 | SC6: 1 | SD6: 1 | SE6: 0 | SF6: 2 | SG6: 1
A7: R03 | B7: 1 | C7: 2 | D7: 1 | E7: 2 | F7: 0 | G7: 1 | H7: 2 | I7: 2 | J7: 1 | K7: 1 | L7: 1 | M7: 0 | N7: 2 | O7: 1 | P7: 1 | Q7: 0 | R7: 2 | S7: 0 | T7: 1 | U7: 0 | V7: 0 | W7: 1 | X7: 1 | Y7: 2 | Z7: 1 | AA7: 1 | AB7: 2 | AC7: 0 | AD7: 1 | AE7: 1 | AF7: 1 | AG7: 1 | AH7: 1 | AI7: 0 | AJ7: 3 | AK7: 0 | AL7: 2 | AM7: 2 | AN7: 1 | AO7: 0 | AP7: 1 | AQ7: 0 | AR7: 0 | AS7: 0 | AT7: 2 | AU7: 1 | AV7: 0 | AW7: 0 | AX7: 0 | AY7: 0 | AZ7: 1 | BA7: 0 | BB7: 0 | BC7: 1 | BD7: 0 | BE7: 1 | BF7: 3 | BG7: 2 | BH7: 1 | BI7: 1 | BJ7: 1 | BK7: 1 | BL7: 0 | BM7: 3 | BN7: 0 | BO7: 4 | BP7: 3 | BQ7: 1 | BR7: 1 | BS7: 3 | BT7: 0 | BU7: 1 | BV7: 0 | BW7: 0 | BX7: 2 | BY7: 1 | BZ7: 0 | CA7: 1 | CB7: 3 | CC7: 1 | CD7: 0 | CE7: 0 | CF7: 1 | CG7: 0 | CH7: 1 | CI7: 0 | CJ7: 2 | CK7: 0 | CL7: 0 | CM7: 2 | CN7: 0 | CO7: 0 | CP7: 1 | CQ7: 0 | CR7: 1 | CS7: 2 | CT7: 0 | CU7: 2 | CV7: 0 | CW7: 1 | CX7: 0 | CY7: 0 | CZ7: 2 | DA7: 2 | DB7: 1 | DC7: 4 | DD7: 1 | DE7: 1 | DF7: 2 | DG7: 1 | DH7: 1 | DI7: 0 | DJ7: 1 | DK7: 1 | DL7: 0 | DM7: 1 | DN7: 0 | DO7: 0 | DP7: 2 | DQ7: 2 | DR7: 0 | DS7: 0 | DT7: 1 | DU7: 1 | DV7: 1 | DW7: 3 | DX7: 0 | DY7: 1 | DZ7: 2 | EA7: 2 | EB7: 2 | EC7: 1 | ED7: 2 | EE7: 1 | EF7: 3 | EG7: 2 | EH7: 0 | EI7: 1 | EJ7: 1 | EK7: 0 | EL7: 0 | EM7: 0 | EN7: 1 | EO7: 0 | EP7: 1 | EQ7: 2 | ER7: 0 | ES7: 0 | ET7: 0 | EU7: 1 | EV7: 2 | EW7: 0 | EX7: 0 | EY7: 0 | EZ7: 3 | FA7: 2 | FB7: 2 | FC7: 0 | FD7: 2 | FE7: 2 | FF7: 1 | FG7: 0 | FH7: 0 | FI7: 1 | FJ7: 1 | FK7: 0 | FL7: 2 | FM7: 0 | FN7: 2 | FO7: 0 | FP7: 2 | FQ7: 0 | FR7: 1 | FS7: 1 | FT7: 2 | FU7: 3 | FV7: 0 | FW7: 1 | FX7: 0 | FY7: 1 | FZ7: 1 | GA7: 0 | GB7: 2 | GC7: 0 | GD7: 1 | GE7: 2 | GF7: 1 | GG7: 0 | GH7: 1 | GI7: 0 | GJ7: 1 | GK7: 2 | GL7: 1 | GM7: 3 | GN7: 1 | GO7: 1 | GP7: 3 | GQ7: 0 | GR7: 1 | GS7: 0 | GT7: 0 | GU7: 1 | GV7: 0 | GW7: 0 | GX7: 0 | GY7: 0 | GZ7: 0 | HA7: 3 | HB7: 0 | HC7: 2 | HD7: 1 | HE7: 2 | HF7: 1 | HG7: 1 | HH7: 0 | HI7: 2 | HJ7: 3 | HK7: 1 | HL7: 0 | HM7: 0 | HN7: 1 | HO7: 0 | HP7: 1 | HQ7: 2 | HR7: 2 | HS7: 0 | HT7: 0 | HU7: 2 | HV7: 1 | HW7: 2 | HX7: 0 | HY7: 0 | HZ7: 1 | IA7: 4 | IB7: 1 | IC7: 1 | ID7: 0 | IE7: 0 | IF7: 0 | IG7: 3 | IH7: 1 | II7: 3 | IJ7: 0 | IK7: 0 | IL7: 0 | IM7: 0 | IN7: 2 | IO7: 0 | IP7: 0 | IQ7: 0 | IR7: 0 | IS7: 2 | IT7: 1 | IU7: 0 | IV7: 1 | IW7: 0 | IX7: 1 | IY7: 0 | IZ7: 2 | JA7: 2 | JB7: 3 | JC7: 1 | JD7: 4 | JE7: 1 | JF7: 3 | JG7: 0 | JH7: 1 | JI7: 0 | JJ7: 2 | JK7: 1 | JL7: 0 | JM7: 0 | JN7: 1 | JO7: 1 | JP7: 1 | JQ7: 0 | JR7: 0 | JS7: 1 | JT7: 2 | JU7: 2 | JV7: 1 | JW7: 1 | JX7: 2 | JY7: 0 | JZ7: 1 | KA7: 0 | KB7: 2 | KC7: 1 | KD7: 1 | KE7: 0 | KF7: 1 | KG7: 2 | KH7: 1 | KI7: 3 | KJ7: 2 | KK7: 1 | KL7: 0 | KM7: 1 | KN7: 0 | KO7: 1 | KP7: 1 | KQ7: 0 | KR7: 0 | KS7: 2 | KT7: 1 | KU7: 2 | KV7: 0 | KW7: 1 | KX7: 1 | KY7: 0 | KZ7: 2 | LA7: 0 | LB7: 0 | LC7: 1 | LD7: 1 | LE7: 0 | LF7: 1 | LG7: 0 | LH7: 1 | LI7: 1 | LJ7: 3 | LK7: 3 | LL7: 0 | LM7: 0 | LN7: 1 | LO7: 1 | LP7: 0 | LQ7: 1 | LR7: 0 | LS7: 0 | LT7: 1 | LU7: 1 | LV7: 0 | LW7: 1 | LX7: 1 | LY7: 2 | LZ7: 1 | MA7: 0 | MB7: 1 | MC7: 0 | MD7: 0 | ME7: 1 | MF7: 2 | MG7: 1 | MH7: 0 | MI7: 0 | MJ7: 0 | MK7: 3 | ML7: 2 | MM7: 1 | MN7: 0 | MO7: 0 | MP7: 0 | MQ7: 1 | MR7: 0 | MS7: 1 | MT7: 0 | MU7: 2 | MV7: 0 | MW7: 2 | MX7: 0 | MY7: 1 | MZ7: 2 | NA7: 1 | NB7: 1 | NC7: 0 | ND7: 1 | NE7: 0 | NF7: 1 | NG7: 0 | NH7: 1 | NI7: 0 | NJ7: 0 | NK7: 1 | NL7: 0 | NM7: 1 | NN7: 3 | NO7: 1 | NP7: 0 | NQ7: 1 | NR7: 0 | NS7: 0 | NT7: 2 | NU7: 0 | NV7: 3 | NW7: 2 | NX7: 0 | NY7: 0 | NZ7: 0 | OA7: 0 | OB7: 1 | OC7: 2 | OD7: 2 | OE7: 0 | OF7: 1 | OG7: 0 | OH7: 1 | OI7: 0 | OJ7: 1 | OK7: 1 | OL7: 0 | OM7: 0 | ON7: 3 | OO7: 2 | OP7: 1 | OQ7: 1 | OR7: 1 | OS7: 0 | OT7: 0 | OU7: 0 | OV7: 1 | OW7: 0 | OX7: 3 | OY7: 5 | OZ7: 2 | PA7: 3 | PB7: 1 | PC7: 2 | PD7: 1 | PE7: 0 | PF7: 1 | PG7: 0 | PH7: 0 | PI7: 1 | PJ7: 0 | PK7: 0 | PL7: 0 | PM7: 2 | PN7: 1 | PO7: 0 | PP7: 2 | PQ7: 1 | PR7: 2 | PS7: 1 | PT7: 0 | PU7: 1 | PV7: 1 | PW7: 0 | PX7: 0 | PY7: 1 | PZ7: 0 | QA7: 0 | QB7: 3 | QC7: 3 | QD7: 2 | QE7: 0 | QF7: 0 | QG7: 0 | QH7: 2 | QI7: 2 | QJ7: 3 | QK7: 1 | QL7: 1 | QM7: 1 | QN7: 0 | QO7: 3 | QP7: 2 | QQ7: 4 | QR7: 0 | QS7: 0 | QT7: 0 | QU7: 0 | QV7: 1 | QW7: 1 | QX7: 1 | QY7: 0 | QZ7: 1 | RA7: 1 | RB7: 0 | RC7: 2 | RD7: 2 | RE7: 0 | RF7: 1 | RG7: 2 | RH7: 0 | RI7: 2 | RJ7: 3 | RK7: 2 | RL7: 3 | RM7: 1 | RN7: 0 | RO7: 1 | RP7: 2 | RQ7: 0 | RR7: 1 | RS7: 1 | RT7: 0 | RU7: 0 | RV7: 2 | RW7: 2 | RX7: 1 | RY7: 1 | RZ7: 0 | SA7: 1 | SB7: 3 | SC7: 0 | SD7: 1 | SE7: 2 | SF7: 0 | SG7: 2
A8: R04 | B8: 1 | C8: 2 | D8: 0 | E8: 2 | F8: 1 | G8: 0 | H8: 0 | I8: 0 | J8: 0 | K8: 1 | L8: 1 | M8: 0 | N8: 1 | O8: 3 | P8: 0 | Q8: 0 | R8: 1 | S8: 1 | T8: 0 | U8: 1 | V8: 0 | W8: 2 | X8: 2 | Y8: 1 | Z8: 2 | AA8: 1 | AB8: 0 | AC8: 1 | AD8: 0 | AE8: 1 | AF8: 1 | AG8: 1 | AH8: 2 | AI8: 3 | AJ8: 0 | AK8: 3 | AL8: 2 | AM8: 1 | AN8: 0 | AO8: 3 | AP8: 1 | AQ8: 0 | AR8: 1 | AS8: 1 | AT8: 1 | AU8: 0 | AV8: 2 | AW8: 0 | AX8: 0 | AY8: 1 | AZ8: 0 | BA8: 0 | BB8: 1 | BC8: 2 | BD8: 2 | BE8: 1 | BF8: 1 | BG8: 1 | BH8: 1 | BI8: 0 | BJ8: 0 | BK8: 1 | BL8: 0 | BM8: 1 | BN8: 1 | BO8: 1 | BP8: 1 | BQ8: 0 | BR8: 0 | BS8: 4 | BT8: 2 | BU8: 2 | BV8: 0 | BW8: 1 | BX8: 0 | BY8: 0 | BZ8: 0 | CA8: 0 | CB8: 0 | CC8: 4 | CD8: 0 | CE8: 0 | CF8: 1 | CG8: 1 | CH8: 1 | CI8: 1 | CJ8: 3 | CK8: 0 | CL8: 1 | CM8: 0 | CN8: 0 | CO8: 2 | CP8: 1 | CQ8: 0 | CR8: 2 | CS8: 0 | CT8: 1 | CU8: 2 | CV8: 2 | CW8: 0 | CX8: 0 | CY8: 2 | CZ8: 0 | DA8: 2 | DB8: 2 | DC8: 0 | DD8: 0 | DE8: 1 | DF8: 1 | DG8: 0 | DH8: 2 | DI8: 0 | DJ8: 1 | DK8: 0 | DL8: 1 | DM8: 0 | DN8: 1 | DO8: 0 | DP8: 2 | DQ8: 2 | DR8: 1 | DS8: 1 | DT8: 1 | DU8: 1 | DV8: 1 | DW8: 2 | DX8: 0 | DY8: 0 | DZ8: 1 | EA8: 1 | EB8: 0 | EC8: 2 | ED8: 0 | EE8: 1 | EF8: 2 | EG8: 3 | EH8: 0 | EI8: 1 | EJ8: 0 | EK8: 2 | EL8: 0 | EM8: 2 | EN8: 2 | EO8: 0 | EP8: 1 | EQ8: 0 | ER8: 3 | ES8: 1 | ET8: 1 | EU8: 0 | EV8: 1 | EW8: 1 | EX8: 1 | EY8: 0 | EZ8: 1 | FA8: 0 | FB8: 1 | FC8: 1 | FD8: 1 | FE8: 2 | FF8: 0 | FG8: 2 | FH8: 0 | FI8: 1 | FJ8: 1 | FK8: 1 | FL8: 1 | FM8: 4 | FN8: 0 | FO8: 2 | FP8: 1 | FQ8: 1 | FR8: 0 | FS8: 3 | FT8: 0 | FU8: 2 | FV8: 1 | FW8: 0 | FX8: 3 | FY8: 0 | FZ8: 1 | GA8: 0 | GB8: 2 | GC8: 4 | GD8: 1 | GE8: 0 | GF8: 3 | GG8: 1 | GH8: 3 | GI8: 1 | GJ8: 1 | GK8: 0 | GL8: 0 | GM8: 3 | GN8: 1 | GO8: 4 | GP8: 0 | GQ8: 1 | GR8: 2 | GS8: 1 | GT8: 1 | GU8: 1 | GV8: 4 | GW8: 1 | GX8: 0 | GY8: 2 | GZ8: 2 | HA8: 0 | HB8: 1 | HC8: 1 | HD8: 1 | HE8: 0 | HF8: 1 | HG8: 0 | HH8: 0 | HI8: 1 | HJ8: 3 | HK8: 1 | HL8: 0 | HM8: 0 | HN8: 2 | HO8: 0 | HP8: 1 | HQ8: 0 | HR8: 0 | HS8: 1 | HT8: 1 | HU8: 2 | HV8: 0 | HW8: 0 | HX8: 1 | HY8: 1 | HZ8: 0 | IA8: 0 | IB8: 4 | IC8: 0 | ID8: 2 | IE8: 0 | IF8: 1 | IG8: 2 | IH8: 0 | II8: 0 | IJ8: 1 | IK8: 2 | IL8: 2 | IM8: 2 | IN8: 1 | IO8: 1 | IP8: 1 | IQ8: 3 | IR8: 3 | IS8: 3 | IT8: 1 | IU8: 3 | IV8: 2 | IW8: 1 | IX8: 0 | IY8: 0 | IZ8: 3 | JA8: 0 | JB8: 0 | JC8: 1 | JD8: 2 | JE8: 1 | JF8: 1 | JG8: 1 | JH8: 0 | JI8: 3 | JJ8: 1 | JK8: 0 | JL8: 2 | JM8: 0 | JN8: 1 | JO8: 0 | JP8: 0 | JQ8: 0 | JR8: 1 | JS8: 0 | JT8: 1 | JU8: 1 | JV8: 2 | JW8: 1 | JX8: 0 | JY8: 0 | JZ8: 3 | KA8: 2 | KB8: 3 | KC8: 2 | KD8: 0 | KE8: 1 | KF8: 2 | KG8: 1 | KH8: 0 | KI8: 3 | KJ8: 0 | KK8: 2 | KL8: 1 | KM8: 1 | KN8: 2 | KO8: 0 | KP8: 4 | KQ8: 2 | KR8: 0 | KS8: 1 | KT8: 0 | KU8: 0 | KV8: 1 | KW8: 1 | KX8: 1 | KY8: 1 | KZ8: 2 | LA8: 0 | LB8: 1 | LC8: 2 | LD8: 0 | LE8: 1 | LF8: 0 | LG8: 1 | LH8: 0 | LI8: 2 | LJ8: 0 | LK8: 2 | LL8: 4 | LM8: 0 | LN8: 1 | LO8: 0 | LP8: 0 | LQ8: 5 | LR8: 0 | LS8: 2 | LT8: 1 | LU8: 2 | LV8: 2 | LW8: 0 | LX8: 0 | LY8: 1 | LZ8: 0 | MA8: 0 | MB8: 5 | MC8: 2 | MD8: 1 | ME8: 1 | MF8: 2 | MG8: 3 | MH8: 1 | MI8: 2 | MJ8: 2 | MK8: 2 | ML8: 1 | MM8: 1 | MN8: 3 | MO8: 0 | MP8: 1 | MQ8: 0 | MR8: 1 | MS8: 1 | MT8: 0 | MU8: 1 | MV8: 0 | MW8: 2 | MX8: 5 | MY8: 0 | MZ8: 0 | NA8: 0 | NB8: 2 | NC8: 1 | ND8: 0 | NE8: 1 | NF8: 0 | NG8: 2 | NH8: 3 | NI8: 1 | NJ8: 1 | NK8: 0 | NL8: 1 | NM8: 1 | NN8: 0 | NO8: 1 | NP8: 1 | NQ8: 1 | NR8: 1 | NS8: 0 | NT8: 0 | NU8: 0 | NV8: 1 | NW8: 1 | NX8: 0 | NY8: 1 | NZ8: 0 | OA8: 0 | OB8: 1 | OC8: 0 | OD8: 0 | OE8: 2 | OF8: 1 | OG8: 1 | OH8: 1 | OI8: 1 | OJ8: 2 | OK8: 2 | OL8: 0 | OM8: 1 | ON8: 2 | OO8: 1 | OP8: 1 | OQ8: 0 | OR8: 1 | OS8: 1 | OT8: 1 | OU8: 1 | OV8: 0 | OW8: 3 | OX8: 1 | OY8: 3 | OZ8: 1 | PA8: 2 | PB8: 1 | PC8: 1 | PD8: 4 | PE8: 0 | PF8: 0 | PG8: 2 | PH8: 2 | PI8: 1 | PJ8: 0 | PK8: 3 | PL8: 0 | PM8: 0 | PN8: 2 | PO8: 1 | PP8: 1 | PQ8: 0 | PR8: 2 | PS8: 3 | PT8: 0 | PU8: 1 | PV8: 3 | PW8: 1 | PX8: 0 | PY8: 0 | PZ8: 1 | QA8: 1 | QB8: 2 | QC8: 0 | QD8: 2 | QE8: 1 | QF8: 2 | QG8: 0 | QH8: 0 | QI8: 1 | QJ8: 2 | QK8: 1 | QL8: 1 | QM8: 1 | QN8: 3 | QO8: 1 | QP8: 1 | QQ8: 0 | QR8: 0 | QS8: 0 | QT8: 0 | QU8: 2 | QV8: 1 | QW8: 0 | QX8: 2 | QY8: 1 | QZ8: 1 | RA8: 0 | RB8: 0 | RC8: 1 | RD8: 0 | RE8: 2 | RF8: 1 | RG8: 0 | RH8: 0 | RI8: 1 | RJ8: 1 | RK8: 1 | RL8: 1 | RM8: 0 | RN8: 1 | RO8: 1 | RP8: 2 | RQ8: 2 | RR8: 1 | RS8: 0 | RT8: 1 | RU8: 3 | RV8: 0 | RW8: 2 | RX8: 2 | RY8: 0 | RZ8: 1 | SA8: 0 | SB8: 0 | SC8: 2 | SD8: 1 | SE8: 0 | SF8: 1 | SG8: 0
A9: R05 | B9: 1 | C9: 1 | D9: 1 | E9: 0 | F9: 1 | G9: 0 | H9: 2 | I9: 0 | J9: 0 | K9: 2 | L9: 0 | M9: 2 | N9: 1 | O9: 0 | P9: 0 | Q9: 3 | R9: 3 | S9: 1 | T9: 1 | U9: 2 | V9: 1 | W9: 1 | X9: 1 | Y9: 1 | Z9: 0 | AA9: 0 | AB9: 1 | AC9: 2 | AD9: 1 | AE9: 0 | AF9: 0 | AG9: 1 | AH9: 0 | AI9: 0 | AJ9: 0 | AK9: 0 | AL9: 0 | AM9: 2 | AN9: 0 | AO9: 0 | AP9: 1 | AQ9: 2 | AR9: 3 | AS9: 1 | AT9: 2 | AU9: 2 | AV9: 0 | AW9: 0 | AX9: 1 | AY9: 1 | AZ9: 1 | BA9: 0 | BB9: 0 | BC9: 1 | BD9: 1 | BE9: 2 | BF9: 0 | BG9: 0 | BH9: 0 | BI9: 1 | BJ9: 1 | BK9: 2 | BL9: 2 | BM9: 0 | BN9: 0 | BO9: 0 | BP9: 1 | BQ9: 0 | BR9: 2 | BS9: 0 | BT9: 0 | BU9: 0 | BV9: 0 | BW9: 0 | BX9: 1 | BY9: 4 | BZ9: 1 | CA9: 0 | CB9: 3 | CC9: 0 | CD9: 2 | CE9: 2 | CF9: 1 | CG9: 1 | CH9: 1 | CI9: 1 | CJ9: 1 | CK9: 1 | CL9: 1 | CM9: 1 | CN9: 0 | CO9: 0 | CP9: 2 | CQ9: 1 | CR9: 1 | CS9: 0 | CT9: 3 | CU9: 0 | CV9: 1 | CW9: 1 | CX9: 1 | CY9: 1 | CZ9: 0 | DA9: 2 | DB9: 1 | DC9: 2 | DD9: 1 | DE9: 0 | DF9: 0 | DG9: 0 | DH9: 0 | DI9: 2 | DJ9: 0 | DK9: 0 | DL9: 2 | DM9: 3 | DN9: 1 | DO9: 2 | DP9: 3 | DQ9: 1 | DR9: 3 | DS9: 3 | DT9: 3 | DU9: 4 | DV9: 1 | DW9: 0 | DX9: 0 | DY9: 1 | DZ9: 1 | EA9: 1 | EB9: 1 | EC9: 4 | ED9: 2 | EE9: 1 | EF9: 2 | EG9: 1 | EH9: 0 | EI9: 1 | EJ9: 0 | EK9: 4 | EL9: 1 | EM9: 1 | EN9: 0 | EO9: 2 | EP9: 0 | EQ9: 0 | ER9: 1 | ES9: 1 | ET9: 1 | EU9: 2 | EV9: 0 | EW9: 0 | EX9: 1 | EY9: 1 | EZ9: 0 | FA9: 1 | FB9: 0 | FC9: 0 | FD9: 3 | FE9: 0 | FF9: 2 | FG9: 0 | FH9: 1 | FI9: 1 | FJ9: 0 | FK9: 2 | FL9: 0 | FM9: 1 | FN9: 0 | FO9: 1 | FP9: 1 | FQ9: 3 | FR9: 4 | FS9: 1 | FT9: 1 | FU9: 0 | FV9: 0 | FW9: 2 | FX9: 0 | FY9: 3 | FZ9: 1 | GA9: 2 | GB9: 4 | GC9: 2 | GD9: 3 | GE9: 2 | GF9: 0 | GG9: 0 | GH9: 2 | GI9: 2 | GJ9: 0 | GK9: 2 | GL9: 1 | GM9: 0 | GN9: 0 | GO9: 0 | GP9: 0 | GQ9: 2 | GR9: 1 | GS9: 0 | GT9: 1 | GU9: 1 | GV9: 0 | GW9: 1 | GX9: 1 | GY9: 2 | GZ9: 0 | HA9: 1 | HB9: 0 | HC9: 1 | HD9: 2 | HE9: 1 | HF9: 1 | HG9: 0 | HH9: 2 | HI9: 1 | HJ9: 0 | HK9: 0 | HL9: 0 | HM9: 1 | HN9: 0 | HO9: 1 | HP9: 2 | HQ9: 0 | HR9: 0 | HS9: 1 | HT9: 0 | HU9: 0 | HV9: 2 | HW9: 2 | HX9: 0 | HY9: 0 | HZ9: 0 | IA9: 2 | IB9: 1 | IC9: 0 | ID9: 1 | IE9: 2 | IF9: 2 | IG9: 1 | IH9: 3 | II9: 4 | IJ9: 1 | IK9: 2 | IL9: 1 | IM9: 0 | IN9: 2 | IO9: 2 | IP9: 0 | IQ9: 0 | IR9: 0 | IS9: 0 | IT9: 0 | IU9: 0 | IV9: 1 | IW9: 1 | IX9: 3 | IY9: 1 | IZ9: 2 | JA9: 0 | JB9: 2 | JC9: 2 | JD9: 1 | JE9: 2 | JF9: 0 | JG9: 1 | JH9: 2 | JI9: 1 | JJ9: 1 | JK9: 1 | JL9: 0 | JM9: 0 | JN9: 0 | JO9: 1 | JP9: 0 | JQ9: 1 | JR9: 1 | JS9: 1 | JT9: 0 | JU9: 2 | JV9: 2 | JW9: 1 | JX9: 1 | JY9: 1 | JZ9: 1 | KA9: 3 | KB9: 2 | KC9: 0 | KD9: 0 | KE9: 2 | KF9: 0 | KG9: 3 | KH9: 0 | KI9: 1 | KJ9: 1 | KK9: 1 | KL9: 0 | KM9: 2 | KN9: 2 | KO9: 0 | KP9: 1 | KQ9: 0 | KR9: 0 | KS9: 2 | KT9: 2 | KU9: 2 | KV9: 2 | KW9: 0 | KX9: 2 | KY9: 1 | KZ9: 2 | LA9: 2 | LB9: 1 | LC9: 0 | LD9: 0 | LE9: 2 | LF9: 0 | LG9: 1 | LH9: 0 | LI9: 0 | LJ9: 0 | LK9: 0 | LL9: 1 | LM9: 1 | LN9: 0 | LO9: 1 | LP9: 2 | LQ9: 1 | LR9: 1 | LS9: 0 | LT9: 0 | LU9: 3 | LV9: 0 | LW9: 1 | LX9: 0 | LY9: 1 | LZ9: 0 | MA9: 1 | MB9: 0 | MC9: 2 | MD9: 0 | ME9: 3 | MF9: 1 | MG9: 1 | MH9: 0 | MI9: 1 | MJ9: 0 | MK9: 1 | ML9: 2 | MM9: 0 | MN9: 2 | MO9: 1 | MP9: 0 | MQ9: 1 | MR9: 2 | MS9: 0 | MT9: 0 | MU9: 2 | MV9: 0 | MW9: 1 | MX9: 3 | MY9: 1 | MZ9: 2 | NA9: 0 | NB9: 0 | NC9: 0 | ND9: 1 | NE9: 0 | NF9: 2 | NG9: 0 | NH9: 0 | NI9: 0 | NJ9: 2 | NK9: 2 | NL9: 0 | NM9: 0 | NN9: 0 | NO9: 3 | NP9: 2 | NQ9: 0 | NR9: 1 | NS9: 0 | NT9: 0 | NU9: 2 | NV9: 0 | NW9: 2 | NX9: 1 | NY9: 0 | NZ9: 2 | OA9: 0 | OB9: 0 | OC9: 0 | OD9: 0 | OE9: 1 | OF9: 0 | OG9: 0 | OH9: 2 | OI9: 0 | OJ9: 0 | OK9: 0 | OL9: 2 | OM9: 0 | ON9: 0 | OO9: 0 | OP9: 1 | OQ9: 0 | OR9: 1 | OS9: 2 | OT9: 2 | OU9: 3 | OV9: 2 | OW9: 0 | OX9: 0 | OY9: 0 | OZ9: 1 | PA9: 1 | PB9: 0 | PC9: 0 | PD9: 1 | PE9: 1 | PF9: 2 | PG9: 2 | PH9: 1 | PI9: 0 | PJ9: 3 | PK9: 3 | PL9: 1 | PM9: 1 | PN9: 0 | PO9: 2 | PP9: 0 | PQ9: 3 | PR9: 1 | PS9: 1 | PT9: 3 | PU9: 1 | PV9: 2 | PW9: 1 | PX9: 2 | PY9: 0 | PZ9: 0 | QA9: 4 | QB9: 2 | QC9: 0 | QD9: 0 | QE9: 1 | QF9: 0 | QG9: 0 | QH9: 1 | QI9: 2 | QJ9: 2 | QK9: 0 | QL9: 1 | QM9: 2 | QN9: 3 | QO9: 0 | QP9: 2 | QQ9: 0 | QR9: 0 | QS9: 0 | QT9: 0 | QU9: 0 | QV9: 1 | QW9: 2 | QX9: 0 | QY9: 2 | QZ9: 4 | RA9: 0 | RB9: 0 | RC9: 0 | RD9: 1 | RE9: 1 | RF9: 1 | RG9: 2 | RH9: 0 | RI9: 2 | RJ9: 1 | RK9: 1 | RL9: 1 | RM9: 1 | RN9: 1 | RO9: 2 | RP9: 0 | RQ9: 2 | RR9: 0 | RS9: 1 | RT9: 2 | RU9: 1 | RV9: 0 | RW9: 0 | RX9: 0 | RY9: 1 | RZ9: 2 | SA9: 0 | SB9: 0 | SC9: 0 | SD9: 0 | SE9: 0 | SF9: 2 | SG9: 1
A10: R06 | B10: 2 | C10: 0 | D10: 0 | E10: 3 | F10: 2 | G10: 3 | H10: 0 | I10: 2 | J10: 1 | K10: 1 | L10: 2 | M10: 2 | N10: 0 | O10: 2 | P10: 1 | Q10: 0 | R10: 1 | S10: 2 | T10: 2 | U10: 2 | V10: 0 | W10: 2 | X10: 3 | Y10: 1 | Z10: 1 | AA10: 2 | AB10: 2 | AC10: 1 | AD10: 2 | AE10: 0 | AF10: 1 | AG10: 1 | AH10: 1 | AI10: 1 | AJ10: 1 | AK10: 2 | AL10: 0 | AM10: 0 | AN10: 0 | AO10: 0 | AP10: 4 | AQ10: 1 | AR10: 4 | AS10: 2 | AT10: 0 | AU10: 1 | AV10: 1 | AW10: 1 | AX10: 2 | AY10: 0 | AZ10: 0 | BA10: 3 | BB10: 1 | BC10: 0 | BD10: 0 | BE10: 3 | BF10: 3 | BG10: 1 | BH10: 1 | BI10: 0 | BJ10: 1 | BK10: 1 | BL10: 1 | BM10: 2 | BN10: 2 | BO10: 2 | BP10: 3 | BQ10: 1 | BR10: 3 | BS10: 2 | BT10: 0 | BU10: 1 | BV10: 0 | BW10: 1 | BX10: 0 | BY10: 2 | BZ10: 1 | CA10: 0 | CB10: 2 | CC10: 0 | CD10: 1 | CE10: 1 | CF10: 0 | CG10: 0 | CH10: 1 | CI10: 0 | CJ10: 0 | CK10: 1 | CL10: 1 | CM10: 1 | CN10: 2 | CO10: 0 | CP10: 1 | CQ10: 3 | CR10: 0 | CS10: 0 | CT10: 0 | CU10: 0 | CV10: 1 | CW10: 0 | CX10: 0 | CY10: 0 | CZ10: 1 | DA10: 1 | DB10: 2 | DC10: 0 | DD10: 0 | DE10: 1 | DF10: 1 | DG10: 1 | DH10: 0 | DI10: 3 | DJ10: 1 | DK10: 1 | DL10: 0 | DM10: 0 | DN10: 1 | DO10: 3 | DP10: 2 | DQ10: 0 | DR10: 2 | DS10: 0 | DT10: 0 | DU10: 3 | DV10: 3 | DW10: 1 | DX10: 1 | DY10: 1 | DZ10: 0 | EA10: 0 | EB10: 0 | EC10: 1 | ED10: 1 | EE10: 2 | EF10: 1 | EG10: 1 | EH10: 1 | EI10: 0 | EJ10: 0 | EK10: 1 | EL10: 1 | EM10: 2 | EN10: 0 | EO10: 0 | EP10: 3 | EQ10: 0 | ER10: 1 | ES10: 1 | ET10: 2 | EU10: 1 | EV10: 1 | EW10: 0 | EX10: 2 | EY10: 0 | EZ10: 1 | FA10: 1 | FB10: 1 | FC10: 5 | FD10: 2 | FE10: 1 | FF10: 2 | FG10: 0 | FH10: 0 | FI10: 2 | FJ10: 0 | FK10: 1 | FL10: 0 | FM10: 1 | FN10: 2 | FO10: 1 | FP10: 2 | FQ10: 2 | FR10: 1 | FS10: 0 | FT10: 0 | FU10: 1 | FV10: 0 | FW10: 0 | FX10: 2 | FY10: 1 | FZ10: 1 | GA10: 0 | GB10: 0 | GC10: 4 | GD10: 1 | GE10: 0 | GF10: 0 | GG10: 0 | GH10: 0 | GI10: 2 | GJ10: 1 | GK10: 1 | GL10: 1 | GM10: 1 | GN10: 2 | GO10: 1 | GP10: 0 | GQ10: 0 | GR10: 0 | GS10: 2 | GT10: 1 | GU10: 0 | GV10: 2 | GW10: 0 | GX10: 0 | GY10: 3 | GZ10: 3 | HA10: 0 | HB10: 1 | HC10: 1 | HD10: 0 | HE10: 3 | HF10: 1 | HG10: 1 | HH10: 2 | HI10: 0 | HJ10: 0 | HK10: 1 | HL10: 0 | HM10: 2 | HN10: 1 | HO10: 0 | HP10: 0 | HQ10: 1 | HR10: 1 | HS10: 0 | HT10: 0 | HU10: 0 | HV10: 0 | HW10: 1 | HX10: 2 | HY10: 0 | HZ10: 1 | IA10: 1 | IB10: 2 | IC10: 2 | ID10: 0 | IE10: 1 | IF10: 1 | IG10: 1 | IH10: 1 | II10: 2 | IJ10: 0 | IK10: 1 | IL10: 1 | IM10: 1 | IN10: 0 | IO10: 0 | IP10: 3 | IQ10: 0 | IR10: 2 | IS10: 2 | IT10: 0 | IU10: 1 | IV10: 0 | IW10: 2 | IX10: 0 | IY10: 2 | IZ10: 0 | JA10: 1 | JB10: 1 | JC10: 0 | JD10: 3 | JE10: 1 | JF10: 0 | JG10: 3 | JH10: 0 | JI10: 0 | JJ10: 3 | JK10: 1 | JL10: 1 | JM10: 3 | JN10: 2 | JO10: 1 | JP10: 3 | JQ10: 0 | JR10: 1 | JS10: 0 | JT10: 0 | JU10: 0 | JV10: 0 | JW10: 2 | JX10: 0 | JY10: 1 | JZ10: 1 | KA10: 2 | KB10: 0 | KC10: 1 | KD10: 0 | KE10: 1 | KF10: 2 | KG10: 1 | KH10: 2 | KI10: 2 | KJ10: 0 | KK10: 0 | KL10: 1 | KM10: 2 | KN10: 0 | KO10: 0 | KP10: 0 | KQ10: 1 | KR10: 0 | KS10: 1 | KT10: 1 | KU10: 2 | KV10: 0 | KW10: 1 | KX10: 2 | KY10: 2 | KZ10: 0 | LA10: 0 | LB10: 2 | LC10: 1 | LD10: 0 | LE10: 1 | LF10: 2 | LG10: 2 | LH10: 0 | LI10: 1 | LJ10: 1 | LK10: 2 | LL10: 0 | LM10: 1 | LN10: 1 | LO10: 1 | LP10: 2 | LQ10: 0 | LR10: 0 | LS10: 0 | LT10: 0 | LU10: 1 | LV10: 2 | LW10: 1 | LX10: 1 | LY10: 2 | LZ10: 1 | MA10: 1 | MB10: 0 | MC10: 3 | MD10: 3 | ME10: 1 | MF10: 0 | MG10: 1 | MH10: 2 | MI10: 1 | MJ10: 2 | MK10: 0 | ML10: 3 | MM10: 0 | MN10: 0 | MO10: 0 | MP10: 0 | MQ10: 0 | MR10: 2 | MS10: 2 | MT10: 2 | MU10: 1 | MV10: 0 | MW10: 2 | MX10: 0 | MY10: 2 | MZ10: 0 | NA10: 1 | NB10: 0 | NC10: 2 | ND10: 1 | NE10: 4 | NF10: 0 | NG10: 0 | NH10: 1 | NI10: 1 | NJ10: 1 | NK10: 0 | NL10: 2 | NM10: 0 | NN10: 3 | NO10: 0 | NP10: 1 | NQ10: 0 | NR10: 0 | NS10: 1 | NT10: 1 | NU10: 2 | NV10: 0 | NW10: 1 | NX10: 0 | NY10: 2 | NZ10: 0 | OA10: 1 | OB10: 1 | OC10: 1 | OD10: 1 | OE10: 1 | OF10: 2 | OG10: 2 | OH10: 1 | OI10: 1 | OJ10: 0 | OK10: 1 | OL10: 0 | OM10: 1 | ON10: 4 | OO10: 3 | OP10: 1 | OQ10: 1 | OR10: 0 | OS10: 2 | OT10: 0 | OU10: 0 | OV10: 0 | OW10: 4 | OX10: 0 | OY10: 1 | OZ10: 2 | PA10: 4 | PB10: 0 | PC10: 2 | PD10: 1 | PE10: 2 | PF10: 0 | PG10: 1 | PH10: 2 | PI10: 4 | PJ10: 1 | PK10: 3 | PL10: 1 | PM10: 0 | PN10: 3 | PO10: 0 | PP10: 0 | PQ10: 2 | PR10: 0 | PS10: 0 | PT10: 1 | PU10: 1 | PV10: 0 | PW10: 2 | PX10: 0 | PY10: 1 | PZ10: 0 | QA10: 1 | QB10: 3 | QC10: 0 | QD10: 2 | QE10: 0 | QF10: 1 | QG10: 1 | QH10: 1 | QI10: 3 | QJ10: 2 | QK10: 5 | QL10: 0 | QM10: 0 | QN10: 1 | QO10: 1 | QP10: 0 | QQ10: 0 | QR10: 1 | QS10: 2 | QT10: 0 | QU10: 0 | QV10: 1 | QW10: 0 | QX10: 0 | QY10: 0 | QZ10: 1 | RA10: 0 | RB10: 1 | RC10: 0 | RD10: 1 | RE10: 1 | RF10: 3 | RG10: 2 | RH10: 0 | RI10: 1 | RJ10: 1 | RK10: 1 | RL10: 1 | RM10: 0 | RN10: 1 | RO10: 1 | RP10: 0 | RQ10: 0 | RR10: 1 | RS10: 1 | RT10: 1 | RU10: 1 | RV10: 1 | RW10: 0 | RX10: 0 | RY10: 1 | RZ10: 3 | SA10: 0 | SB10: 2 | SC10: 0 | SD10: 0 | SE10: 1 | SF10: 0 | SG10: 1
A11: R07 | B11: 2 | C11: 3 | D11: 2 | E11: 2 | F11: 1 | G11: 0 | H11: 1 | I11: 2 | J11: 1 | K11: 0 | L11: 1 | M11: 1 | N11: 0 | O11: 0 | P11: 1 | Q11: 0 | R11: 0 | S11: 1 | T11: 3 | U11: 0 | V11: 0 | W11: 0 | X11: 2 | Y11: 0 | Z11: 2 | AA11: 1 | AB11: 1 | AC11: 2 | AD11: 2 | AE11: 0 | AF11: 2 | AG11: 2 | AH11: 2 | AI11: 0 | AJ11: 2 | AK11: 0 | AL11: 1 | AM11: 0 | AN11: 2 | AO11: 0 | AP11: 1 | AQ11: 1 | AR11: 1 | AS11: 2 | AT11: 1 | AU11: 3 | AV11: 2 | AW11: 0 | AX11: 2 | AY11: 2 | AZ11: 0 | BA11: 0 | BB11: 1 | BC11: 1 | BD11: 0 | BE11: 0 | BF11: 2 | BG11: 0 | BH11: 2 | BI11: 1 | BJ11: 0 | BK11: 0 | BL11: 2 | BM11: 0 | BN11: 2 | BO11: 1 | BP11: 0 | BQ11: 1 | BR11: 1 | BS11: 0 | BT11: 1 | BU11: 0 | BV11: 0 | BW11: 1 | BX11: 0 | BY11: 1 | BZ11: 3 | CA11: 2 | CB11: 0 | CC11: 4 | CD11: 3 | CE11: 2 | CF11: 1 | CG11: 2 | CH11: 0 | CI11: 1 | CJ11: 1 | CK11: 2 | CL11: 1 | CM11: 0 | CN11: 0 | CO11: 1 | CP11: 0 | CQ11: 0 | CR11: 1 | CS11: 0 | CT11: 0 | CU11: 2 | CV11: 1 | CW11: 1 | CX11: 1 | CY11: 2 | CZ11: 1 | DA11: 0 | DB11: 1 | DC11: 2 | DD11: 0 | DE11: 0 | DF11: 0 | DG11: 0 | DH11: 1 | DI11: 0 | DJ11: 1 | DK11: 0 | DL11: 1 | DM11: 0 | DN11: 0 | DO11: 1 | DP11: 0 | DQ11: 1 | DR11: 0 | DS11: 1 | DT11: 1 | DU11: 1 | DV11: 0 | DW11: 0 | DX11: 1 | DY11: 2 | DZ11: 1 | EA11: 1 | EB11: 4 | EC11: 1 | ED11: 1 | EE11: 0 | EF11: 1 | EG11: 0 | EH11: 1 | EI11: 2 | EJ11: 2 | EK11: 1 | EL11: 1 | EM11: 1 | EN11: 2 | EO11: 3 | EP11: 1 | EQ11: 0 | ER11: 2 | ES11: 0 | ET11: 1 | EU11: 2 | EV11: 2 | EW11: 1 | EX11: 0 | EY11: 1 | EZ11: 1 | FA11: 0 | FB11: 0 | FC11: 1 | FD11: 1 | FE11: 1 | FF11: 1 | FG11: 2 | FH11: 2 | FI11: 1 | FJ11: 2 | FK11: 1 | FL11: 1 | FM11: 0 | FN11: 3 | FO11: 0 | FP11: 3 | FQ11: 2 | FR11: 1 | FS11: 1 | FT11: 0 | FU11: 2 | FV11: 0 | FW11: 0 | FX11: 2 | FY11: 0 | FZ11: 1 | GA11: 1 | GB11: 1 | GC11: 0 | GD11: 1 | GE11: 2 | GF11: 2 | GG11: 1 | GH11: 0 | GI11: 1 | GJ11: 0 | GK11: 1 | GL11: 0 | GM11: 0 | GN11: 1 | GO11: 2 | GP11: 0 | GQ11: 1 | GR11: 0 | GS11: 0 | GT11: 1 | GU11: 0 | GV11: 0 | GW11: 0 | GX11: 2 | GY11: 2 | GZ11: 0 | HA11: 0 | HB11: 0 | HC11: 2 | HD11: 1 | HE11: 3 | HF11: 0 | HG11: 4 | HH11: 2 | HI11: 4 | HJ11: 2 | HK11: 1 | HL11: 0 | HM11: 1 | HN11: 2 | HO11: 0 | HP11: 2 | HQ11: 0 | HR11: 0 | HS11: 1 | HT11: 1 | HU11: 1 | HV11: 0 | HW11: 1 | HX11: 0 | HY11: 0 | HZ11: 0 | IA11: 1 | IB11: 1 | IC11: 1 | ID11: 0 | IE11: 1 | IF11: 2 | IG11: 2 | IH11: 0 | II11: 2 | IJ11: 0 | IK11: 1 | IL11: 0 | IM11: 0 | IN11: 1 | IO11: 0 | IP11: 1 | IQ11: 1 | IR11: 0 | IS11: 1 | IT11: 1 | IU11: 0 | IV11: 1 | IW11: 1 | IX11: 0 | IY11: 1 | IZ11: 0 | JA11: 1 | JB11: 2 | JC11: 0 | JD11: 0 | JE11: 0 | JF11: 1 | JG11: 1 | JH11: 1 | JI11: 5 | JJ11: 2 | JK11: 3 | JL11: 2 | JM11: 1 | JN11: 4 | JO11: 0 | JP11: 1 | JQ11: 3 | JR11: 1 | JS11: 1 | JT11: 1 | JU11: 0 | JV11: 2 | JW11: 2 | JX11: 1 | JY11: 3 | JZ11: 2 | KA11: 1 | KB11: 1 | KC11: 1 | KD11: 3 | KE11: 1 | KF11: 0 | KG11: 2 | KH11: 2 | KI11: 3 | KJ11: 1 | KK11: 0 | KL11: 2 | KM11: 1 | KN11: 1 | KO11: 1 | KP11: 0 | KQ11: 0 | KR11: 1 | KS11: 1 | KT11: 0 | KU11: 1 | KV11: 1 | KW11: 1 | KX11: 0 | KY11: 1 | KZ11: 1 | LA11: 2 | LB11: 2 | LC11: 2 | LD11: 2 | LE11: 2 | LF11: 1 | LG11: 4 | LH11: 0 | LI11: 3 | LJ11: 1 | LK11: 0 | LL11: 4 | LM11: 0 | LN11: 1 | LO11: 1 | LP11: 1 | LQ11: 1 | LR11: 0 | LS11: 1 | LT11: 1 | LU11: 1 | LV11: 0 | LW11: 3 | LX11: 1 | LY11: 0 | LZ11: 1 | MA11: 0 | MB11: 0 | MC11: 1 | MD11: 2 | ME11: 0 | MF11: 2 | MG11: 2 | MH11: 2 | MI11: 1 | MJ11: 2 | MK11: 3 | ML11: 1 | MM11: 1 | MN11: 2 | MO11: 1 | MP11: 1 | MQ11: 0 | MR11: 1 | MS11: 0 | MT11: 1 | MU11: 2 | MV11: 3 | MW11: 1 | MX11: 1 | MY11: 1 | MZ11: 1 | NA11: 0 | NB11: 0 | NC11: 1 | ND11: 0 | NE11: 0 | NF11: 0 | NG11: 1 | NH11: 2 | NI11: 0 | NJ11: 0 | NK11: 1 | NL11: 1 | NM11: 1 | NN11: 1 | NO11: 2 | NP11: 1 | NQ11: 1 | NR11: 0 | NS11: 1 | NT11: 0 | NU11: 1 | NV11: 0 | NW11: 1 | NX11: 1 | NY11: 1 | NZ11: 3 | OA11: 1 | OB11: 0 | OC11: 0 | OD11: 1 | OE11: 1 | OF11: 1 | OG11: 1 | OH11: 1 | OI11: 1 | OJ11: 2 | OK11: 0 | OL11: 3 | OM11: 1 | ON11: 0 | OO11: 0 | OP11: 1 | OQ11: 1 | OR11: 2 | OS11: 1 | OT11: 1 | OU11: 0 | OV11: 0 | OW11: 1 | OX11: 2 | OY11: 2 | OZ11: 0 | PA11: 2 | PB11: 1 | PC11: 1 | PD11: 1 | PE11: 1 | PF11: 1 | PG11: 0 | PH11: 1 | PI11: 0 | PJ11: 1 | PK11: 0 | PL11: 0 | PM11: 2 | PN11: 1 | PO11: 1 | PP11: 2 | PQ11: 0 | PR11: 1 | PS11: 2 | PT11: 1 | PU11: 1 | PV11: 1 | PW11: 1 | PX11: 1 | PY11: 0 | PZ11: 1 | QA11: 0 | QB11: 2 | QC11: 1 | QD11: 2 | QE11: 1 | QF11: 2 | QG11: 1 | QH11: 0 | QI11: 0 | QJ11: 1 | QK11: 1 | QL11: 0 | QM11: 0 | QN11: 0 | QO11: 1 | QP11: 0 | QQ11: 1 | QR11: 0 | QS11: 1 | QT11: 2 | QU11: 1 | QV11: 1 | QW11: 3 | QX11: 1 | QY11: 0 | QZ11: 0 | RA11: 0 | RB11: 0 | RC11: 2 | RD11: 0 | RE11: 1 | RF11: 2 | RG11: 2 | RH11: 2 | RI11: 0 | RJ11: 3 | RK11: 0 | RL11: 0 | RM11: 0 | RN11: 2 | RO11: 1 | RP11: 0 | RQ11: 3 | RR11: 1 | RS11: 1 | RT11: 1 | RU11: 1 | RV11: 2 | RW11: 4 | RX11: 2 | RY11: 1 | RZ11: 1 | SA11: 0 | SB11: 0 | SC11: 2 | SD11: 2 | SE11: 1 | SF11: 2 | SG11: 1
A12: R08 | B12: 0 | C12: 1 | D12: 4 | E12: 1 | F12: 0 | G12: 1 | H12: 1 | I12: 0 | J12: 1 | K12: 1 | L12: 1 | M12: 1 | N12: 2 | O12: 0 | P12: 2 | Q12: 2 | R12: 0 | S12: 2 | T12: 1 | U12: 1 | V12: 2 | W12: 1 | X12: 1 | Y12: 4 | Z12: 1 | AA12: 3 | AB12: 0 | AC12: 3 | AD12: 2 | AE12: 2 | AF12: 0 | AG12: 1 | AH12: 2 | AI12: 0 | AJ12: 1 | AK12: 1 | AL12: 0 | AM12: 0 | AN12: 0 | AO12: 1 | AP12: 0 | AQ12: 1 | AR12: 0 | AS12: 2 | AT12: 0 | AU12: 2 | AV12: 1 | AW12: 0 | AX12: 0 | AY12: 0 | AZ12: 0 | BA12: 1 | BB12: 2 | BC12: 2 | BD12: 0 | BE12: 1 | BF12: 1 | BG12: 0 | BH12: 0 | BI12: 1 | BJ12: 0 | BK12: 1 | BL12: 1 | BM12: 5 | BN12: 1 | BO12: 0 | BP12: 1 | BQ12: 1 | BR12: 0 | BS12: 0 | BT12: 0 | BU12: 1 | BV12: 0 | BW12: 0 | BX12: 3 | BY12: 2 | BZ12: 0 | CA12: 2 | CB12: 1 | CC12: 1 | CD12: 0 | CE12: 2 | CF12: 1 | CG12: 1 | CH12: 1 | CI12: 0 | CJ12: 2 | CK12: 1 | CL12: 1 | CM12: 0 | CN12: 1 | CO12: 1 | CP12: 1 | CQ12: 0 | CR12: 0 | CS12: 1 | CT12: 0 | CU12: 2 | CV12: 1 | CW12: 1 | CX12: 1 | CY12: 1 | CZ12: 2 | DA12: 3 | DB12: 2 | DC12: 2 | DD12: 3 | DE12: 0 | DF12: 0 | DG12: 1 | DH12: 0 | DI12: 1 | DJ12: 0 | DK12: 1 | DL12: 2 | DM12: 2 | DN12: 1 | DO12: 1 | DP12: 2 | DQ12: 0 | DR12: 0 | DS12: 2 | DT12: 0 | DU12: 2 | DV12: 3 | DW12: 1 | DX12: 1 | DY12: 1 | DZ12: 0 | EA12: 2 | EB12: 2 | EC12: 1 | ED12: 0 | EE12: 1 | EF12: 0 | EG12: 1 | EH12: 2 | EI12: 0 | EJ12: 0 | EK12: 1 | EL12: 0 | EM12: 1 | EN12: 0 | EO12: 0 | EP12: 1 | EQ12: 1 | ER12: 1 | ES12: 2 | ET12: 0 | EU12: 1 | EV12: 1 | EW12: 1 | EX12: 0 | EY12: 1 | EZ12: 1 | FA12: 0 | FB12: 0 | FC12: 2 | FD12: 1 | FE12: 3 | FF12: 1 | FG12: 1 | FH12: 0 | FI12: 0 | FJ12: 0 | FK12: 0 | FL12: 0 | FM12: 2 | FN12: 1 | FO12: 2 | FP12: 0 | FQ12: 0 | FR12: 0 | FS12: 1 | FT12: 0 | FU12: 0 | FV12: 0 | FW12: 2 | FX12: 1 | FY12: 1 | FZ12: 1 | GA12: 2 | GB12: 0 | GC12: 0 | GD12: 0 | GE12: 1 | GF12: 1 | GG12: 1 | GH12: 1 | GI12: 0 | GJ12: 3 | GK12: 0 | GL12: 2 | GM12: 2 | GN12: 1 | GO12: 1 | GP12: 0 | GQ12: 3 | GR12: 1 | GS12: 1 | GT12: 1 | GU12: 1 | GV12: 0 | GW12: 1 | GX12: 4 | GY12: 1 | GZ12: 1 | HA12: 0 | HB12: 0 | HC12: 1 | HD12: 2 | HE12: 1 | HF12: 1 | HG12: 3 | HH12: 0 | HI12: 0 | HJ12: 2 | HK12: 2 | HL12: 1 | HM12: 0 | HN12: 0 | HO12: 1 | HP12: 1 | HQ12: 0 | HR12: 1 | HS12: 1 | HT12: 0 | HU12: 3 | HV12: 1 | HW12: 1 | HX12: 1 | HY12: 1 | HZ12: 1 | IA12: 2 | IB12: 2 | IC12: 1 | ID12: 0 | IE12: 2 | IF12: 0 | IG12: 1 | IH12: 2 | II12: 1 | IJ12: 2 | IK12: 0 | IL12: 0 | IM12: 1 | IN12: 0 | IO12: 3 | IP12: 2 | IQ12: 2 | IR12: 2 | IS12: 3 | IT12: 1 | IU12: 1 | IV12: 0 | IW12: 0 | IX12: 0 | IY12: 1 | IZ12: 1 | JA12: 1 | JB12: 2 | JC12: 1 | JD12: 0 | JE12: 2 | JF12: 0 | JG12: 1 | JH12: 0 | JI12: 1 | JJ12: 0 | JK12: 0 | JL12: 1 | JM12: 2 | JN12: 0 | JO12: 0 | JP12: 0 | JQ12: 1 | JR12: 0 | JS12: 0 | JT12: 4 | JU12: 2 | JV12: 2 | JW12: 0 | JX12: 1 | JY12: 0 | JZ12: 0 | KA12: 1 | KB12: 1 | KC12: 0 | KD12: 0 | KE12: 3 | KF12: 1 | KG12: 1 | KH12: 1 | KI12: 1 | KJ12: 1 | KK12: 3 | KL12: 1 | KM12: 0 | KN12: 1 | KO12: 1 | KP12: 1 | KQ12: 3 | KR12: 2 | KS12: 0 | KT12: 3 | KU12: 1 | KV12: 2 | KW12: 0 | KX12: 1 | KY12: 0 | KZ12: 0 | LA12: 2 | LB12: 2 | LC12: 0 | LD12: 0 | LE12: 1 | LF12: 1 | LG12: 0 | LH12: 1 | LI12: 1 | LJ12: 2 | LK12: 1 | LL12: 1 | LM12: 1 | LN12: 2 | LO12: 0 | LP12: 0 | LQ12: 0 | LR12: 0 | LS12: 2 | LT12: 0 | LU12: 1 | LV12: 1 | LW12: 0 | LX12: 0 | LY12: 1 | LZ12: 0 | MA12: 1 | MB12: 1 | MC12: 0 | MD12: 0 | ME12: 3 | MF12: 0 | MG12: 3 | MH12: 0 | MI12: 1 | MJ12: 0 | MK12: 1 | ML12: 1 | MM12: 0 | MN12: 0 | MO12: 1 | MP12: 3 | MQ12: 2 | MR12: 1 | MS12: 0 | MT12: 1 | MU12: 2 | MV12: 1 | MW12: 2 | MX12: 0 | MY12: 0 | MZ12: 0 | NA12: 2 | NB12: 1 | NC12: 2 | ND12: 1 | NE12: 2 | NF12: 1 | NG12: 2 | NH12: 1 | NI12: 3 | NJ12: 2 | NK12: 3 | NL12: 1 | NM12: 0 | NN12: 1 | NO12: 2 | NP12: 0 | NQ12: 2 | NR12: 0 | NS12: 2 | NT12: 1 | NU12: 0 | NV12: 1 | NW12: 0 | NX12: 0 | NY12: 2 | NZ12: 2 | OA12: 2 | OB12: 1 | OC12: 3 | OD12: 1 | OE12: 0 | OF12: 1 | OG12: 1 | OH12: 0 | OI12: 0 | OJ12: 1 | OK12: 0 | OL12: 1 | OM12: 2 | ON12: 1 | OO12: 4 | OP12: 1 | OQ12: 2 | OR12: 2 | OS12: 1 | OT12: 1 | OU12: 0 | OV12: 1 | OW12: 0 | OX12: 0 | OY12: 1 | OZ12: 1 | PA12: 0 | PB12: 3 | PC12: 2 | PD12: 2 | PE12: 3 | PF12: 1 | PG12: 2 | PH12: 1 | PI12: 1 | PJ12: 1 | PK12: 1 | PL12: 2 | PM12: 0 | PN12: 1 | PO12: 2 | PP12: 1 | PQ12: 0 | PR12: 0 | PS12: 1 | PT12: 2 | PU12: 2 | PV12: 3 | PW12: 0 | PX12: 0 | PY12: 1 | PZ12: 1 | QA12: 3 | QB12: 1 | QC12: 0 | QD12: 4 | QE12: 0 | QF12: 4 | QG12: 2 | QH12: 2 | QI12: 0 | QJ12: 0 | QK12: 0 | QL12: 0 | QM12: 1 | QN12: 1 | QO12: 1 | QP12: 1 | QQ12: 1 | QR12: 3 | QS12: 3 | QT12: 0 | QU12: 0 | QV12: 1 | QW12: 0 | QX12: 0 | QY12: 2 | QZ12: 1 | RA12: 2 | RB12: 1 | RC12: 1 | RD12: 1 | RE12: 1 | RF12: 1 | RG12: 0 | RH12: 0 | RI12: 2 | RJ12: 1 | RK12: 2 | RL12: 1 | RM12: 3 | RN12: 2 | RO12: 0 | RP12: 2 | RQ12: 2 | RR12: 2 | RS12: 1 | RT12: 1 | RU12: 1 | RV12: 1 | RW12: 0 | RX12: 2 | RY12: 0 | RZ12: 1 | SA12: 2 | SB12: 2 | SC12: 2 | SD12: 3 | SE12: 0 | SF12: 1 | SG12: 0
A13: R09 | B13: 1 | C13: 1 | D13: 0 | E13: 1 | F13: 0 | G13: 0 | H13: 2 | I13: 1 | J13: 2 | K13: 0 | L13: 1 | M13: 1 | N13: 0 | O13: 1 | P13: 0 | Q13: 0 | R13: 1 | S13: 2 | T13: 0 | U13: 2 | V13: 1 | W13: 1 | X13: 1 | Y13: 0 | Z13: 1 | AA13: 4 | AB13: 2 | AC13: 1 | AD13: 4 | AE13: 0 | AF13: 2 | AG13: 2 | AH13: 1 | AI13: 1 | AJ13: 1 | AK13: 0 | AL13: 3 | AM13: 1 | AN13: 2 | AO13: 3 | AP13: 0 | AQ13: 1 | AR13: 0 | AS13: 1 | AT13: 0 | AU13: 3 | AV13: 0 | AW13: 2 | AX13: 1 | AY13: 1 | AZ13: 0 | BA13: 1 | BB13: 0 | BC13: 2 | BD13: 2 | BE13: 0 | BF13: 0 | BG13: 2 | BH13: 2 | BI13: 0 | BJ13: 0 | BK13: 0 | BL13: 0 | BM13: 0 | BN13: 0 | BO13: 0 | BP13: 1 | BQ13: 0 | BR13: 0 | BS13: 0 | BT13: 0 | BU13: 1 | BV13: 2 | BW13: 2 | BX13: 4 | BY13: 1 | BZ13: 2 | CA13: 1 | CB13: 1 | CC13: 0 | CD13: 0 | CE13: 3 | CF13: 2 | CG13: 3 | CH13: 0 | CI13: 2 | CJ13: 0 | CK13: 0 | CL13: 2 | CM13: 1 | CN13: 3 | CO13: 1 | CP13: 1 | CQ13: 0 | CR13: 1 | CS13: 1 | CT13: 1 | CU13: 0 | CV13: 1 | CW13: 0 | CX13: 0 | CY13: 0 | CZ13: 1 | DA13: 0 | DB13: 0 | DC13: 1 | DD13: 1 | DE13: 1 | DF13: 2 | DG13: 1 | DH13: 1 | DI13: 0 | DJ13: 0 | DK13: 1 | DL13: 2 | DM13: 1 | DN13: 1 | DO13: 0 | DP13: 1 | DQ13: 1 | DR13: 1 | DS13: 1 | DT13: 2 | DU13: 1 | DV13: 0 | DW13: 1 | DX13: 0 | DY13: 1 | DZ13: 2 | EA13: 2 | EB13: 1 | EC13: 0 | ED13: 2 | EE13: 0 | EF13: 2 | EG13: 1 | EH13: 0 | EI13: 0 | EJ13: 1 | EK13: 0 | EL13: 0 | EM13: 1 | EN13: 0 | EO13: 0 | EP13: 1 | EQ13: 0 | ER13: 1 | ES13: 2 | ET13: 3 | EU13: 2 | EV13: 2 | EW13: 0 | EX13: 0 | EY13: 2 | EZ13: 2 | FA13: 2 | FB13: 1 | FC13: 2 | FD13: 1 | FE13: 1 | FF13: 0 | FG13: 1 | FH13: 0 | FI13: 3 | FJ13: 2 | FK13: 1 | FL13: 0 | FM13: 1 | FN13: 0 | FO13: 1 | FP13: 0 | FQ13: 1 | FR13: 1 | FS13: 0 | FT13: 0 | FU13: 1 | FV13: 0 | FW13: 3 | FX13: 1 | FY13: 1 | FZ13: 0 | GA13: 0 | GB13: 1 | GC13: 1 | GD13: 1 | GE13: 3 | GF13: 0 | GG13: 2 | GH13: 0 | GI13: 3 | GJ13: 1 | GK13: 2 | GL13: 3 | GM13: 2 | GN13: 1 | GO13: 0 | GP13: 1 | GQ13: 3 | GR13: 0 | GS13: 2 | GT13: 1 | GU13: 2 | GV13: 2 | GW13: 0 | GX13: 1 | GY13: 1 | GZ13: 0 | HA13: 0 | HB13: 2 | HC13: 0 | HD13: 0 | HE13: 1 | HF13: 2 | HG13: 2 | HH13: 0 | HI13: 2 | HJ13: 0 | HK13: 0 | HL13: 1 | HM13: 2 | HN13: 2 | HO13: 2 | HP13: 2 | HQ13: 0 | HR13: 1 | HS13: 0 | HT13: 0 | HU13: 0 | HV13: 0 | HW13: 2 | HX13: 1 | HY13: 3 | HZ13: 1 | IA13: 3 | IB13: 1 | IC13: 4 | ID13: 1 | IE13: 1 | IF13: 1 | IG13: 1 | IH13: 1 | II13: 1 | IJ13: 0 | IK13: 1 | IL13: 1 | IM13: 0 | IN13: 1 | IO13: 0 | IP13: 0 | IQ13: 1 | IR13: 1 | IS13: 0 | IT13: 1 | IU13: 0 | IV13: 1 | IW13: 2 | IX13: 1 | IY13: 2 | IZ13: 1 | JA13: 1 | JB13: 0 | JC13: 0 | JD13: 1 | JE13: 0 | JF13: 2 | JG13: 0 | JH13: 0 | JI13: 1 | JJ13: 0 | JK13: 1 | JL13: 2 | JM13: 1 | JN13: 1 | JO13: 0 | JP13: 1 | JQ13: 4 | JR13: 1 | JS13: 0 | JT13: 2 | JU13: 1 | JV13: 1 | JW13: 1 | JX13: 3 | JY13: 0 | JZ13: 0 | KA13: 0 | KB13: 1 | KC13: 2 | KD13: 2 | KE13: 2 | KF13: 3 | KG13: 1 | KH13: 2 | KI13: 1 | KJ13: 0 | KK13: 4 | KL13: 3 | KM13: 1 | KN13: 1 | KO13: 2 | KP13: 1 | KQ13: 3 | KR13: 0 | KS13: 2 | KT13: 3 | KU13: 0 | KV13: 1 | KW13: 0 | KX13: 0 | KY13: 3 | KZ13: 0 | LA13: 0 | LB13: 2 | LC13: 0 | LD13: 1 | LE13: 0 | LF13: 1 | LG13: 0 | LH13: 1 | LI13: 1 | LJ13: 1 | LK13: 3 | LL13: 1 | LM13: 0 | LN13: 1 | LO13: 2 | LP13: 1 | LQ13: 1 | LR13: 0 | LS13: 1 | LT13: 2 | LU13: 1 | LV13: 2 | LW13: 1 | LX13: 2 | LY13: 3 | LZ13: 2 | MA13: 1 | MB13: 4 | MC13: 2 | MD13: 2 | ME13: 0 | MF13: 0 | MG13: 1 | MH13: 1 | MI13: 1 | MJ13: 1 | MK13: 1 | ML13: 1 | MM13: 2 | MN13: 2 | MO13: 2 | MP13: 0 | MQ13: 1 | MR13: 2 | MS13: 0 | MT13: 0 | MU13: 2 | MV13: 1 | MW13: 2 | MX13: 1 | MY13: 1 | MZ13: 1 | NA13: 1 | NB13: 0 | NC13: 0 | ND13: 1 | NE13: 0 | NF13: 1 | NG13: 2 | NH13: 1 | NI13: 0 | NJ13: 2 | NK13: 1 | NL13: 0 | NM13: 0 | NN13: 1 | NO13: 1 | NP13: 0 | NQ13: 1 | NR13: 0 | NS13: 0 | NT13: 0 | NU13: 1 | NV13: 1 | NW13: 0 | NX13: 2 | NY13: 2 | NZ13: 2 | OA13: 0 | OB13: 0 | OC13: 1 | OD13: 0 | OE13: 2 | OF13: 3 | OG13: 4 | OH13: 0 | OI13: 1 | OJ13: 2 | OK13: 2 | OL13: 1 | OM13: 0 | ON13: 2 | OO13: 1 | OP13: 1 | OQ13: 1 | OR13: 1 | OS13: 2 | OT13: 0 | OU13: 1 | OV13: 0 | OW13: 1 | OX13: 0 | OY13: 0 | OZ13: 2 | PA13: 3 | PB13: 4 | PC13: 3 | PD13: 0 | PE13: 1 | PF13: 4 | PG13: 0 | PH13: 1 | PI13: 1 | PJ13: 2 | PK13: 0 | PL13: 2 | PM13: 1 | PN13: 1 | PO13: 1 | PP13: 3 | PQ13: 1 | PR13: 1 | PS13: 0 | PT13: 1 | PU13: 2 | PV13: 0 | PW13: 1 | PX13: 1 | PY13: 0 | PZ13: 0 | QA13: 1 | QB13: 3 | QC13: 0 | QD13: 0 | QE13: 2 | QF13: 1 | QG13: 1 | QH13: 0 | QI13: 2 | QJ13: 1 | QK13: 0 | QL13: 1 | QM13: 2 | QN13: 0 | QO13: 3 | QP13: 1 | QQ13: 1 | QR13: 3 | QS13: 1 | QT13: 2 | QU13: 0 | QV13: 3 | QW13: 1 | QX13: 2 | QY13: 1 | QZ13: 0 | RA13: 1 | RB13: 1 | RC13: 3 | RD13: 1 | RE13: 1 | RF13: 0 | RG13: 0 | RH13: 0 | RI13: 1 | RJ13: 1 | RK13: 0 | RL13: 0 | RM13: 3 | RN13: 0 | RO13: 1 | RP13: 0 | RQ13: 3 | RR13: 1 | RS13: 0 | RT13: 1 | RU13: 0 | RV13: 0 | RW13: 1 | RX13: 2 | RY13: 1 | RZ13: 1 | SA13: 2 | SB13: 0 | SC13: 0 | SD13: 0 | SE13: 2 | SF13: 3 | SG13: 0
A14: R10 | B14: 0 | C14: 2 | D14: 0 | E14: 1 | F14: 0 | G14: 2 | H14: 3 | I14: 0 | J14: 3 | K14: 2 | L14: 0 | M14: 2 | N14: 2 | O14: 0 | P14: 2 | Q14: 1 | R14: 1 | S14: 1 | T14: 1 | U14: 1 | V14: 0 | W14: 2 | X14: 0 | Y14: 0 | Z14: 2 | AA14: 1 | AB14: 0 | AC14: 1 | AD14: 0 | AE14: 1 | AF14: 0 | AG14: 4 | AH14: 1 | AI14: 1 | AJ14: 0 | AK14: 1 | AL14: 1 | AM14: 0 | AN14: 0 | AO14: 1 | AP14: 1 | AQ14: 4 | AR14: 0 | AS14: 2 | AT14: 1 | AU14: 2 | AV14: 3 | AW14: 1 | AX14: 2 | AY14: 1 | AZ14: 3 | BA14: 0 | BB14: 1 | BC14: 1 | BD14: 0 | BE14: 0 | BF14: 1 | BG14: 0 | BH14: 1 | BI14: 3 | BJ14: 2 | BK14: 2 | BL14: 1 | BM14: 0 | BN14: 2 | BO14: 2 | BP14: 0 | BQ14: 1 | BR14: 0 | BS14: 1 | BT14: 2 | BU14: 1 | BV14: 1 | BW14: 0 | BX14: 1 | BY14: 0 | BZ14: 1 | CA14: 0 | CB14: 0 | CC14: 2 | CD14: 1 | CE14: 1 | CF14: 0 | CG14: 0 | CH14: 1 | CI14: 1 | CJ14: 1 | CK14: 1 | CL14: 1 | CM14: 0 | CN14: 1 | CO14: 0 | CP14: 1 | CQ14: 2 | CR14: 3 | CS14: 2 | CT14: 3 | CU14: 2 | CV14: 0 | CW14: 3 | CX14: 2 | CY14: 1 | CZ14: 1 | DA14: 1 | DB14: 1 | DC14: 2 | DD14: 2 | DE14: 2 | DF14: 1 | DG14: 2 | DH14: 1 | DI14: 1 | DJ14: 2 | DK14: 1 | DL14: 1 | DM14: 0 | DN14: 1 | DO14: 1 | DP14: 0 | DQ14: 0 | DR14: 0 | DS14: 2 | DT14: 1 | DU14: 1 | DV14: 0 | DW14: 1 | DX14: 2 | DY14: 0 | DZ14: 0 | EA14: 1 | EB14: 0 | EC14: 0 | ED14: 1 | EE14: 1 | EF14: 0 | EG14: 2 | EH14: 1 | EI14: 1 | EJ14: 1 | EK14: 1 | EL14: 0 | EM14: 3 | EN14: 0 | EO14: 1 | EP14: 0 | EQ14: 0 | ER14: 2 | ES14: 1 | ET14: 2 | EU14: 2 | EV14: 0 | EW14: 3 | EX14: 3 | EY14: 4 | EZ14: 1 | FA14: 1 | FB14: 2 | FC14: 0 | FD14: 0 | FE14: 1 | FF14: 2 | FG14: 0 | FH14: 1 | FI14: 1 | FJ14: 1 | FK14: 0 | FL14: 2 | FM14: 1 | FN14: 1 | FO14: 0 | FP14: 2 | FQ14: 0 | FR14: 3 | FS14: 2 | FT14: 0 | FU14: 2 | FV14: 5 | FW14: 1 | FX14: 0 | FY14: 0 | FZ14: 2 | GA14: 1 | GB14: 1 | GC14: 0 | GD14: 0 | GE14: 1 | GF14: 0 | GG14: 3 | GH14: 1 | GI14: 1 | GJ14: 0 | GK14: 1 | GL14: 1 | GM14: 0 | GN14: 1 | GO14: 1 | GP14: 1 | GQ14: 1 | GR14: 2 | GS14: 3 | GT14: 1 | GU14: 4 | GV14: 0 | GW14: 2 | GX14: 0 | GY14: 0 | GZ14: 1 | HA14: 1 | HB14: 2 | HC14: 0 | HD14: 0 | HE14: 1 | HF14: 1 | HG14: 1 | HH14: 1 | HI14: 1 | HJ14: 0 | HK14: 2 | HL14: 0 | HM14: 0 | HN14: 0 | HO14: 0 | HP14: 0 | HQ14: 2 | HR14: 1 | HS14: 0 | HT14: 3 | HU14: 1 | HV14: 1 | HW14: 2 | HX14: 0 | HY14: 3 | HZ14: 1 | IA14: 2 | IB14: 0 | IC14: 1 | ID14: 1 | IE14: 0 | IF14: 0 | IG14: 0 | IH14: 2 | II14: 1 | IJ14: 0 | IK14: 1 | IL14: 3 | IM14: 0 | IN14: 0 | IO14: 2 | IP14: 1 | IQ14: 1 | IR14: 0 | IS14: 2 | IT14: 2 | IU14: 2 | IV14: 1 | IW14: 1 | IX14: 1 | IY14: 1 | IZ14: 1 | JA14: 0 | JB14: 3 | JC14: 3 | JD14: 2 | JE14: 0 | JF14: 0 | JG14: 0 | JH14: 0 | JI14: 1 | JJ14: 0 | JK14: 1 | JL14: 3 | JM14: 1 | JN14: 1 | JO14: 0 | JP14: 1 | JQ14: 1 | JR14: 0 | JS14: 1 | JT14: 0 | JU14: 0 | JV14: 4 | JW14: 0 | JX14: 0 | JY14: 1 | JZ14: 1 | KA14: 0 | KB14: 0 | KC14: 1 | KD14: 1 | KE14: 1 | KF14: 0 | KG14: 0 | KH14: 4 | KI14: 2 | KJ14: 0 | KK14: 2 | KL14: 4 | KM14: 1 | KN14: 1 | KO14: 0 | KP14: 2 | KQ14: 0 | KR14: 2 | KS14: 1 | KT14: 0 | KU14: 3 | KV14: 0 | KW14: 3 | KX14: 1 | KY14: 0 | KZ14: 1 | LA14: 1 | LB14: 1 | LC14: 1 | LD14: 2 | LE14: 1 | LF14: 1 | LG14: 0 | LH14: 2 | LI14: 0 | LJ14: 1 | LK14: 2 | LL14: 1 | LM14: 0 | LN14: 1 | LO14: 1 | LP14: 1 | LQ14: 1 | LR14: 3 | LS14: 4 | LT14: 1 | LU14: 2 | LV14: 2 | LW14: 0 | LX14: 1 | LY14: 0 | LZ14: 2 | MA14: 1 | MB14: 0 | MC14: 1 | MD14: 2 | ME14: 0 | MF14: 1 | MG14: 1 | MH14: 0 | MI14: 1 | MJ14: 2 | MK14: 0 | ML14: 2 | MM14: 2 | MN14: 1 | MO14: 2 | MP14: 0 | MQ14: 0 | MR14: 1 | MS14: 2 | MT14: 3 | MU14: 1 | MV14: 1 | MW14: 1 | MX14: 0 | MY14: 2 | MZ14: 1 | NA14: 2 | NB14: 1 | NC14: 0 | ND14: 0 | NE14: 0 | NF14: 3 | NG14: 2 | NH14: 0 | NI14: 1 | NJ14: 4 | NK14: 1 | NL14: 1 | NM14: 2 | NN14: 0 | NO14: 0 | NP14: 0 | NQ14: 1 | NR14: 0 | NS14: 2 | NT14: 1 | NU14: 0 | NV14: 2 | NW14: 1 | NX14: 0 | NY14: 3 | NZ14: 1 | OA14: 0 | OB14: 0 | OC14: 0 | OD14: 0 | OE14: 0 | OF14: 2 | OG14: 1 | OH14: 0 | OI14: 0 | OJ14: 1 | OK14: 0 | OL14: 2 | OM14: 1 | ON14: 2 | OO14: 0 | OP14: 1 | OQ14: 1 | OR14: 1 | OS14: 0 | OT14: 0 | OU14: 1 | OV14: 1 | OW14: 2 | OX14: 0 | OY14: 0 | OZ14: 1 | PA14: 0 | PB14: 2 | PC14: 1 | PD14: 0 | PE14: 0 | PF14: 2 | PG14: 1 | PH14: 1 | PI14: 4 | PJ14: 0 | PK14: 0 | PL14: 0 | PM14: 0 | PN14: 1 | PO14: 0 | PP14: 1 | PQ14: 0 | PR14: 0 | PS14: 1 | PT14: 1 | PU14: 0 | PV14: 2 | PW14: 0 | PX14: 1 | PY14: 4 | PZ14: 0 | QA14: 0 | QB14: 1 | QC14: 1 | QD14: 0 | QE14: 0 | QF14: 1 | QG14: 0 | QH14: 1 | QI14: 0 | QJ14: 2 | QK14: 1 | QL14: 1 | QM14: 1 | QN14: 2 | QO14: 1 | QP14: 2 | QQ14: 0 | QR14: 1 | QS14: 0 | QT14: 3 | QU14: 2 | QV14: 0 | QW14: 1 | QX14: 3 | QY14: 2 | QZ14: 0 | RA14: 0 | RB14: 1 | RC14: 1 | RD14: 1 | RE14: 0 | RF14: 2 | RG14: 0 | RH14: 1 | RI14: 0 | RJ14: 2 | RK14: 0 | RL14: 0 | RM14: 1 | RN14: 1 | RO14: 1 | RP14: 3 | RQ14: 0 | RR14: 1 | RS14: 2 | RT14: 1 | RU14: 1 | RV14: 1 | RW14: 1 | RX14: 1 | RY14: 1 | RZ14: 0 | SA14: 0 | SB14: 0 | SC14: 1 | SD14: 1 | SE14: 2 | SF14: 0 | SG14: 1
A15: R11 | B15: 3 | C15: 0 | D15: 1 | E15: 2 | F15: 2 | G15: 0 | H15: 0 | I15: 1 | J15: 4 | K15: 1 | L15: 0 | M15: 0 | N15: 0 | O15: 1 | P15: 0 | Q15: 1 | R15: 0 | S15: 0 | T15: 3 | U15: 2 | V15: 0 | W15: 0 | X15: 0 | Y15: 2 | Z15: 1 | AA15: 1 | AB15: 0 | AC15: 2 | AD15: 2 | AE15: 1 | AF15: 0 | AG15: 1 | AH15: 0 | AI15: 0 | AJ15: 0 | AK15: 2 | AL15: 1 | AM15: 2 | AN15: 1 | AO15: 1 | AP15: 0 | AQ15: 1 | AR15: 0 | AS15: 2 | AT15: 3 | AU15: 2 | AV15: 1 | AW15: 1 | AX15: 0 | AY15: 0 | AZ15: 2 | BA15: 0 | BB15: 1 | BC15: 2 | BD15: 0 | BE15: 2 | BF15: 2 | BG15: 1 | BH15: 0 | BI15: 0 | BJ15: 1 | BK15: 2 | BL15: 1 | BM15: 1 | BN15: 1 | BO15: 1 | BP15: 1 | BQ15: 1 | BR15: 1 | BS15: 0 | BT15: 2 | BU15: 1 | BV15: 1 | BW15: 1 | BX15: 1 | BY15: 1 | BZ15: 3 | CA15: 0 | CB15: 1 | CC15: 2 | CD15: 0 | CE15: 1 | CF15: 2 | CG15: 1 | CH15: 2 | CI15: 1 | CJ15: 0 | CK15: 0 | CL15: 2 | CM15: 2 | CN15: 1 | CO15: 1 | CP15: 1 | CQ15: 1 | CR15: 0 | CS15: 1 | CT15: 3 | CU15: 1 | CV15: 1 | CW15: 0 | CX15: 3 | CY15: 1 | CZ15: 1 | DA15: 1 | DB15: 0 | DC15: 2 | DD15: 1 | DE15: 0 | DF15: 3 | DG15: 1 | DH15: 0 | DI15: 0 | DJ15: 0 | DK15: 1 | DL15: 2 | DM15: 2 | DN15: 2 | DO15: 0 | DP15: 1 | DQ15: 0 | DR15: 0 | DS15: 0 | DT15: 1 | DU15: 0 | DV15: 1 | DW15: 1 | DX15: 1 | DY15: 1 | DZ15: 0 | EA15: 1 | EB15: 1 | EC15: 0 | ED15: 1 | EE15: 1 | EF15: 1 | EG15: 5 | EH15: 0 | EI15: 4 | EJ15: 0 | EK15: 2 | EL15: 2 | EM15: 2 | EN15: 2 | EO15: 0 | EP15: 1 | EQ15: 1 | ER15: 2 | ES15: 1 | ET15: 0 | EU15: 0 | EV15: 3 | EW15: 2 | EX15: 2 | EY15: 2 | EZ15: 0 | FA15: 2 | FB15: 1 | FC15: 1 | FD15: 1 | FE15: 0 | FF15: 0 | FG15: 1 | FH15: 1 | FI15: 0 | FJ15: 1 | FK15: 1 | FL15: 0 | FM15: 1 | FN15: 2 | FO15: 0 | FP15: 1 | FQ15: 2 | FR15: 2 | FS15: 0 | FT15: 1 | FU15: 1 | FV15: 0 | FW15: 2 | FX15: 0 | FY15: 0 | FZ15: 0 | GA15: 1 | GB15: 1 | GC15: 1 | GD15: 2 | GE15: 1 | GF15: 1 | GG15: 0 | GH15: 3 | GI15: 0 | GJ15: 1 | GK15: 2 | GL15: 2 | GM15: 2 | GN15: 0 | GO15: 1 | GP15: 4 | GQ15: 1 | GR15: 1 | GS15: 1 | GT15: 1 | GU15: 2 | GV15: 0 | GW15: 1 | GX15: 1 | GY15: 0 | GZ15: 2 | HA15: 0 | HB15: 2 | HC15: 0 | HD15: 1 | HE15: 0 | HF15: 1 | HG15: 1 | HH15: 1 | HI15: 1 | HJ15: 0 | HK15: 0 | HL15: 2 | HM15: 2 | HN15: 1 | HO15: 1 | HP15: 0 | HQ15: 1 | HR15: 2 | HS15: 0 | HT15: 0 | HU15: 3 | HV15: 1 | HW15: 1 | HX15: 3 | HY15: 0 | HZ15: 1 | IA15: 1 | IB15: 0 | IC15: 0 | ID15: 0 | IE15: 1 | IF15: 1 | IG15: 0 | IH15: 1 | II15: 4 | IJ15: 2 | IK15: 3 | IL15: 0 | IM15: 1 | IN15: 1 | IO15: 1 | IP15: 0 | IQ15: 1 | IR15: 1 | IS15: 0 | IT15: 4 | IU15: 2 | IV15: 0 | IW15: 1 | IX15: 0 | IY15: 3 | IZ15: 0 | JA15: 0 | JB15: 0 | JC15: 0 | JD15: 1 | JE15: 1 | JF15: 0 | JG15: 4 | JH15: 1 | JI15: 1 | JJ15: 0 | JK15: 2 | JL15: 1 | JM15: 1 | JN15: 1 | JO15: 0 | JP15: 0 | JQ15: 0 | JR15: 0 | JS15: 1 | JT15: 1 | JU15: 2 | JV15: 0 | JW15: 1 | JX15: 0 | JY15: 3 | JZ15: 0 | KA15: 0 | KB15: 0 | KC15: 2 | KD15: 1 | KE15: 2 | KF15: 2 | KG15: 1 | KH15: 3 | KI15: 1 | KJ15: 1 | KK15: 1 | KL15: 1 | KM15: 1 | KN15: 1 | KO15: 0 | KP15: 1 | KQ15: 2 | KR15: 0 | KS15: 1 | KT15: 0 | KU15: 3 | KV15: 0 | KW15: 1 | KX15: 1 | KY15: 1 | KZ15: 0 | LA15: 1 | LB15: 1 | LC15: 2 | LD15: 2 | LE15: 3 | LF15: 3 | LG15: 2 | LH15: 1 | LI15: 1 | LJ15: 0 | LK15: 3 | LL15: 2 | LM15: 1 | LN15: 0 | LO15: 0 | LP15: 1 | LQ15: 0 | LR15: 1 | LS15: 1 | LT15: 1 | LU15: 2 | LV15: 1 | LW15: 1 | LX15: 2 | LY15: 0 | LZ15: 1 | MA15: 1 | MB15: 2 | MC15: 1 | MD15: 0 | ME15: 1 | MF15: 1 | MG15: 2 | MH15: 2 | MI15: 1 | MJ15: 1 | MK15: 2 | ML15: 0 | MM15: 0 | MN15: 0 | MO15: 2 | MP15: 0 | MQ15: 0 | MR15: 0 | MS15: 0 | MT15: 0 | MU15: 0 | MV15: 2 | MW15: 1 | MX15: 1 | MY15: 0 | MZ15: 2 | NA15: 2 | NB15: 3 | NC15: 2 | ND15: 0 | NE15: 1 | NF15: 1 | NG15: 1 | NH15: 2 | NI15: 2 | NJ15: 0 | NK15: 0 | NL15: 1 | NM15: 0 | NN15: 1 | NO15: 1 | NP15: 1 | NQ15: 1 | NR15: 1 | NS15: 0 | NT15: 2 | NU15: 1 | NV15: 1 | NW15: 0 | NX15: 0 | NY15: 1 | NZ15: 4 | OA15: 1 | OB15: 0 | OC15: 2 | OD15: 3 | OE15: 2 | OF15: 1 | OG15: 1 | OH15: 3 | OI15: 0 | OJ15: 0 | OK15: 1 | OL15: 1 | OM15: 1 | ON15: 1 | OO15: 1 | OP15: 1 | OQ15: 3 | OR15: 0 | OS15: 0 | OT15: 3 | OU15: 1 | OV15: 1 | OW15: 1 | OX15: 1 | OY15: 1 | OZ15: 1 | PA15: 0 | PB15: 3 | PC15: 1 | PD15: 0 | PE15: 1 | PF15: 2 | PG15: 1 | PH15: 0 | PI15: 0 | PJ15: 0 | PK15: 1 | PL15: 0 | PM15: 0 | PN15: 0 | PO15: 0 | PP15: 1 | PQ15: 3 | PR15: 0 | PS15: 2 | PT15: 1 | PU15: 2 | PV15: 0 | PW15: 1 | PX15: 1 | PY15: 2 | PZ15: 1 | QA15: 2 | QB15: 0 | QC15: 0 | QD15: 0 | QE15: 0 | QF15: 1 | QG15: 1 | QH15: 0 | QI15: 1 | QJ15: 3 | QK15: 0 | QL15: 1 | QM15: 2 | QN15: 0 | QO15: 1 | QP15: 1 | QQ15: 1 | QR15: 1 | QS15: 0 | QT15: 0 | QU15: 0 | QV15: 1 | QW15: 1 | QX15: 0 | QY15: 1 | QZ15: 1 | RA15: 0 | RB15: 1 | RC15: 0 | RD15: 3 | RE15: 0 | RF15: 0 | RG15: 0 | RH15: 2 | RI15: 0 | RJ15: 3 | RK15: 1 | RL15: 1 | RM15: 0 | RN15: 3 | RO15: 2 | RP15: 0 | RQ15: 0 | RR15: 2 | RS15: 3 | RT15: 1 | RU15: 1 | RV15: 2 | RW15: 3 | RX15: 0 | RY15: 2 | RZ15: 1 | SA15: 1 | SB15: 3 | SC15: 0 | SD15: 0 | SE15: 1 | SF15: 0 | SG15: 0
... A34: R30 | B34: 2 | C34: 2 | D34: 2 | E34: 3 | F34: 0 | G34: 0 | H34: 2 | I34: 1 | J34: 0 | K34: 0 | L34: 1 | M34: 0 | N34: 1 | O34: 1 | P34: 1 | Q34: 1 | R34: 1 | S34: 0 | T34: 0 | U34: 0 | V34: 2 | W34: 0 | X34: 0 | Y34: 0 | Z34: 1 | AA34: 1 | AB34: 0 | AC34: 0 | AD34: 0 | AE34: 0 | AF34: 2 | AG34: 1 | AH34: 1 | AI34: 1 | AJ34: 1 | AK34: 1 | AL34: 1 | AM34: 2 | AN34: 1 | AO34: 1 | AP34: 1 | AQ34: 1 | AR34: 1 | AS34: 1 | AT34: 2 | AU34: 0 | AV34: 1 | AW34: 0 | AX34: 1 | AY34: 1 | AZ34: 1 | BA34: 1 | BB34: 4 | BC34: 2 | BD34: 3 | BE34: 0 | BF34: 0 | BG34: 1 | BH34: 1 | BI34: 1 | BJ34: 0 | BK34: 2 | BL34: 2 | BM34: 2 | BN34: 1 | BO34: 1 | BP34: 2 | BQ34: 1 | BR34: 0 | BS34: 0 | BT34: 2 | BU34: 1 | BV34: 2 | BW34: 0 | BX34: 1 | BY34: 1 | BZ34: 0 | CA34: 5 | CB34: 1 | CC34: 0 | CD34: 1 | CE34: 1 | CF34: 0 | CG34: 0 | CH34: 1 | CI34: 2 | CJ34: 0 | CK34: 1 | CL34: 1 | CM34: 2 | CN34: 3 | CO34: 1 | CP34: 1 | CQ34: 1 | CR34: 2 | CS34: 1 | CT34: 1 | CU34: 1 | CV34: 0 | CW34: 2 | CX34: 0 | CY34: 1 | CZ34: 1 | DA34: 3 | DB34: 2 | DC34: 0 | DD34: 2 | DE34: 0 | DF34: 0 | DG34: 0 | DH34: 0 | DI34: 1 | DJ34: 2 | DK34: 2 | DL34: 2 | DM34: 3 | DN34: 1 | DO34: 3 | DP34: 2 | DQ34: 1 | DR34: 1 | DS34: 1 | DT34: 2 | DU34: 1 | DV34: 1 | DW34: 0 | DX34: 1 | DY34: 1 | DZ34: 0 | EA34: 0 | EB34: 0 | EC34: 1 | ED34: 1 | EE34: 1 | EF34: 1 | EG34: 1 | EH34: 2 | EI34: 0 | EJ34: 2 | EK34: 0 | EL34: 1 | EM34: 0 | EN34: 1 | EO34: 1 | EP34: 0 | EQ34: 1 | ER34: 2 | ES34: 0 | ET34: 1 | EU34: 1 | EV34: 2 | EW34: 1 | EX34: 0 | EY34: 0 | EZ34: 1 | FA34: 2 | FB34: 1 | FC34: 1 | FD34: 1 | FE34: 1 | FF34: 1 | FG34: 1 | FH34: 1 | FI34: 1 | FJ34: 3 | FK34: 0 | FL34: 1 | FM34: 1 | FN34: 1 | FO34: 1 | FP34: 1 | FQ34: 0 | FR34: 0 | FS34: 1 | FT34: 2 | FU34: 0 | FV34: 0 | FW34: 0 | FX34: 2 | FY34: 0 | FZ34: 0 | GA34: 1 | GB34: 0 | GC34: 0 | GD34: 0 | GE34: 1 | GF34: 0 | GG34: 1 | GH34: 2 | GI34: 0 | GJ34: 1 | GK34: 0 | GL34: 2 | GM34: 1 | GN34: 2 | GO34: 0 | GP34: 0 | GQ34: 0 | GR34: 1 | GS34: 0 | GT34: 1 | GU34: 1 | GV34: 0 | GW34: 2 | GX34: 0 | GY34: 1 | GZ34: 1 | HA34: 0 | HB34: 1 | HC34: 0 | HD34: 0 | HE34: 1 | HF34: 0 | HG34: 0 | HH34: 1 | HI34: 1 | HJ34: 0 | HK34: 3 | HL34: 3 | HM34: 2 | HN34: 1 | HO34: 2 | HP34: 1 | HQ34: 0 | HR34: 0 | HS34: 0 | HT34: 0 | HU34: 2 | HV34: 1 | HW34: 1 | HX34: 0 | HY34: 1 | HZ34: 1 | IA34: 1 | IB34: 1 | IC34: 1 | ID34: 3 | IE34: 0 | IF34: 2 | IG34: 0 | IH34: 2 | II34: 0 | IJ34: 0 | IK34: 1 | IL34: 0 | IM34: 0 | IN34: 0 | IO34: 2 | IP34: 4 | IQ34: 0 | IR34: 0 | IS34: 0 | IT34: 1 | IU34: 1 | IV34: 0 | IW34: 1 | IX34: 1 | IY34: 3 | IZ34: 5 | JA34: 1 | JB34: 1 | JC34: 2 | JD34: 0 | JE34: 0 | JF34: 2 | JG34: 0 | JH34: 0 | JI34: 0 | JJ34: 3 | JK34: 0 | JL34: 1 | JM34: 1 | JN34: 0 | JO34: 2 | JP34: 1 | JQ34: 1 | JR34: 0 | JS34: 4 | JT34: 0 | JU34: 1 | JV34: 1 | JW34: 2 | JX34: 3 | JY34: 0 | JZ34: 0 | KA34: 0 | KB34: 0 | KC34: 1 | KD34: 1 | KE34: 2 | KF34: 2 | KG34: 0 | KH34: 1 | KI34: 2 | KJ34: 0 | KK34: 2 | KL34: 1 | KM34: 0 | KN34: 3 | KO34: 1 | KP34: 4 | KQ34: 0 | KR34: 3 | KS34: 0 | KT34: 1 | KU34: 1 | KV34: 2 | KW34: 1 | KX34: 0 | KY34: 1 | KZ34: 3 | LA34: 0 | LB34: 1 | LC34: 1 | LD34: 1 | LE34: 1 | LF34: 1 | LG34: 0 | LH34: 0 | LI34: 1 | LJ34: 0 | LK34: 0 | LL34: 1 | LM34: 3 | LN34: 0 | LO34: 2 | LP34: 1 | LQ34: 2 | LR34: 1 | LS34: 2 | LT34: 0 | LU34: 0 | LV34: 2 | LW34: 1 | LX34: 0 | LY34: 0 | LZ34: 1 | MA34: 3 | MB34: 2 | MC34: 1 | MD34: 2 | ME34: 0 | MF34: 1 | MG34: 0 | MH34: 0 | MI34: 1 | MJ34: 0 | MK34: 1 | ML34: 2 | MM34: 2 | MN34: 2 | MO34: 1 | MP34: 3 | MQ34: 3 | MR34: 1 | MS34: 2 | MT34: 2 | MU34: 1 | MV34: 1 | MW34: 0 | MX34: 1 | MY34: 1 | MZ34: 0 | NA34: 0 | NB34: 0 | NC34: 0 | ND34: 1 | NE34: 2 | NF34: 0 | NG34: 2 | NH34: 3 | NI34: 2 | NJ34: 0 | NK34: 0 | NL34: 2 | NM34: 1 | NN34: 1 | NO34: 0 | NP34: 1 | NQ34: 1 | NR34: 2 | NS34: 1 | NT34: 3 | NU34: 2 | NV34: 1 | NW34: 0 | NX34: 1 | NY34: 2 | NZ34: 1 | OA34: 0 | OB34: 0 | OC34: 1 | OD34: 0 | OE34: 1 | OF34: 1 | OG34: 1 | OH34: 1 | OI34: 1 | OJ34: 1 | OK34: 3 | OL34: 2 | OM34: 1 | ON34: 0 | OO34: 1 | OP34: 0 | OQ34: 0 | OR34: 0 | OS34: 1 | OT34: 1 | OU34: 0 | OV34: 1 | OW34: 0 | OX34: 1 | OY34: 1 | OZ34: 0 | PA34: 0 | PB34: 0 | PC34: 0 | PD34: 1 | PE34: 0 | PF34: 4 | PG34: 2 | PH34: 0 | PI34: 4 | PJ34: 0 | PK34: 0 | PL34: 1 | PM34: 2 | PN34: 2 | PO34: 2 | PP34: 1 | PQ34: 0 | PR34: 1 | PS34: 1 | PT34: 1 | PU34: 0 | PV34: 1 | PW34: 2 | PX34: 2 | PY34: 1 | PZ34: 0 | QA34: 3 | QB34: 1 | QC34: 0 | QD34: 1 | QE34: 1 | QF34: 2 | QG34: 1 | QH34: 2 | QI34: 1 | QJ34: 0 | QK34: 0 | QL34: 0 | QM34: 2 | QN34: 0 | QO34: 2 | QP34: 1 | QQ34: 1 | QR34: 0 | QS34: 0 | QT34: 0 | QU34: 0 | QV34: 0 | QW34: 1 | QX34: 0 | QY34: 1 | QZ34: 0 | RA34: 1 | RB34: 0 | RC34: 3 | RD34: 1 | RE34: 0 | RF34: 1 | RG34: 1 | RH34: 1 | RI34: 0 | RJ34: 1 | RK34: 1 | RL34: 0 | RM34: 1 | RN34: 0 | RO34: 1 | RP34: 1 | RQ34: 0 | RR34: 1 | RS34: 0 | RT34: 1 | RU34: 2 | RV34: 1 | RW34: 2 | RX34: 0 | RY34: 0 | RZ34: 0 | SA34: 1 | SB34: 2 | SC34: 1 | SD34: 2 | SE34: 2 | SF34: 3 | SG34: 4
A35: 合計 | B35: =SUM(B5:B34) -> 30 | C35: =SUM(C5:C34) -> 30 | D35: =SUM(D5:D34) -> 30 | E35: =SUM(E5:E34) -> 30 | F35: =SUM(F5:F34) -> 30 | G35: =SUM(G5:G34) -> 30 | H35: =SUM(H5:H34) -> 30 | I35: =SUM(I5:I34) -> 30 | ... SG35: =SUM(SG5:SG34) -> 30

Sheet 5_Bootstrap
A1: 步驟 6：Bootstrapping 路徑係數顯著性（B = 500）
A2: 每一列 = 一次重抽樣本。以抽樣次數為權重，計算加權相關係數，再以兩預測變數之標準化迴歸公式求 β。
A4: 路徑 | B4: 原始 β | C4: Bootstrap 平均 | D4: Bootstrap SE | E4: t = β/SE | F4: p（雙尾） | G4: 95% CI 下界 | H4: 95% CI 上界 | I4: 判斷
A5: ENG → SAT | B5: =2_路徑與R2!B11 -> 0.33502103 | C5: =AVERAGE(T12:T511) -> 0.3213024 | D5: =STDEV(T12:T511) -> 0.15043623 | E5: =B5/D5 -> 2.2269969 | F5: =TDIST(ABS(E5),500-1,2) -> 0.026392897 | G5: =PERCENTILE(T12:T511,0.025) -> -0.024030073 | H5: =PERCENTILE(T12:T511,0.975) -> 0.60250242 | I5: =IF(AND(F5<0.05,G5*H5>0),"顯著",IF(AND(F5>=0.05,G5*H5<=0),"不顯著","不一致：審慎解讀")) -> 不一致：審慎解讀
A6: TQ → SAT | B6: =2_路徑與R2!B12 -> 0.48976718 | C6: =AVERAGE(U12:U511) -> 0.48884466 | D6: =STDEV(U12:U511) -> 0.16534751 | E6: =B6/D6 -> 2.9620475 | F6: =TDIST(ABS(E6),500-1,2) -> 0.0032017356 | G6: =PERCENTILE(U12:U511,0.025) -> 0.12589896 | H6: =PERCENTILE(U12:U511,0.975) -> 0.79994983 | I6: =IF(AND(F6<0.05,G6*H6>0),"顯著",IF(AND(F6>=0.05,G6*H6<=0),"不顯著","不一致：審慎解讀")) -> 顯著
A7: TQ → INT | B7: =2_路徑與R2!B13 -> 0.15538053 | C7: =AVERAGE(V12:V511) -> 0.14542235 | D7: =STDEV(V12:V511) -> 0.16101361 | E7: =B7/D7 -> 0.96501485 | F7: =TDIST(ABS(E7),500-1,2) -> 0.33500481 | G7: =PERCENTILE(V12:V511,0.025) -> -0.20757997 | H7: =PERCENTILE(V12:V511,0.975) -> 0.44151448 | I7: =IF(AND(F7<0.05,G7*H7>0),"顯著",IF(AND(F7>=0.05,G7*H7<=0),"不顯著","不一致：審慎解讀")) -> 不顯著
A8: SAT → INT | B8: =2_路徑與R2!B14 -> 0.53520369 | C8: =AVERAGE(W12:W511) -> 0.50760127 | D8: =STDEV(W12:W511) -> 0.16930606 | E8: =B8/D8 -> 3.1611609 | F8: =TDIST(ABS(E8),500-1,2) -> 0.001666947 | G8: =PERCENTILE(W12:W511,0.025) -> 0.12610349 | H8: =PERCENTILE(W12:W511,0.975) -> 0.7947922 | I8: =IF(AND(F8<0.05,G8*H8>0),"顯著",IF(AND(F8>=0.05,G8*H8<=0),"不顯著","不一致：審慎解讀")) -> 顯著
A9: 判斷：p < .05 且 95% CI 不含 0 → 顯著；兩者結論不同 → 不一致，應審慎解讀。t 臨界值約 1.96（α=.05，雙尾）。
A11: Resample | B11: m_ENG | C11: m_TQ | D11: m_SAT | E11: m_INT | F11: v_ENG | G11: v_TQ | H11: v_SAT | I11: v_INT | J11: cov_ENG_TQ | K11: cov_ENG_SAT | L11: cov_TQ_SAT | M11: cov_TQ_INT | N11: cov_SAT_INT | O11: r_ENG_TQ | P11: r_ENG_SAT | Q11: r_TQ_SAT | R11: r_TQ_INT | S11: r_SAT_INT | T11: β ENG→SAT | U11: β TQ→SAT | V11: β TQ→INT | W11: β SAT→INT
A12: 1 | B12: =SUMPRODUCT(Boot_抽樣次數!$B$5:$B$34,1_構念分數!AD$5:AD$34)/30 -> 0.1379716 | C12: =SUMPRODUCT(Boot_抽樣次數!$B$5:$B$34,1_構念分數!AE$5:AE$34)/30 -> -0.085694346 | D12: =SUMPRODUCT(Boot_抽樣次數!$B$5:$B$34,1_構念分數!AF$5:AF$34)/30 -> 0.079161869 | E12: =SUMPRODUCT(Boot_抽樣次數!$B$5:$B$34,1_構念分數!AG$5:AG$34)/30 -> 0.092436387 | F12: =SUMPRODUCT(Boot_抽樣次數!$B$5:$B$34,1_構念分數!AD$5:AD$34,1_構念分數!AD$5:AD$34)/30-B12^2 -> 1.0507912 | G12: =SUMPRODUCT(Boot_抽樣次數!$B$5:$B$34,1_構念分數!AE$5:AE$34,1_構念分數!AE$5:AE$34)/30-C12^2 -> 0.98930387 | H12: =SUMPRODUCT(Boot_抽樣次數!$B$5:$B$34,1_構念分數!AF$5:AF$34,1_構念分數!AF$5:AF$34)/30-D12^2 -> 1.1206456 | I12: =SUMPRODUCT(Boot_抽樣次數!$B$5:$B$34,1_構念分數!AG$5:AG$34,1_構念分數!AG$5:AG$34)/30-E12^2 -> 0.98883486 | J12: =SUMPRODUCT(Boot_抽樣次數!$B$5:$B$34,1_構念分數!AD$5:AD$34,1_構念分數!AE$5:AE$34)/30-B12*C12 -> 0.40872757 | K12: =SUMPRODUCT(Boot_抽樣次數!$B$5:$B$34,1_構念分數!AD$5:AD$34,1_構念分數!AF$5:AF$34)/30-B12*D12 -> 0.69871474 | L12: =SUMPRODUCT(Boot_抽樣次數!$B$5:$B$34,1_構念分數!AE$5:AE$34,1_構念分數!AF$5:AF$34)/30-C12*D12 -> 0.62524781 | M12: =SUMPRODUCT(Boot_抽樣次數!$B$5:$B$34,1_構念分數!AE$5:AE$34,1_構念分數!AG$5:AG$34)/30-C12*E12 -> 0.55698909 | N12: =SUMPRODUCT(Boot_抽樣次數!$B$5:$B$34,1_構念分數!AF$5:AF$34,1_構念分數!AG$5:AG$34)/30-D12*E12 -> 0.812961 | O12: =J12/SQRT(F12*G12) -> 0.40087675 | P12: =K12/SQRT(F12*H12) -> 0.64388388 | Q12: =L12/SQRT(G12*H12) -> 0.59381775 | R12: =M12/SQRT(G12*I12) -> 0.56314464 | S12: =N12/SQRT(H12*I12) -> 0.77227803 | T12: =(P12-Q12*O12)/(1-O12^2) -> 0.48354247 | U12: =(Q12-P12*O12)/(1-O12^2) -> 0.39997681 | V12: =(R12-S12*Q12)/(1-Q12^2) -> 0.16150044 | W12: =(S12-R12*Q12)/(1-Q12^2) -> 0.6763762
A13: 2 | B13: =SUMPRODUCT(Boot_抽樣次數!$C$5:$C$34,1_構念分數!AD$5:AD$34)/30 -> -0.057635422 | C13: =SUMPRODUCT(Boot_抽樣次數!$C$5:$C$34,1_構念分數!AE$5:AE$34)/30 -> -0.045314529 | D13: =SUMPRODUCT(Boot_抽樣次數!$C$5:$C$34,1_構念分數!AF$5:AF$34)/30 -> 0.10656691 | E13: =SUMPRODUCT(Boot_抽樣次數!$C$5:$C$34,1_構念分數!AG$5:AG$34)/30 -> 0.096238832 | F13: =SUMPRODUCT(Boot_抽樣次數!$C$5:$C$34,1_構念分數!AD$5:AD$34,1_構念分數!AD$5:AD$34)/30-B13^2 -> 0.91469825 | G13: =SUMPRODUCT(Boot_抽樣次數!$C$5:$C$34,1_構念分數!AE$5:AE$34,1_構念分數!AE$5:AE$34)/30-C13^2 -> 0.99713494 | H13: =SUMPRODUCT(Boot_抽樣次數!$C$5:$C$34,1_構念分數!AF$5:AF$34,1_構念分數!AF$5:AF$34)/30-D13^2 -> 0.88759948 | I13: =SUMPRODUCT(Boot_抽樣次數!$C$5:$C$34,1_構念分數!AG$5:AG$34,1_構念分數!AG$5:AG$34)/30-E13^2 -> 0.68080118 | J13: =SUMPRODUCT(Boot_抽樣次數!$C$5:$C$34,1_構念分數!AD$5:AD$34,1_構念分數!AE$5:AE$34)/30-B13*C13 -> 0.44152873 | K13: =SUMPRODUCT(Boot_抽樣次數!$C$5:$C$34,1_構念分數!AD$5:AD$34,1_構念分數!AF$5:AF$34)/30-B13*D13 -> 0.41742387 | L13: =SUMPRODUCT(Boot_抽樣次數!$C$5:$C$34,1_構念分數!AE$5:AE$34,1_構念分數!AF$5:AF$34)/30-C13*D13 -> 0.64142698 | M13: =SUMPRODUCT(Boot_抽樣次數!$C$5:$C$34,1_構念分數!AE$5:AE$34,1_構念分數!AG$5:AG$34)/30-C13*E13 -> 0.4066976 | N13: =SUMPRODUCT(Boot_抽樣次數!$C$5:$C$34,1_構念分數!AF$5:AF$34,1_構念分數!AG$5:AG$34)/30-D13*E13 -> 0.45231351 | O13: =J13/SQRT(F13*G13) -> 0.46232043 | P13: =K13/SQRT(F13*H13) -> 0.46326537 | Q13: =L13/SQRT(G13*H13) -> 0.68180744 | R13: =M13/SQRT(G13*I13) -> 0.49361061 | S13: =N13/SQRT(H13*I13) -> 0.58186319 | T13: =(P13-Q13*O13)/(1-O13^2) -> 0.18829891 | U13: =(Q13-P13*O13)/(1-O13^2) -> 0.59475301 | V13: =(R13-S13*Q13)/(1-Q13^2) -> 0.18105955 | W13: =(S13-R13*Q13)/(1-Q13^2) -> 0.45841544
A14: 3 | B14: =SUMPRODUCT(Boot_抽樣次數!$D$5:$D$34,1_構念分數!AD$5:AD$34)/30 -> 0.070065165 | C14: =SUMPRODUCT(Boot_抽樣次數!$D$5:$D$34,1_構念分數!AE$5:AE$34)/30 -> -0.082957318 | D14: =SUMPRODUCT(Boot_抽樣次數!$D$5:$D$34,1_構念分數!AF$5:AF$34)/30 -> -0.037276777 | E14: =SUMPRODUCT(Boot_抽樣次數!$D$5:$D$34,1_構念分數!AG$5:AG$34)/30 -> -0.28191746 | F14: =SUMPRODUCT(Boot_抽樣次數!$D$5:$D$34,1_構念分數!AD$5:AD$34,1_構念分數!AD$5:AD$34)/30-B14^2 -> 0.45811847 | G14: =SUMPRODUCT(Boot_抽樣次數!$D$5:$D$34,1_構念分數!AE$5:AE$34,1_構念分數!AE$5:AE$34)/30-C14^2 -> 1.1557279 | H14: =SUMPRODUCT(Boot_抽樣次數!$D$5:$D$34,1_構念分數!AF$5:AF$34,1_構念分數!AF$5:AF$34)/30-D14^2 -> 1.1446483 | I14: =SUMPRODUCT(Boot_抽樣次數!$D$5:$D$34,1_構念分數!AG$5:AG$34,1_構念分數!AG$5:AG$34)/30-E14^2 -> 1.1850776 | J14: =SUMPRODUCT(Boot_抽樣次數!$D$5:$D$34,1_構念分數!AD$5:AD$34,1_構念分數!AE$5:AE$34)/30-B14*C14 -> 0.33337464 | K14: =SUMPRODUCT(Boot_抽樣次數!$D$5:$D$34,1_構念分數!AD$5:AD$34,1_構念分數!AF$5:AF$34)/30-B14*D14 -> 0.38159749 | L14: =SUMPRODUCT(Boot_抽樣次數!$D$5:$D$34,1_構念分數!AE$5:AE$34,1_構念分數!AF$5:AF$34)/30-C14*D14 -> 0.82011992 | M14: =SUMPRODUCT(Boot_抽樣次數!$D$5:$D$34,1_構念分數!AE$5:AE$34,1_構念分數!AG$5:AG$34)/30-C14*E14 -> 0.71647871 | N14: =SUMPRODUCT(Boot_抽樣次數!$D$5:$D$34,1_構念分數!AF$5:AF$34,1_構念分數!AG$5:AG$34)/30-D14*E14 -> 0.80736491 | O14: =J14/SQRT(F14*G14) -> 0.45815863 | P14: =K14/SQRT(F14*H14) -> 0.52696354 | Q14: =L14/SQRT(G14*H14) -> 0.71303939 | R14: =M14/SQRT(G14*I14) -> 0.61221237 | S14: =N14/SQRT(H14*I14) -> 0.693203 | T14: =(P14-Q14*O14)/(1-O14^2) -> 0.25348785 | U14: =(Q14-P14*O14)/(1-O14^2) -> 0.59690174 | V14: =(R14-S14*Q14)/(1-Q14^2) -> 0.23990514 | W14: =(S14-R14*Q14)/(1-Q14^2) -> 0.52214119
A15: 4 | B15: =SUMPRODUCT(Boot_抽樣次數!$E$5:$E$34,1_構念分數!AD$5:AD$34)/30 -> 0.028748851 | C15: =SUMPRODUCT(Boot_抽樣次數!$E$5:$E$34,1_構念分數!AE$5:AE$34)/30 -> -0.075164653 | D15: =SUMPRODUCT(Boot_抽樣次數!$E$5:$E$34,1_構念分數!AF$5:AF$34)/30 -> 0.17228271 | E15: =SUMPRODUCT(Boot_抽樣次數!$E$5:$E$34,1_構念分數!AG$5:AG$34)/30 -> 0.07595937 | F15: =SUMPRODUCT(Boot_抽樣次數!$E$5:$E$34,1_構念分數!AD$5:AD$34,1_構念分數!AD$5:AD$34)/30-B15^2 -> 0.75839096 | G15: =SUMPRODUCT(Boot_抽樣次數!$E$5:$E$34,1_構念分數!AE$5:AE$34,1_構念分數!AE$5:AE$34)/30-C15^2 -> 0.67066252 | H15: =SUMPRODUCT(Boot_抽樣次數!$E$5:$E$34,1_構念分數!AF$5:AF$34,1_構念分數!AF$5:AF$34)/30-D15^2 -> 0.69620398 | I15: =SUMPRODUCT(Boot_抽樣次數!$E$5:$E$34,1_構念分數!AG$5:AG$34,1_構念分數!AG$5:AG$34)/30-E15^2 -> 0.5301252 | J15: =SUMPRODUCT(Boot_抽樣次數!$E$5:$E$34,1_構念分數!AD$5:AD$34,1_構念分數!AE$5:AE$34)/30-B15*C15 -> 0.18336741 | K15: =SUMPRODUCT(Boot_抽樣次數!$E$5:$E$34,1_構念分數!AD$5:AD$34,1_構念分數!AF$5:AF$34)/30-B15*D15 -> 0.37752281 | L15: =SUMPRODUCT(Boot_抽樣次數!$E$5:$E$34,1_構念分數!AE$5:AE$34,1_構念分數!AF$5:AF$34)/30-C15*D15 -> 0.27825611 | M15: =SUMPRODUCT(Boot_抽樣次數!$E$5:$E$34,1_構念分數!AE$5:AE$34,1_構念分數!AG$5:AG$34)/30-C15*E15 -> 0.2090399 | N15: =SUMPRODUCT(Boot_抽樣次數!$E$5:$E$34,1_構念分數!AF$5:AF$34,1_構念分數!AG$5:AG$34)/30-D15*E15 -> 0.36070951 | O15: =J15/SQRT(F15*G15) -> 0.25711272 | P15: =K15/SQRT(F15*H15) -> 0.51955122 | Q15: =L15/SQRT(G15*H15) -> 0.40721563 | R15: =M15/SQRT(G15*I15) -> 0.35058066 | S15: =N15/SQRT(H15*I15) -> 0.59374522 | T15: =(P15-Q15*O15)/(1-O15^2) -> 0.44421672 | U15: =(Q15-P15*O15)/(1-O15^2) -> 0.29300186 | V15: =(R15-S15*Q15)/(1-Q15^2) -> 0.1304262 | W15: =(S15-R15*Q15)/(1-Q15^2) -> 0.54063363
A16: 5 | B16: =SUMPRODUCT(Boot_抽樣次數!$F$5:$F$34,1_構念分數!AD$5:AD$34)/30 -> 0.043597832 | C16: =SUMPRODUCT(Boot_抽樣次數!$F$5:$F$34,1_構念分數!AE$5:AE$34)/30 -> 0.069650288 | D16: =SUMPRODUCT(Boot_抽樣次數!$F$5:$F$34,1_構念分數!AF$5:AF$34)/30 -> 0.050803451 | E16: =SUMPRODUCT(Boot_抽樣次數!$F$5:$F$34,1_構念分數!AG$5:AG$34)/30 -> 0.097535667 | F16: =SUMPRODUCT(Boot_抽樣次數!$F$5:$F$34,1_構念分數!AD$5:AD$34,1_構念分數!AD$5:AD$34)/30-B16^2 -> 1.0720583 | G16: =SUMPRODUCT(Boot_抽樣次數!$F$5:$F$34,1_構念分數!AE$5:AE$34,1_構念分數!AE$5:AE$34)/30-C16^2 -> 1.3133436 | H16: =SUMPRODUCT(Boot_抽樣次數!$F$5:$F$34,1_構念分數!AF$5:AF$34,1_構念分數!AF$5:AF$34)/30-D16^2 -> 1.1786546 | I16: =SUMPRODUCT(Boot_抽樣次數!$F$5:$F$34,1_構念分數!AG$5:AG$34,1_構念分數!AG$5:AG$34)/30-E16^2 -> 1.3306865 | J16: =SUMPRODUCT(Boot_抽樣次數!$F$5:$F$34,1_構念分數!AD$5:AD$34,1_構念分數!AE$5:AE$34)/30-B16*C16 -> 0.69624751 | K16: =SUMPRODUCT(Boot_抽樣次數!$F$5:$F$34,1_構念分數!AD$5:AD$34,1_構念分數!AF$5:AF$34)/30-B16*D16 -> 0.75596534 | L16: =SUMPRODUCT(Boot_抽樣次數!$F$5:$F$34,1_構念分數!AE$5:AE$34,1_構念分數!AF$5:AF$34)/30-C16*D16 -> 0.92186592 | M16: =SUMPRODUCT(Boot_抽樣次數!$F$5:$F$34,1_構念分數!AE$5:AE$34,1_構念分數!AG$5:AG$34)/30-C16*E16 -> 0.9243641 | N16: =SUMPRODUCT(Boot_抽樣次數!$F$5:$F$34,1_構念分數!AF$5:AF$34,1_構念分數!AG$5:AG$34)/30-D16*E16 -> 1.0330706 | O16: =J16/SQRT(F16*G16) -> 0.58676644 | P16: =K16/SQRT(F16*H16) -> 0.67251101 | Q16: =L16/SQRT(G16*H16) -> 0.74094386 | R16: =M16/SQRT(G16*I16) -> 0.69922349 | S16: =N16/SQRT(H16*I16) -> 0.8248953 | T16: =(P16-Q16*O16)/(1-O16^2) -> 0.36258679 | U16: =(Q16-P16*O16)/(1-O16^2) -> 0.5281901 | V16: =(R16-S16*Q16)/(1-Q16^2) -> 0.19517063 | W16: =(S16-R16*Q16)/(1-Q16^2) -> 0.68028482
A17: 6 | B17: =SUMPRODUCT(Boot_抽樣次數!$G$5:$G$34,1_構念分數!AD$5:AD$34)/30 -> -0.22340676 | C17: =SUMPRODUCT(Boot_抽樣次數!$G$5:$G$34,1_構念分數!AE$5:AE$34)/30 -> 0.044775185 | D17: =SUMPRODUCT(Boot_抽樣次數!$G$5:$G$34,1_構念分數!AF$5:AF$34)/30 -> 0.11546113 | E17: =SUMPRODUCT(Boot_抽樣次數!$G$5:$G$34,1_構念分數!AG$5:AG$34)/30 -> 0.14834736 | F17: =SUMPRODUCT(Boot_抽樣次數!$G$5:$G$34,1_構念分數!AD$5:AD$34,1_構念分數!AD$5:AD$34)/30-B17^2 -> 1.3479837 | G17: =SUMPRODUCT(Boot_抽樣次數!$G$5:$G$34,1_構念分數!AE$5:AE$34,1_構念分數!AE$5:AE$34)/30-C17^2 -> 1.2016033 | H17: =SUMPRODUCT(Boot_抽樣次數!$G$5:$G$34,1_構念分數!AF$5:AF$34,1_構念分數!AF$5:AF$34)/30-D17^2 -> 1.2731623 | I17: =SUMPRODUCT(Boot_抽樣次數!$G$5:$G$34,1_構念分數!AG$5:AG$34,1_構念分數!AG$5:AG$34)/30-E17^2 -> 1.2155635 | J17: =SUMPRODUCT(Boot_抽樣次數!$G$5:$G$34,1_構念分數!AD$5:AD$34,1_構念分數!AE$5:AE$34)/30-B17*C17 -> 0.94432072 | K17: =SUMPRODUCT(Boot_抽樣次數!$G$5:$G$34,1_構念分數!AD$5:AD$34,1_構念分數!AF$5:AF$34)/30-B17*D17 -> 0.83726512 | L17: =SUMPRODUCT(Boot_抽樣次數!$G$5:$G$34,1_構念分數!AE$5:AE$34,1_構念分數!AF$5:AF$34)/30-C17*D17 -> 1.0002129 | M17: =SUMPRODUCT(Boot_抽樣次數!$G$5:$G$34,1_構念分數!AE$5:AE$34,1_構念分數!AG$5:AG$34)/30-C17*E17 -> 0.76507885 | N17: =SUMPRODUCT(Boot_抽樣次數!$G$5:$G$34,1_構念分數!AF$5:AF$34,1_構念分數!AG$5:AG$34)/30-D17*E17 -> 0.9044546 | O17: =J17/SQRT(F17*G17) -> 0.74198762 | P17: =K17/SQRT(F17*H17) -> 0.6391147 | Q17: =L17/SQRT(G17*H17) -> 0.80866757 | R17: =M17/SQRT(G17*I17) -> 0.63304826 | S17: =N17/SQRT(H17*I17) -> 0.72703626 | T17: =(P17-Q17*O17)/(1-O17^2) -> 0.086979631 | U17: =(Q17-P17*O17)/(1-O17^2) -> 0.74412976 | V17: =(R17-S17*Q17)/(1-Q17^2) -> 0.13037634 | W17: =(S17-R17*Q17)/(1-Q17^2) -> 0.62160514
A18: 7 | B18: =SUMPRODUCT(Boot_抽樣次數!$H$5:$H$34,1_構念分數!AD$5:AD$34)/30 -> -0.0453434 | C18: =SUMPRODUCT(Boot_抽樣次數!$H$5:$H$34,1_構念分數!AE$5:AE$34)/30 -> 0.072467933 | D18: =SUMPRODUCT(Boot_抽樣次數!$H$5:$H$34,1_構念分數!AF$5:AF$34)/30 -> 0.13392367 | E18: =SUMPRODUCT(Boot_抽樣次數!$H$5:$H$34,1_構念分數!AG$5:AG$34)/30 -> 0.10591681 | F18: =SUMPRODUCT(Boot_抽樣次數!$H$5:$H$34,1_構念分數!AD$5:AD$34,1_構念分數!AD$5:AD$34)/30-B18^2 -> 1.0605747 | G18: =SUMPRODUCT(Boot_抽樣次數!$H$5:$H$34,1_構念分數!AE$5:AE$34,1_構念分數!AE$5:AE$34)/30-C18^2 -> 0.65583909 | H18: =SUMPRODUCT(Boot_抽樣次數!$H$5:$H$34,1_構念分數!AF$5:AF$34,1_構念分數!AF$5:AF$34)/30-D18^2 -> 0.61150663 | I18: =SUMPRODUCT(Boot_抽樣次數!$H$5:$H$34,1_構念分數!AG$5:AG$34,1_構念分數!AG$5:AG$34)/30-E18^2 -> 0.51418549 | J18: =SUMPRODUCT(Boot_抽樣次數!$H$5:$H$34,1_構念分數!AD$5:AD$34,1_構念分數!AE$5:AE$34)/30-B18*C18 -> 0.35061488 | K18: =SUMPRODUCT(Boot_抽樣次數!$H$5:$H$34,1_構念分數!AD$5:AD$34,1_構念分數!AF$5:AF$34)/30-B18*D18 -> 0.37848491 | L18: =SUMPRODUCT(Boot_抽樣次數!$H$5:$H$34,1_構念分數!AE$5:AE$34,1_構念分數!AF$5:AF$34)/30-C18*D18 -> 0.32047183 | M18: =SUMPRODUCT(Boot_抽樣次數!$H$5:$H$34,1_構念分數!AE$5:AE$34,1_構念分數!AG$5:AG$34)/30-C18*E18 -> -0.018088868 | N18: =SUMPRODUCT(Boot_抽樣次數!$H$5:$H$34,1_構念分數!AF$5:AF$34,1_構念分數!AG$5:AG$34)/30-D18*E18 -> 0.13054554 | O18: =J18/SQRT(F18*G18) -> 0.42039841 | P18: =K18/SQRT(F18*H18) -> 0.46997781 | Q18: =L18/SQRT(G18*H18) -> 0.50604674 | R18: =M18/SQRT(G18*I18) -> -0.031149625 | S18: =N18/SQRT(H18*I18) -> 0.23280995 | T18: =(P18-Q18*O18)/(1-O18^2) -> 0.31245894 | U18: =(Q18-P18*O18)/(1-O18^2) -> 0.3746895 | V18: =(R18-S18*Q18)/(1-Q18^2) -> -0.20024062 | W18: =(S18-R18*Q18)/(1-Q18^2) -> 0.33414107
A19: 8 | B19: =SUMPRODUCT(Boot_抽樣次數!$I$5:$I$34,1_構念分數!AD$5:AD$34)/30 -> 0.056961752 | C19: =SUMPRODUCT(Boot_抽樣次數!$I$5:$I$34,1_構念分數!AE$5:AE$34)/30 -> -0.040919161 | D19: =SUMPRODUCT(Boot_抽樣次數!$I$5:$I$34,1_構念分數!AF$5:AF$34)/30 -> -0.19768444 | E19: =SUMPRODUCT(Boot_抽樣次數!$I$5:$I$34,1_構念分數!AG$5:AG$34)/30 -> -0.044130308 | F19: =SUMPRODUCT(Boot_抽樣次數!$I$5:$I$34,1_構念分數!AD$5:AD$34,1_構念分數!AD$5:AD$34)/30-B19^2 -> 0.75294367 | G19: =SUMPRODUCT(Boot_抽樣次數!$I$5:$I$34,1_構念分數!AE$5:AE$34,1_構念分數!AE$5:AE$34)/30-C19^2 -> 0.63812777 | H19: =SUMPRODUCT(Boot_抽樣次數!$I$5:$I$34,1_構念分數!AF$5:AF$34,1_構念分數!AF$5:AF$34)/30-D19^2 -> 0.68740684 | I19: =SUMPRODUCT(Boot_抽樣次數!$I$5:$I$34,1_構念分數!AG$5:AG$34,1_構念分數!AG$5:AG$34)/30-E19^2 -> 0.35995294 | J19: =SUMPRODUCT(Boot_抽樣次數!$I$5:$I$34,1_構念分數!AD$5:AD$34,1_構念分數!AE$5:AE$34)/30-B19*C19 -> 0.3265488 | K19: =SUMPRODUCT(Boot_抽樣次數!$I$5:$I$34,1_構念分數!AD$5:AD$34,1_構念分數!AF$5:AF$34)/30-B19*D19 -> 0.46493285 | L19: =SUMPRODUCT(Boot_抽樣次數!$I$5:$I$34,1_構念分數!AE$5:AE$34,1_構念分數!AF$5:AF$34)/30-C19*D19 -> 0.22402579 | M19: =SUMPRODUCT(Boot_抽樣次數!$I$5:$I$34,1_構念分數!AE$5:AE$34,1_構念分數!AG$5:AG$34)/30-C19*E19 -> 0.057483163 | N19: =SUMPRODUCT(Boot_抽樣次數!$I$5:$I$34,1_構念分數!AF$5:AF$34,1_構念分數!AG$5:AG$34)/30-D19*E19 -> 0.29496572 | O19: =J19/SQRT(F19*G19) -> 0.47109992 | P19: =K19/SQRT(F19*H19) -> 0.64625225 | Q19: =L19/SQRT(G19*H19) -> 0.33824958 | R19: =M19/SQRT(G19*I19) -> 0.11993998 | S19: =N19/SQRT(H19*I19) -> 0.59298235 | T19: =(P19-Q19*O19)/(1-O19^2) -> 0.62578703 | U19: =(Q19-P19*O19)/(1-O19^2) -> 0.04344136 | V19: =(R19-S19*Q19)/(1-Q19^2) -> -0.091053762 | W19: =(S19-R19*Q19)/(1-Q19^2) -> 0.62378124
A20: 9 | B20: =SUMPRODUCT(Boot_抽樣次數!$J$5:$J$34,1_構念分數!AD$5:AD$34)/30 -> -0.03076986 | C20: =SUMPRODUCT(Boot_抽樣次數!$J$5:$J$34,1_構念分數!AE$5:AE$34)/30 -> -0.14211822 | D20: =SUMPRODUCT(Boot_抽樣次數!$J$5:$J$34,1_構念分數!AF$5:AF$34)/30 -> 0.061676844 | E20: =SUMPRODUCT(Boot_抽樣次數!$J$5:$J$34,1_構念分數!AG$5:AG$34)/30 -> -0.028950126 | F20: =SUMPRODUCT(Boot_抽樣次數!$J$5:$J$34,1_構念分數!AD$5:AD$34,1_構念分數!AD$5:AD$34)/30-B20^2 -> 1.3273117 | G20: =SUMPRODUCT(Boot_抽樣次數!$J$5:$J$34,1_構念分數!AE$5:AE$34,1_構念分數!AE$5:AE$34)/30-C20^2 -> 0.42373374 | H20: =SUMPRODUCT(Boot_抽樣次數!$J$5:$J$34,1_構念分數!AF$5:AF$34,1_構念分數!AF$5:AF$34)/30-D20^2 -> 1.0270085 | I20: =SUMPRODUCT(Boot_抽樣次數!$J$5:$J$34,1_構念分數!AG$5:AG$34,1_構念分數!AG$5:AG$34)/30-E20^2 -> 0.65789452 | J20: =SUMPRODUCT(Boot_抽樣次數!$J$5:$J$34,1_構念分數!AD$5:AD$34,1_構念分數!AE$5:AE$34)/30-B20*C20 -> 0.28123215 | K20: =SUMPRODUCT(Boot_抽樣次數!$J$5:$J$34,1_構念分數!AD$5:AD$34,1_構念分數!AF$5:AF$34)/30-B20*D20 -> 0.68409889 | L20: =SUMPRODUCT(Boot_抽樣次數!$J$5:$J$34,1_構念分數!AE$5:AE$34,1_構念分數!AF$5:AF$34)/30-C20*D20 -> 0.2572498 | M20: =SUMPRODUCT(Boot_抽樣次數!$J$5:$J$34,1_構念分數!AE$5:AE$34,1_構念分數!AG$5:AG$34)/30-C20*E20 -> 0.00048741707 | N20: =SUMPRODUCT(Boot_抽樣次數!$J$5:$J$34,1_構念分數!AF$5:AF$34,1_構念分數!AG$5:AG$34)/30-D20*E20 -> 0.51254178 | O20: =J20/SQRT(F20*G20) -> 0.37500063 | P20: =K20/SQRT(F20*H20) -> 0.58592958 | Q20: =L20/SQRT(G20*H20) -> 0.3899613 | R20: =M20/SQRT(G20*I20) -> 0.00092315809 | S20: =N20/SQRT(H20*I20) -> 0.62353973 | T20: =(P20-Q20*O20)/(1-O20^2) -> 0.51164403 | U20: =(Q20-P20*O20)/(1-O20^2) -> 0.19809447 | V20: =(R20-S20*Q20)/(1-Q20^2) -> -0.28567589 | W20: =(S20-R20*Q20)/(1-Q20^2) -> 0.73494227
A21: 10 | B21: =SUMPRODUCT(Boot_抽樣次數!$K$5:$K$34,1_構念分數!AD$5:AD$34)/30 -> -0.27432042 | C21: =SUMPRODUCT(Boot_抽樣次數!$K$5:$K$34,1_構念分數!AE$5:AE$34)/30 -> -0.2825781 | D21: =SUMPRODUCT(Boot_抽樣次數!$K$5:$K$34,1_構念分數!AF$5:AF$34)/30 -> -0.31718452 | E21: =SUMPRODUCT(Boot_抽樣次數!$K$5:$K$34,1_構念分數!AG$5:AG$34)/30 -> -0.32524191 | F21: =SUMPRODUCT(Boot_抽樣次數!$K$5:$K$34,1_構念分數!AD$5:AD$34,1_構念分數!AD$5:AD$34)/30-B21^2 -> 0.93517295 | G21: =SUMPRODUCT(Boot_抽樣次數!$K$5:$K$34,1_構念分數!AE$5:AE$34,1_構念分數!AE$5:AE$34)/30-C21^2 -> 1.1024142 | H21: =SUMPRODUCT(Boot_抽樣次數!$K$5:$K$34,1_構念分數!AF$5:AF$34,1_構念分數!AF$5:AF$34)/30-D21^2 -> 0.8460683 | I21: =SUMPRODUCT(Boot_抽樣次數!$K$5:$K$34,1_構念分數!AG$5:AG$34,1_構念分數!AG$5:AG$34)/30-E21^2 -> 0.96035328 | J21: =SUMPRODUCT(Boot_抽樣次數!$K$5:$K$34,1_構念分數!AD$5:AD$34,1_構念分數!AE$5:AE$34)/30-B21*C21 -> 0.45663072 | K21: =SUMPRODUCT(Boot_抽樣次數!$K$5:$K$34,1_構念分數!AD$5:AD$34,1_構念分數!AF$5:AF$34)/30-B21*D21 -> 0.50179845 | L21: =SUMPRODUCT(Boot_抽樣次數!$K$5:$K$34,1_構念分數!AE$5:AE$34,1_構念分數!AF$5:AF$34)/30-C21*D21 -> 0.58746058 | M21: =SUMPRODUCT(Boot_抽樣次數!$K$5:$K$34,1_構念分數!AE$5:AE$34,1_構念分數!AG$5:AG$34)/30-C21*E21 -> 0.37162001 | N21: =SUMPRODUCT(Boot_抽樣次數!$K$5:$K$34,1_構念分數!AF$5:AF$34,1_構念分數!AG$5:AG$34)/30-D21*E21 -> 0.36731476 | O21: =J21/SQRT(F21*G21) -> 0.44972471 | P21: =K21/SQRT(F21*H21) -> 0.56413187 | Q21: =L21/SQRT(G21*H21) -> 0.6082801 | R21: =M21/SQRT(G21*I21) -> 0.36116959 | S21: =N21/SQRT(H21*I21) -> 0.407493 | T21: =(P21-Q21*O21)/(1-O21^2) -> 0.36424208 | U21: =(Q21-P21*O21)/(1-O21^2) -> 0.44447144 | V21: =(R21-S21*Q21)/(1-Q21^2) -> 0.17984214 | W21: =(S21-R21*Q21)/(1-Q21^2) -> 0.2980986
A22: 11 | B22: =SUMPRODUCT(Boot_抽樣次數!$L$5:$L$34,1_構念分數!AD$5:AD$34)/30 -> -0.1954693 | C22: =SUMPRODUCT(Boot_抽樣次數!$L$5:$L$34,1_構念分數!AE$5:AE$34)/30 -> -0.12163849 | D22: =SUMPRODUCT(Boot_抽樣次數!$L$5:$L$34,1_構念分數!AF$5:AF$34)/30 -> -0.21912781 | E22: =SUMPRODUCT(Boot_抽樣次數!$L$5:$L$34,1_構念分數!AG$5:AG$34)/30 -> -0.071783599 | F22: =SUMPRODUCT(Boot_抽樣次數!$L$5:$L$34,1_構念分數!AD$5:AD$34,1_構念分數!AD$5:AD$34)/30-B22^2 -> 0.7215498 | G22: =SUMPRODUCT(Boot_抽樣次數!$L$5:$L$34,1_構念分數!AE$5:AE$34,1_構念分數!AE$5:AE$34)/30-C22^2 -> 0.89355802 | H22: =SUMPRODUCT(Boot_抽樣次數!$L$5:$L$34,1_構念分數!AF$5:AF$34,1_構念分數!AF$5:AF$34)/30-D22^2 -> 0.96174604 | I22: =SUMPRODUCT(Boot_抽樣次數!$L$5:$L$34,1_構念分數!AG$5:AG$34,1_構念分數!AG$5:AG$34)/30-E22^2 -> 0.7671782 | J22: =SUMPRODUCT(Boot_抽樣次數!$L$5:$L$34,1_構念分數!AD$5:AD$34,1_構念分數!AE$5:AE$34)/30-B22*C22 -> 0.46684947 | K22: =SUMPRODUCT(Boot_抽樣次數!$L$5:$L$34,1_構念分數!AD$5:AD$34,1_構念分數!AF$5:AF$34)/30-B22*D22 -> 0.50922081 | L22: =SUMPRODUCT(Boot_抽樣次數!$L$5:$L$34,1_構念分數!AE$5:AE$34,1_構念分數!AF$5:AF$34)/30-C22*D22 -> 0.64144335 | M22: =SUMPRODUCT(Boot_抽樣次數!$L$5:$L$34,1_構念分數!AE$5:AE$34,1_構念分數!AG$5:AG$34)/30-C22*E22 -> 0.31147373 | N22: =SUMPRODUCT(Boot_抽樣次數!$L$5:$L$34,1_構念分數!AF$5:AF$34,1_構念分數!AG$5:AG$34)/30-D22*E22 -> 0.35910533 | O22: =J22/SQRT(F22*G22) -> 0.58140978 | P22: =K22/SQRT(F22*H22) -> 0.61128366 | Q22: =L22/SQRT(G22*H22) -> 0.69193727 | R22: =M22/SQRT(G22*I22) -> 0.37619405 | S22: =N22/SQRT(H22*I22) -> 0.41806472 | T22: =(P22-Q22*O22)/(1-O22^2) -> 0.31570445 | U22: =(Q22-P22*O22)/(1-O22^2) -> 0.50838361 | V22: =(R22-S22*Q22)/(1-Q22^2) -> 0.16676072 | W22: =(S22-R22*Q22)/(1-Q22^2) -> 0.30267676
A23: 12 | B23: =SUMPRODUCT(Boot_抽樣次數!$M$5:$M$34,1_構念分數!AD$5:AD$34)/30 -> -0.19667892 | C23: =SUMPRODUCT(Boot_抽樣次數!$M$5:$M$34,1_構念分數!AE$5:AE$34)/30 -> 0.055304879 | D23: =SUMPRODUCT(Boot_抽樣次數!$M$5:$M$34,1_構念分數!AF$5:AF$34)/30 -> -0.21110636 | E23: =SUMPRODUCT(Boot_抽樣次數!$M$5:$M$34,1_構念分數!AG$5:AG$34)/30 -> -0.081663038 | F23: =SUMPRODUCT(Boot_抽樣次數!$M$5:$M$34,1_構念分數!AD$5:AD$34,1_構念分數!AD$5:AD$34)/30-B23^2 -> 0.94571593 | G23: =SUMPRODUCT(Boot_抽樣次數!$M$5:$M$34,1_構念分數!AE$5:AE$34,1_構念分數!AE$5:AE$34)/30-C23^2 -> 0.61170264 | H23: =SUMPRODUCT(Boot_抽樣次數!$M$5:$M$34,1_構念分數!AF$5:AF$34,1_構念分數!AF$5:AF$34)/30-D23^2 -> 0.56310788 | I23: =SUMPRODUCT(Boot_抽樣次數!$M$5:$M$34,1_構念分數!AG$5:AG$34,1_構念分數!AG$5:AG$34)/30-E23^2 -> 0.86331635 | J23: =SUMPRODUCT(Boot_抽樣次數!$M$5:$M$34,1_構念分數!AD$5:AD$34,1_構念分數!AE$5:AE$34)/30-B23*C23 -> 0.31339659 | K23: =SUMPRODUCT(Boot_抽樣次數!$M$5:$M$34,1_構念分數!AD$5:AD$34,1_構念分數!AF$5:AF$34)/30-B23*D23 -> 0.27330803 | L23: =SUMPRODUCT(Boot_抽樣次數!$M$5:$M$34,1_構念分數!AE$5:AE$34,1_構念分數!AF$5:AF$34)/30-C23*D23 -> 0.38141836 | M23: =SUMPRODUCT(Boot_抽樣次數!$M$5:$M$34,1_構念分數!AE$5:AE$34,1_構念分數!AG$5:AG$34)/30-C23*E23 -> 0.27552949 | N23: =SUMPRODUCT(Boot_抽樣次數!$M$5:$M$34,1_構念分數!AF$5:AF$34,1_構念分數!AG$5:AG$34)/30-D23*E23 -> 0.34147153 | O23: =J23/SQRT(F23*G23) -> 0.41204414 | P23: =K23/SQRT(F23*H23) -> 0.37452106 | Q23: =L23/SQRT(G23*H23) -> 0.64988366 | R23: =M23/SQRT(G23*I23) -> 0.37915164 | S23: =N23/SQRT(H23*I23) -> 0.48974917 | T23: =(P23-Q23*O23)/(1-O23^2) -> 0.12856876 | U23: =(Q23-P23*O23)/(1-O23^2) -> 0.59690765 | V23: =(R23-S23*Q23)/(1-Q23^2) -> 0.10537787 | W23: =(S23-R23*Q23)/(1-Q23^2) -> 0.42126582
A24: 13 | B24: =SUMPRODUCT(Boot_抽樣次數!$N$5:$N$34,1_構念分數!AD$5:AD$34)/30 -> -0.30885686 | C24: =SUMPRODUCT(Boot_抽樣次數!$N$5:$N$34,1_構念分數!AE$5:AE$34)/30 -> -0.15538494 | D24: =SUMPRODUCT(Boot_抽樣次數!$N$5:$N$34,1_構念分數!AF$5:AF$34)/30 -> -0.23452891 | E24: =SUMPRODUCT(Boot_抽樣次數!$N$5:$N$34,1_構念分數!AG$5:AG$34)/30 -> -0.10171144 | F24: =SUMPRODUCT(Boot_抽樣次數!$N$5:$N$34,1_構念分數!AD$5:AD$34,1_構念分數!AD$5:AD$34)/30-B24^2 -> 0.95636376 | G24: =SUMPRODUCT(Boot_抽樣次數!$N$5:$N$34,1_構念分數!AE$5:AE$34,1_構念分數!AE$5:AE$34)/30-C24^2 -> 0.98093764 | H24: =SUMPRODUCT(Boot_抽樣次數!$N$5:$N$34,1_構念分數!AF$5:AF$34,1_構念分數!AF$5:AF$34)/30-D24^2 -> 0.81894508 | I24: =SUMPRODUCT(Boot_抽樣次數!$N$5:$N$34,1_構念分數!AG$5:AG$34,1_構念分數!AG$5:AG$34)/30-E24^2 -> 0.85417362 | J24: =SUMPRODUCT(Boot_抽樣次數!$N$5:$N$34,1_構念分數!AD$5:AD$34,1_構念分數!AE$5:AE$34)/30-B24*C24 -> 0.47155721 | K24: =SUMPRODUCT(Boot_抽樣次數!$N$5:$N$34,1_構念分數!AD$5:AD$34,1_構念分數!AF$5:AF$34)/30-B24*D24 -> 0.40641831 | L24: =SUMPRODUCT(Boot_抽樣次數!$N$5:$N$34,1_構念分數!AE$5:AE$34,1_構念分數!AF$5:AF$34)/30-C24*D24 -> 0.49175899 | M24: =SUMPRODUCT(Boot_抽樣次數!$N$5:$N$34,1_構念分數!AE$5:AE$34,1_構念分數!AG$5:AG$34)/30-C24*E24 -> 0.330241 | N24: =SUMPRODUCT(Boot_抽樣次數!$N$5:$N$34,1_構念分數!AF$5:AF$34,1_構念分數!AG$5:AG$34)/30-D24*E24 -> 0.41828114 | O24: =J24/SQRT(F24*G24) -> 0.4868578 | P24: =K24/SQRT(F24*H24) -> 0.4592343 | Q24: =L24/SQRT(G24*H24) -> 0.54866117 | R24: =M24/SQRT(G24*I24) -> 0.36077565 | S24: =N24/SQRT(H24*I24) -> 0.50011263 | T24: =(P24-Q24*O24)/(1-O24^2) -> 0.25179818 | U24: =(Q24-P24*O24)/(1-O24^2) -> 0.42607126 | V24: =(R24-S24*Q24)/(1-Q24^2) -> 0.12358635 | W24: =(S24-R24*Q24)/(1-Q24^2) -> 0.4323056
A25: 14 | B25: =SUMPRODUCT(Boot_抽樣次數!$O$5:$O$34,1_構念分數!AD$5:AD$34)/30 -> -0.13541464 | C25: =SUMPRODUCT(Boot_抽樣次數!$O$5:$O$34,1_構念分數!AE$5:AE$34)/30 -> -0.14099922 | D25: =SUMPRODUCT(Boot_抽樣次數!$O$5:$O$34,1_構念分數!AF$5:AF$34)/30 -> -0.061757447 | E25: =SUMPRODUCT(Boot_抽樣次數!$O$5:$O$34,1_構念分數!AG$5:AG$34)/30 -> 0.011176274 | F25: =SUMPRODUCT(Boot_抽樣次數!$O$5:$O$34,1_構念分數!AD$5:AD$34,1_構念分數!AD$5:AD$34)/30-B25^2 -> 0.83998394 | G25: =SUMPRODUCT(Boot_抽樣次數!$O$5:$O$34,1_構念分數!AE$5:AE$34,1_構念分數!AE$5:AE$34)/30-C25^2 -> 1.3766346 | H25: =SUMPRODUCT(Boot_抽樣次數!$O$5:$O$34,1_構念分數!AF$5:AF$34,1_構念分數!AF$5:AF$34)/30-D25^2 -> 1.1636512 | I25: =SUMPRODUCT(Boot_抽樣次數!$O$5:$O$34,1_構念分數!AG$5:AG$34,1_構念分數!AG$5:AG$34)/30-E25^2 -> 1.222552 | J25: =SUMPRODUCT(Boot_抽樣次數!$O$5:$O$34,1_構念分數!AD$5:AD$34,1_構念分數!AE$5:AE$34)/30-B25*C25 -> 0.62782686 | K25: =SUMPRODUCT(Boot_抽樣次數!$O$5:$O$34,1_構念分數!AD$5:AD$34,1_構念分數!AF$5:AF$34)/30-B25*D25 -> 0.6661416 | L25: =SUMPRODUCT(Boot_抽樣次數!$O$5:$O$34,1_構念分數!AE$5:AE$34,1_構念分數!AF$5:AF$34)/30-C25*D25 -> 0.91971935 | M25: =SUMPRODUCT(Boot_抽樣次數!$O$5:$O$34,1_構念分數!AE$5:AE$34,1_構念分數!AG$5:AG$34)/30-C25*E25 -> 0.95263559 | N25: =SUMPRODUCT(Boot_抽樣次數!$O$5:$O$34,1_構念分數!AF$5:AF$34,1_構念分數!AG$5:AG$34)/30-D25*E25 -> 0.92661381 | O25: =J25/SQRT(F25*G25) -> 0.58384163 | P25: =K25/SQRT(F25*H25) -> 0.6737824 | Q25: =L25/SQRT(G25*H25) -> 0.72666556 | R25: =M25/SQRT(G25*I25) -> 0.73431734 | S25: =N25/SQRT(H25*I25) -> 0.77687954 | T25: =(P25-Q25*O25)/(1-O25^2) -> 0.3785675 | U25: =(Q25-P25*O25)/(1-O25^2) -> 0.5056421 | V25: =(R25-S25*Q25)/(1-Q25^2) -> 0.35974818 | W25: =(S25-R25*Q25)/(1-Q25^2) -> 0.51546293
A26: 15 | B26: =SUMPRODUCT(Boot_抽樣次數!$P$5:$P$34,1_構念分數!AD$5:AD$34)/30 -> 0.026191892 | C26: =SUMPRODUCT(Boot_抽樣次數!$P$5:$P$34,1_構念分數!AE$5:AE$34)/30 -> -0.014385718 | D26: =SUMPRODUCT(Boot_抽樣次數!$P$5:$P$34,1_構念分數!AF$5:AF$34)/30 -> 0.07471476 | E26: =SUMPRODUCT(Boot_抽樣次數!$P$5:$P$34,1_構念分數!AG$5:AG$34)/30 -> 0.29588886 | F26: =SUMPRODUCT(Boot_抽樣次數!$P$5:$P$34,1_構念分數!AD$5:AD$34,1_構念分數!AD$5:AD$34)/30-B26^2 -> 1.3519981 | G26: =SUMPRODUCT(Boot_抽樣次數!$P$5:$P$34,1_構念分數!AE$5:AE$34,1_構念分數!AE$5:AE$34)/30-C26^2 -> 1.454312 | H26: =SUMPRODUCT(Boot_抽樣次數!$P$5:$P$34,1_構念分數!AF$5:AF$34,1_構念分數!AF$5:AF$34)/30-D26^2 -> 1.1875711 | I26: =SUMPRODUCT(Boot_抽樣次數!$P$5:$P$34,1_構念分數!AG$5:AG$34,1_構念分數!AG$5:AG$34)/30-E26^2 -> 1.5337395 | J26: =SUMPRODUCT(Boot_抽樣次數!$P$5:$P$34,1_構念分數!AD$5:AD$34,1_構念分數!AE$5:AE$34)/30-B26*C26 -> 0.95820578 | K26: =SUMPRODUCT(Boot_抽樣次數!$P$5:$P$34,1_構念分數!AD$5:AD$34,1_構念分數!AF$5:AF$34)/30-B26*D26 -> 0.75268833 | L26: =SUMPRODUCT(Boot_抽樣次數!$P$5:$P$34,1_構念分數!AE$5:AE$34,1_構念分數!AF$5:AF$34)/30-C26*D26 -> 1.1446398 | M26: =SUMPRODUCT(Boot_抽樣次數!$P$5:$P$34,1_構念分數!AE$5:AE$34,1_構念分數!AG$5:AG$34)/30-C26*E26 -> 0.98649084 | N26: =SUMPRODUCT(Boot_抽樣次數!$P$5:$P$34,1_構念分數!AF$5:AF$34,1_構念分數!AG$5:AG$34)/30-D26*E26 -> 0.77806153 | O26: =J26/SQRT(F26*G26) -> 0.68334803 | P26: =K26/SQRT(F26*H26) -> 0.59401489 | Q26: =L26/SQRT(G26*H26) -> 0.8709841 | R26: =M26/SQRT(G26*I26) -> 0.66052379 | S26: =N26/SQRT(H26*I26) -> 0.57651197 | T26: =(P26-Q26*O26)/(1-O26^2) -> -0.0021957027 | U26: =(Q26-P26*O26)/(1-O26^2) -> 0.87248453 | V26: =(R26-S26*Q26)/(1-Q26^2) -> 0.65617132 | W26: =(S26-R26*Q26)/(1-Q26^2) -> 0.0049971838
A27: 16 | B27: =SUMPRODUCT(Boot_抽樣次數!$Q$5:$Q$34,1_構念分數!AD$5:AD$34)/30 -> -0.011082403 | C27: =SUMPRODUCT(Boot_抽樣次數!$Q$5:$Q$34,1_構念分數!AE$5:AE$34)/30 -> 0.31462591 | D27: =SUMPRODUCT(Boot_抽樣次數!$Q$5:$Q$34,1_構念分數!AF$5:AF$34)/30 -> 0.25993064 | E27: =SUMPRODUCT(Boot_抽樣次數!$Q$5:$Q$34,1_構念分數!AG$5:AG$34)/30 -> 0.046232993 | F27: =SUMPRODUCT(Boot_抽樣次數!$Q$5:$Q$34,1_構念分數!AD$5:AD$34,1_構念分數!AD$5:AD$34)/30-B27^2 -> 0.93981232 | G27: =SUMPRODUCT(Boot_抽樣次數!$Q$5:$Q$34,1_構念分數!AE$5:AE$34,1_構念分數!AE$5:AE$34)/30-C27^2 -> 0.68783799 | H27: =SUMPRODUCT(Boot_抽樣次數!$Q$5:$Q$34,1_構念分數!AF$5:AF$34,1_構念分數!AF$5:AF$34)/30-D27^2 -> 0.70340422 | I27: =SUMPRODUCT(Boot_抽樣次數!$Q$5:$Q$34,1_構念分數!AG$5:AG$34,1_構念分數!AG$5:AG$34)/30-E27^2 -> 0.76677276 | J27: =SUMPRODUCT(Boot_抽樣次數!$Q$5:$Q$34,1_構念分數!AD$5:AD$34,1_構念分數!AE$5:AE$34)/30-B27*C27 -> 0.387581 | K27: =SUMPRODUCT(Boot_抽樣次數!$Q$5:$Q$34,1_構念分數!AD$5:AD$34,1_構念分數!AF$5:AF$34)/30-B27*D27 -> 0.45577198 | L27: =SUMPRODUCT(Boot_抽樣次數!$Q$5:$Q$34,1_構念分數!AE$5:AE$34,1_構念分數!AF$5:AF$34)/30-C27*D27 -> 0.35467034 | M27: =SUMPRODUCT(Boot_抽樣次數!$Q$5:$Q$34,1_構念分數!AE$5:AE$34,1_構念分數!AG$5:AG$34)/30-C27*E27 -> 0.21032081 | N27: =SUMPRODUCT(Boot_抽樣次數!$Q$5:$Q$34,1_構念分數!AF$5:AF$34,1_構念分數!AG$5:AG$34)/30-D27*E27 -> 0.42451216 | O27: =J27/SQRT(F27*G27) -> 0.48205749 | P27: =K27/SQRT(F27*H27) -> 0.56056319 | Q27: =L27/SQRT(G27*H27) -> 0.5098933 | R27: =M27/SQRT(G27*I27) -> 0.28960485 | S27: =N27/SQRT(H27*I27) -> 0.57803524 | T27: =(P27-Q27*O27)/(1-O27^2) -> 0.41005324 | U27: =(Q27-P27*O27)/(1-O27^2) -> 0.31222407 | V27: =(R27-S27*Q27)/(1-Q27^2) -> -0.0069343098 | W27: =(S27-R27*Q27)/(1-Q27^2) -> 0.581571
A28: 17 | B28: =SUMPRODUCT(Boot_抽樣次數!$R$5:$R$34,1_構念分數!AD$5:AD$34)/30 -> -0.18290184 | C28: =SUMPRODUCT(Boot_抽樣次數!$R$5:$R$34,1_構念分數!AE$5:AE$34)/30 -> -0.039800165 | D28: =SUMPRODUCT(Boot_抽樣次數!$R$5:$R$34,1_構念分數!AF$5:AF$34)/30 -> 0.06021057 | E28: =SUMPRODUCT(Boot_抽樣次數!$R$5:$R$34,1_構念分數!AG$5:AG$34)/30 -> -0.08105865 | F28: =SUMPRODUCT(Boot_抽樣次數!$R$5:$R$34,1_構念分數!AD$5:AD$34,1_構念分數!AD$5:AD$34)/30-B28^2 -> 0.70357038 | G28: =SUMPRODUCT(Boot_抽樣次數!$R$5:$R$34,1_構念分數!AE$5:AE$34,1_構念分數!AE$5:AE$34)/30-C28^2 -> 0.97818787 | H28: =SUMPRODUCT(Boot_抽樣次數!$R$5:$R$34,1_構念分數!AF$5:AF$34,1_構念分數!AF$5:AF$34)/30-D28^2 -> 0.98107717 | I28: =SUMPRODUCT(Boot_抽樣次數!$R$5:$R$34,1_構念分數!AG$5:AG$34,1_構念分數!AG$5:AG$34)/30-E28^2 -> 1.0080201 | J28: =SUMPRODUCT(Boot_抽樣次數!$R$5:$R$34,1_構念分數!AD$5:AD$34,1_構念分數!AE$5:AE$34)/30-B28*C28 -> 0.33859693 | K28: =SUMPRODUCT(Boot_抽樣次數!$R$5:$R$34,1_構念分數!AD$5:AD$34,1_構念分數!AF$5:AF$34)/30-B28*D28 -> 0.42116229 | L28: =SUMPRODUCT(Boot_抽樣次數!$R$5:$R$34,1_構念分數!AE$5:AE$34,1_構念分數!AF$5:AF$34)/30-C28*D28 -> 0.62651051 | M28: =SUMPRODUCT(Boot_抽樣次數!$R$5:$R$34,1_構念分數!AE$5:AE$34,1_構念分數!AG$5:AG$34)/30-C28*E28 -> 0.46616492 | N28: =SUMPRODUCT(Boot_抽樣次數!$R$5:$R$34,1_構念分數!AF$5:AF$34,1_構念分數!AG$5:AG$34)/30-D28*E28 -> 0.77678514 | O28: =J28/SQRT(F28*G28) -> 0.4081484 | P28: =K28/SQRT(F28*H28) -> 0.50692548 | Q28: =L28/SQRT(G28*H28) -> 0.63953695 | R28: =M28/SQRT(G28*I28) -> 0.46945488 | S28: =N28/SQRT(H28*I28) -> 0.78111456 | T28: =(P28-Q28*O28)/(1-O28^2) -> 0.29505052 | U28: =(Q28-P28*O28)/(1-O28^2) -> 0.51911255 | V28: =(R28-S28*Q28)/(1-Q28^2) -> -0.05092576 | W28: =(S28-R28*Q28)/(1-Q28^2) -> 0.81368346
A29: 18 | B29: =SUMPRODUCT(Boot_抽樣次數!$S$5:$S$34,1_構念分數!AD$5:AD$34)/30 -> 0.25726953 | C29: =SUMPRODUCT(Boot_抽樣次數!$S$5:$S$34,1_構念分數!AE$5:AE$34)/30 -> 0.21230785 | D29: =SUMPRODUCT(Boot_抽樣次數!$S$5:$S$34,1_構念分數!AF$5:AF$34)/30 -> 0.15487829 | E29: =SUMPRODUCT(Boot_抽樣次數!$S$5:$S$34,1_構念分數!AG$5:AG$34)/30 -> -0.1751948 | F29: =SUMPRODUCT(Boot_抽樣次數!$S$5:$S$34,1_構念分數!AD$5:AD$34,1_構念分數!AD$5:AD$34)/30-B29^2 -> 1.3482643 | G29: =SUMPRODUCT(Boot_抽樣次數!$S$5:$S$34,1_構念分數!AE$5:AE$34,1_構念分數!AE$5:AE$34)/30-C29^2 -> 0.67251086 | H29: =SUMPRODUCT(Boot_抽樣次數!$S$5:$S$34,1_構念分數!AF$5:AF$34,1_構念分數!AF$5:AF$34)/30-D29^2 -> 0.77860869 | I29: =SUMPRODUCT(Boot_抽樣次數!$S$5:$S$34,1_構念分數!AG$5:AG$34,1_構念分數!AG$5:AG$34)/30-E29^2 -> 0.63884762 | J29: =SUMPRODUCT(Boot_抽樣次數!$S$5:$S$34,1_構念分數!AD$5:AD$34,1_構念分數!AE$5:AE$34)/30-B29*C29 -> 0.51313169 | K29: =SUMPRODUCT(Boot_抽樣次數!$S$5:$S$34,1_構念分數!AD$5:AD$34,1_構念分數!AF$5:AF$34)/30-B29*D29 -> 0.58633084 | L29: =SUMPRODUCT(Boot_抽樣次數!$S$5:$S$34,1_構念分數!AE$5:AE$34,1_構念分數!AF$5:AF$34)/30-C29*D29 -> 0.56008794 | M29: =SUMPRODUCT(Boot_抽樣次數!$S$5:$S$34,1_構念分數!AE$5:AE$34,1_構念分數!AG$5:AG$34)/30-C29*E29 -> 0.46281525 | N29: =SUMPRODUCT(Boot_抽樣次數!$S$5:$S$34,1_構念分數!AF$5:AF$34,1_構念分數!AG$5:AG$34)/30-D29*E29 -> 0.51763161 | O29: =J29/SQRT(F29*G29) -> 0.53887951 | P29: =K29/SQRT(F29*H29) -> 0.5722629 | Q29: =L29/SQRT(G29*H29) -> 0.77401067 | R29: =M29/SQRT(G29*I29) -> 0.70608888 | S29: =N29/SQRT(H29*I29) -> 0.73394332 | T29: =(P29-Q29*O29)/(1-O29^2) -> 0.21866189 | U29: =(Q29-P29*O29)/(1-O29^2) -> 0.65617826 | V29: =(R29-S29*Q29)/(1-Q29^2) -> 0.34424132 | W29: =(S29-R29*Q29)/(1-Q29^2) -> 0.46749686
A30: 19 | B30: =SUMPRODUCT(Boot_抽樣次數!$T$5:$T$34,1_構念分數!AD$5:AD$34)/30 -> -0.017666447 | C30: =SUMPRODUCT(Boot_抽樣次數!$T$5:$T$34,1_構念分數!AE$5:AE$34)/30 -> -0.21454585 | D30: =SUMPRODUCT(Boot_抽樣次數!$T$5:$T$34,1_構念分數!AF$5:AF$34)/30 -> -0.12543761 | E30: =SUMPRODUCT(Boot_抽樣次數!$T$5:$T$34,1_構念分數!AG$5:AG$34)/30 -> -0.10401559 | F30: =SUMPRODUCT(Boot_抽樣次數!$T$5:$T$34,1_構念分數!AD$5:AD$34,1_構念分數!AD$5:AD$34)/30-B30^2 -> 1.3204323 | G30: =SUMPRODUCT(Boot_抽樣次數!$T$5:$T$34,1_構念分數!AE$5:AE$34,1_構念分數!AE$5:AE$34)/30-C30^2 -> 0.7816287 | H30: =SUMPRODUCT(Boot_抽樣次數!$T$5:$T$34,1_構念分數!AF$5:AF$34,1_構念分數!AF$5:AF$34)/30-D30^2 -> 0.9948999 | I30: =SUMPRODUCT(Boot_抽樣次數!$T$5:$T$34,1_構念分數!AG$5:AG$34,1_構念分數!AG$5:AG$34)/30-E30^2 -> 0.80965266 | J30: =SUMPRODUCT(Boot_抽樣次數!$T$5:$T$34,1_構念分數!AD$5:AD$34,1_構念分數!AE$5:AE$34)/30-B30*C30 -> 0.48164443 | K30: =SUMPRODUCT(Boot_抽樣次數!$T$5:$T$34,1_構念分數!AD$5:AD$34,1_構念分數!AF$5:AF$34)/30-B30*D30 -> 0.71782836 | L30: =SUMPRODUCT(Boot_抽樣次數!$T$5:$T$34,1_構念分數!AE$5:AE$34,1_構念分數!AF$5:AF$34)/30-C30*D30 -> 0.50358683 | M30: =SUMPRODUCT(Boot_抽樣次數!$T$5:$T$34,1_構念分數!AE$5:AE$34,1_構念分數!AG$5:AG$34)/30-C30*E30 -> 0.30770179 | N30: =SUMPRODUCT(Boot_抽樣次數!$T$5:$T$34,1_構念分數!AF$5:AF$34,1_構念分數!AG$5:AG$34)/30-D30*E30 -> 0.63865164 | O30: =J30/SQRT(F30*G30) -> 0.47409811 | P30: =K30/SQRT(F30*H30) -> 0.62628622 | Q30: =L30/SQRT(G30*H30) -> 0.57106353 | R30: =M30/SQRT(G30*I30) -> 0.3867946 | S30: =N30/SQRT(H30*I30) -> 0.71158201 | T30: =(P30-Q30*O30)/(1-O30^2) -> 0.45863245 | U30: =(Q30-P30*O30)/(1-O30^2) -> 0.35362675 | V30: =(R30-S30*Q30)/(1-Q30^2) -> -0.029031499 | W30: =(S30-R30*Q30)/(1-Q30^2) -> 0.72816084
A31: 20 | B31: =SUMPRODUCT(Boot_抽樣次數!$U$5:$U$34,1_構念分數!AD$5:AD$34)/30 -> -0.26700459 | C31: =SUMPRODUCT(Boot_抽樣次數!$U$5:$U$34,1_構念分數!AE$5:AE$34)/30 -> -0.013266722 | D31: =SUMPRODUCT(Boot_抽樣次數!$U$5:$U$34,1_構念分數!AF$5:AF$34)/30 -> -0.076205177 | E31: =SUMPRODUCT(Boot_抽樣次數!$U$5:$U$34,1_構念分數!AG$5:AG$34)/30 -> -0.12008968 | F31: =SUMPRODUCT(Boot_抽樣次數!$U$5:$U$34,1_構念分數!AD$5:AD$34,1_構念分數!AD$5:AD$34)/30-B31^2 -> 0.93771112 | G31: =SUMPRODUCT(Boot_抽樣次數!$U$5:$U$34,1_構念分數!AE$5:AE$34,1_構念分數!AE$5:AE$34)/30-C31^2 -> 0.47730037 | H31: =SUMPRODUCT(Boot_抽樣次數!$U$5:$U$34,1_構念分數!AF$5:AF$34,1_構念分數!AF$5:AF$34)/30-D31^2 -> 0.81012364 | I31: =SUMPRODUCT(Boot_抽樣次數!$U$5:$U$34,1_構念分數!AG$5:AG$34,1_構念分數!AG$5:AG$34)/30-E31^2 -> 0.67179005 | J31: =SUMPRODUCT(Boot_抽樣次數!$U$5:$U$34,1_構念分數!AD$5:AD$34,1_構念分數!AE$5:AE$34)/30-B31*C31 -> 0.23208255 | K31: =SUMPRODUCT(Boot_抽樣次數!$U$5:$U$34,1_構念分數!AD$5:AD$34,1_構念分數!AF$5:AF$34)/30-B31*D31 -> 0.4803079 | L31: =SUMPRODUCT(Boot_抽樣次數!$U$5:$U$34,1_構念分數!AE$5:AE$34,1_構念分數!AF$5:AF$34)/30-C31*D31 -> 0.26733949 | M31: =SUMPRODUCT(Boot_抽樣次數!$U$5:$U$34,1_構念分數!AE$5:AE$34,1_構念分數!AG$5:AG$34)/30-C31*E31 -> 0.11795866 | N31: =SUMPRODUCT(Boot_抽樣次數!$U$5:$U$34,1_構念分數!AF$5:AF$34,1_構念分數!AG$5:AG$34)/30-D31*E31 -> 0.50381937 | O31: =J31/SQRT(F31*G31) -> 0.34690621 | P31: =K31/SQRT(F31*H31) -> 0.55107352 | Q31: =L31/SQRT(G31*H31) -> 0.42992388 | R31: =M31/SQRT(G31*I31) -> 0.20831337 | S31: =N31/SQRT(H31*I31) -> 0.68293981 | T31: =(P31-Q31*O31)/(1-O31^2) -> 0.4569175 | U31: =(Q31-P31*O31)/(1-O31^2) -> 0.27141637 | V31: =(R31-S31*Q31)/(1-Q31^2) -> -0.10463982 | W31: =(S31-R31*Q31)/(1-Q31^2) -> 0.72792696
A32: 21 | B32: =SUMPRODUCT(Boot_抽樣次數!$V$5:$V$34,1_構念分數!AD$5:AD$34)/30 -> -0.057099473 | C32: =SUMPRODUCT(Boot_抽樣次數!$V$5:$V$34,1_構念分數!AE$5:AE$34)/30 -> 0.18635406 | D32: =SUMPRODUCT(Boot_抽樣次數!$V$5:$V$34,1_構念分數!AF$5:AF$34)/30 -> -0.15132809 | E32: =SUMPRODUCT(Boot_抽樣次數!$V$5:$V$34,1_構念分數!AG$5:AG$34)/30 -> 0.071783599 | F32: =SUMPRODUCT(Boot_抽樣次數!$V$5:$V$34,1_構念分數!AD$5:AD$34,1_構念分數!AD$5:AD$34)/30-B32^2 -> 0.85705218 | G32: =SUMPRODUCT(Boot_抽樣次數!$V$5:$V$34,1_構念分數!AE$5:AE$34,1_構念分數!AE$5:AE$34)/30-C32^2 -> 0.94430331 | H32: =SUMPRODUCT(Boot_抽樣次數!$V$5:$V$34,1_構念分數!AF$5:AF$34,1_構念分數!AF$5:AF$34)/30-D32^2 -> 1.0081108 | I32: =SUMPRODUCT(Boot_抽樣次數!$V$5:$V$34,1_構念分數!AG$5:AG$34,1_構念分數!AG$5:AG$34)/30-E32^2 -> 0.83406293 | J32: =SUMPRODUCT(Boot_抽樣次數!$V$5:$V$34,1_構念分數!AD$5:AD$34,1_構念分數!AE$5:AE$34)/30-B32*C32 -> 0.57044646 | K32: =SUMPRODUCT(Boot_抽樣次數!$V$5:$V$34,1_構念分數!AD$5:AD$34,1_構念分數!AF$5:AF$34)/30-B32*D32 -> 0.6593195 | L32: =SUMPRODUCT(Boot_抽樣次數!$V$5:$V$34,1_構念分數!AE$5:AE$34,1_構念分數!AF$5:AF$34)/30-C32*D32 -> 0.72784586 | M32: =SUMPRODUCT(Boot_抽樣次數!$V$5:$V$34,1_構念分數!AE$5:AE$34,1_構念分數!AG$5:AG$34)/30-C32*E32 -> 0.35086186 | N32: =SUMPRODUCT(Boot_抽樣次數!$V$5:$V$34,1_構念分數!AF$5:AF$34,1_構念分數!AG$5:AG$34)/30-D32*E32 -> 0.40922169 | O32: =J32/SQRT(F32*G32) -> 0.63409671 | P32: =K32/SQRT(F32*H32) -> 0.70931338 | Q32: =L32/SQRT(G32*H32) -> 0.74598402 | R32: =M32/SQRT(G32*I32) -> 0.39534932 | S32: =N32/SQRT(H32*I32) -> 0.44627761 | T32: =(P32-Q32*O32)/(1-O32^2) -> 0.39518135 | U32: =(Q32-P32*O32)/(1-O32^2) -> 0.49540083 | V32: =(R32-S32*Q32)/(1-Q32^2) -> 0.14077171 | W32: =(S32-R32*Q32)/(1-Q32^2) -> 0.34126416
A33: 22 | B33: =SUMPRODUCT(Boot_抽樣次數!$W$5:$W$34,1_構念分數!AD$5:AD$34)/30 -> -0.46112655 | C33: =SUMPRODUCT(Boot_抽樣次數!$W$5:$W$34,1_構念分數!AE$5:AE$34)/30 -> -0.042577501 | D33: =SUMPRODUCT(Boot_抽樣次數!$W$5:$W$34,1_構念分數!AF$5:AF$34)/30 -> -0.023911309 | E33: =SUMPRODUCT(Boot_抽樣次數!$W$5:$W$34,1_構念分數!AG$5:AG$34)/30 -> -0.014777257 | F33: =SUMPRODUCT(Boot_抽樣次數!$W$5:$W$34,1_構念分數!AD$5:AD$34,1_構念分數!AD$5:AD$34)/30-B33^2 -> 0.53571507 | G33: =SUMPRODUCT(Boot_抽樣次數!$W$5:$W$34,1_構念分數!AE$5:AE$34,1_構念分數!AE$5:AE$34)/30-C33^2 -> 0.93625715 | H33: =SUMPRODUCT(Boot_抽樣次數!$W$5:$W$34,1_構念分數!AF$5:AF$34,1_構念分數!AF$5:AF$34)/30-D33^2 -> 0.71184888 | I33: =SUMPRODUCT(Boot_抽樣次數!$W$5:$W$34,1_構念分數!AG$5:AG$34,1_構念分數!AG$5:AG$34)/30-E33^2 -> 0.84148071 | J33: =SUMPRODUCT(Boot_抽樣次數!$W$5:$W$34,1_構念分數!AD$5:AD$34,1_構念分數!AE$5:AE$34)/30-B33*C33 -> 0.36500214 | K33: =SUMPRODUCT(Boot_抽樣次數!$W$5:$W$34,1_構念分數!AD$5:AD$34,1_構念分數!AF$5:AF$34)/30-B33*D33 -> 0.27823072 | L33: =SUMPRODUCT(Boot_抽樣次數!$W$5:$W$34,1_構念分數!AE$5:AE$34,1_構念分數!AF$5:AF$34)/30-C33*D33 -> 0.54300564 | M33: =SUMPRODUCT(Boot_抽樣次數!$W$5:$W$34,1_構念分數!AE$5:AE$34,1_構念分數!AG$5:AG$34)/30-C33*E33 -> 0.41358426 | N33: =SUMPRODUCT(Boot_抽樣次數!$W$5:$W$34,1_構念分數!AF$5:AF$34,1_構念分數!AG$5:AG$34)/30-D33*E33 -> 0.40603433 | O33: =J33/SQRT(F33*G33) -> 0.51538397 | P33: =K33/SQRT(F33*H33) -> 0.4505513 | Q33: =L33/SQRT(G33*H33) -> 0.6651397 | R33: =M33/SQRT(G33*I33) -> 0.4659554 | S33: =N33/SQRT(H33*I33) -> 0.52462233 | T33: =(P33-Q33*O33)/(1-O33^2) -> 0.14672112 | U33: =(Q33-P33*O33)/(1-O33^2) -> 0.58952198 | V33: =(R33-S33*Q33)/(1-Q33^2) -> 0.20984672 | W33: =(S33-R33*Q33)/(1-Q33^2) -> 0.38504495
A34: 23 | B34: =SUMPRODUCT(Boot_抽樣次數!$X$5:$X$34,1_構念分數!AD$5:AD$34)/30 -> 0.01538493 | C34: =SUMPRODUCT(Boot_抽樣次數!$X$5:$X$34,1_構念分數!AE$5:AE$34)/30 -> 0.024875103 | D34: =SUMPRODUCT(Boot_抽樣次數!$X$5:$X$34,1_構念分數!AF$5:AF$34)/30 -> 0.1100365 | E34: =SUMPRODUCT(Boot_抽樣次數!$X$5:$X$34,1_構念分數!AG$5:AG$34)/30 -> 0.054009747 | F34: =SUMPRODUCT(Boot_抽樣次數!$X$5:$X$34,1_構念分數!AD$5:AD$34,1_構念分數!AD$5:AD$34)/30-B34^2 -> 1.144013 | G34: =SUMPRODUCT(Boot_抽樣次數!$X$5:$X$34,1_構念分數!AE$5:AE$34,1_構念分數!AE$5:AE$34)/30-C34^2 -> 0.73017035 | H34: =SUMPRODUCT(Boot_抽樣次數!$X$5:$X$34,1_構念分數!AF$5:AF$34,1_構念分數!AF$5:AF$34)/30-D34^2 -> 0.76417876 | I34: =SUMPRODUCT(Boot_抽樣次數!$X$5:$X$34,1_構念分數!AG$5:AG$34,1_構念分數!AG$5:AG$34)/30-E34^2 -> 0.83835375 | J34: =SUMPRODUCT(Boot_抽樣次數!$X$5:$X$34,1_構念分數!AD$5:AD$34,1_構念分數!AE$5:AE$34)/30-B34*C34 -> 0.46109074 | K34: =SUMPRODUCT(Boot_抽樣次數!$X$5:$X$34,1_構念分數!AD$5:AD$34,1_構念分數!AF$5:AF$34)/30-B34*D34 -> 0.42435233 | L34: =SUMPRODUCT(Boot_抽樣次數!$X$5:$X$34,1_構念分數!AE$5:AE$34,1_構念分數!AF$5:AF$34)/30-C34*D34 -> 0.54238856 | M34: =SUMPRODUCT(Boot_抽樣次數!$X$5:$X$34,1_構念分數!AE$5:AE$34,1_構念分數!AG$5:AG$34)/30-C34*E34 -> 0.3742795 | N34: =SUMPRODUCT(Boot_抽樣次數!$X$5:$X$34,1_構念分數!AF$5:AF$34,1_構念分數!AG$5:AG$34)/30-D34*E34 -> 0.50999098 | O34: =J34/SQRT(F34*G34) -> 0.50449727 | P34: =K34/SQRT(F34*H34) -> 0.45385135 | Q34: =L34/SQRT(G34*H34) -> 0.72610754 | R34: =M34/SQRT(G34*I34) -> 0.47837699 | S34: =N34/SQRT(H34*I34) -> 0.63716419 | T34: =(P34-Q34*O34)/(1-O34^2) -> 0.11741668 | U34: =(Q34-P34*O34)/(1-O34^2) -> 0.66687114 | V34: =(R34-S34*Q34)/(1-Q34^2) -> 0.033266379 | W34: =(S34-R34*Q34)/(1-Q34^2) -> 0.61300922
A35: 24 | B35: =SUMPRODUCT(Boot_抽樣次數!$Y$5:$Y$34,1_構念分數!AD$5:AD$34)/30 -> -0.16509767 | C35: =SUMPRODUCT(Boot_抽樣次數!$Y$5:$Y$34,1_構念分數!AE$5:AE$34)/30 -> -0.18361703 | D35: =SUMPRODUCT(Boot_抽樣次數!$Y$5:$Y$34,1_構念分數!AF$5:AF$34)/30 -> -0.016859204 | E35: =SUMPRODUCT(Boot_抽樣次數!$Y$5:$Y$34,1_構念分數!AG$5:AG$34)/30 -> -0.3072666 | F35: =SUMPRODUCT(Boot_抽樣次數!$Y$5:$Y$34,1_構念分數!AD$5:AD$34,1_構念分數!AD$5:AD$34)/30-B35^2 -> 0.95969155 | G35: =SUMPRODUCT(Boot_抽樣次數!$Y$5:$Y$34,1_構念分數!AE$5:AE$34,1_構念分數!AE$5:AE$34)/30-C35^2 -> 1.1195692 | H35: =SUMPRODUCT(Boot_抽樣次數!$Y$5:$Y$34,1_構念分數!AF$5:AF$34,1_構念分數!AF$5:AF$34)/30-D35^2 -> 0.94750096 | I35: =SUMPRODUCT(Boot_抽樣次數!$Y$5:$Y$34,1_構念分數!AG$5:AG$34,1_構念分數!AG$5:AG$34)/30-E35^2 -> 0.80477983 | J35: =SUMPRODUCT(Boot_抽樣次數!$Y$5:$Y$34,1_構念分數!AD$5:AD$34,1_構念分數!AE$5:AE$34)/30-B35*C35 -> 0.53722596 | K35: =SUMPRODUCT(Boot_抽樣次數!$Y$5:$Y$34,1_構念分數!AD$5:AD$34,1_構念分數!AF$5:AF$34)/30-B35*D35 -> 0.65556281 | L35: =SUMPRODUCT(Boot_抽樣次數!$Y$5:$Y$34,1_構念分數!AE$5:AE$34,1_構念分數!AF$5:AF$34)/30-C35*D35 -> 0.59722792 | M35: =SUMPRODUCT(Boot_抽樣次數!$Y$5:$Y$34,1_構念分數!AE$5:AE$34,1_構念分數!AG$5:AG$34)/30-C35*E35 -> 0.35895496 | N35: =SUMPRODUCT(Boot_抽樣次數!$Y$5:$Y$34,1_構念分數!AF$5:AF$34,1_構念分數!AG$5:AG$34)/30-D35*E35 -> 0.52795102 | O35: =J35/SQRT(F35*G35) -> 0.51828147 | P35: =K35/SQRT(F35*H35) -> 0.68747775 | Q35: =L35/SQRT(G35*H35) -> 0.57986219 | R35: =M35/SQRT(G35*I35) -> 0.3781603 | S35: =N35/SQRT(H35*I35) -> 0.60459598 | T35: =(P35-Q35*O35)/(1-O35^2) -> 0.52905963 | U35: =(Q35-P35*O35)/(1-O35^2) -> 0.30566039 | V35: =(R35-S35*Q35)/(1-Q35^2) -> 0.041548082 | W35: =(S35-R35*Q35)/(1-Q35^2) -> 0.58050382
A36: 25 | B36: =SUMPRODUCT(Boot_抽樣次數!$Z$5:$Z$34,1_構念分數!AD$5:AD$34)/30 -> 0.14078907 | C36: =SUMPRODUCT(Boot_抽樣次數!$Z$5:$Z$34,1_構念分數!AE$5:AE$34)/30 -> -0.15704328 | D36: =SUMPRODUCT(Boot_抽樣次數!$Z$5:$Z$34,1_構念分數!AF$5:AF$34)/30 -> 0.071677466 | E36: =SUMPRODUCT(Boot_抽樣次數!$Z$5:$Z$34,1_構念分數!AG$5:AG$34)/30 -> -0.19037498 | F36: =SUMPRODUCT(Boot_抽樣次數!$Z$5:$Z$34,1_構念分數!AD$5:AD$34,1_構念分數!AD$5:AD$34)/30-B36^2 -> 1.0773168 | G36: =SUMPRODUCT(Boot_抽樣次數!$Z$5:$Z$34,1_構念分數!AE$5:AE$34,1_構念分數!AE$5:AE$34)/30-C36^2 -> 1.2055499 | H36: =SUMPRODUCT(Boot_抽樣次數!$Z$5:$Z$34,1_構念分數!AF$5:AF$34,1_構念分數!AF$5:AF$34)/30-D36^2 -> 1.0211222 | I36: =SUMPRODUCT(Boot_抽樣次數!$Z$5:$Z$34,1_構念分數!AG$5:AG$34,1_構念分數!AG$5:AG$34)/30-E36^2 -> 1.1706858 | J36: =SUMPRODUCT(Boot_抽樣次數!$Z$5:$Z$34,1_構念分數!AD$5:AD$34,1_構念分數!AE$5:AE$34)/30-B36*C36 -> 0.49531818 | K36: =SUMPRODUCT(Boot_抽樣次數!$Z$5:$Z$34,1_構念分數!AD$5:AD$34,1_構念分數!AF$5:AF$34)/30-B36*D36 -> 0.47746335 | L36: =SUMPRODUCT(Boot_抽樣次數!$Z$5:$Z$34,1_構念分數!AE$5:AE$34,1_構念分數!AF$5:AF$34)/30-C36*D36 -> 0.87426843 | M36: =SUMPRODUCT(Boot_抽樣次數!$Z$5:$Z$34,1_構念分數!AE$5:AE$34,1_構念分數!AG$5:AG$34)/30-C36*E36 -> 0.8432153 | N36: =SUMPRODUCT(Boot_抽樣次數!$Z$5:$Z$34,1_構念分數!AF$5:AF$34,1_構念分數!AG$5:AG$34)/30-D36*E36 -> 0.79473732 | O36: =J36/SQRT(F36*G36) -> 0.43463026 | P36: =K36/SQRT(F36*H36) -> 0.45522852 | Q36: =L36/SQRT(G36*H36) -> 0.78797662 | R36: =M36/SQRT(G36*I36) -> 0.70978319 | S36: =N36/SQRT(H36*I36) -> 0.7268831 | T36: =(P36-Q36*O36)/(1-O36^2) -> 0.13900939 | U36: =(Q36-P36*O36)/(1-O36^2) -> 0.72755893 | V36: =(R36-S36*Q36)/(1-Q36^2) -> 0.36143204 | W36: =(S36-R36*Q36)/(1-Q36^2) -> 0.44208311
A37: 26 | B37: =SUMPRODUCT(Boot_抽樣次數!$AA$5:$AA$34,1_構念分數!AD$5:AD$34)/30 -> -0.029422521 | C37: =SUMPRODUCT(Boot_抽樣次數!$AA$5:$AA$34,1_構念分數!AE$5:AE$34)/30 -> 0.068531292 | D37: =SUMPRODUCT(Boot_抽樣次數!$AA$5:$AA$34,1_構念分數!AF$5:AF$34)/30 -> 0.19025649 | E37: =SUMPRODUCT(Boot_抽樣次數!$AA$5:$AA$34,1_構念分數!AG$5:AG$34)/30 -> 0.048306079 | F37: =SUMPRODUCT(Boot_抽樣次數!$AA$5:$AA$34,1_構念分數!AD$5:AD$34,1_構念分數!AD$5:AD$34)/30-B37^2 -> 0.8570622 | G37: =SUMPRODUCT(Boot_抽樣次數!$AA$5:$AA$34,1_構念分數!AE$5:AE$34,1_構念分數!AE$5:AE$34)/30-C37^2 -> 0.7647246 | H37: =SUMPRODUCT(Boot_抽樣次數!$AA$5:$AA$34,1_構念分數!AF$5:AF$34,1_構念分數!AF$5:AF$34)/30-D37^2 -> 0.65616425 | I37: =SUMPRODUCT(Boot_抽樣次數!$AA$5:$AA$34,1_構念分數!AG$5:AG$34,1_構念分數!AG$5:AG$34)/30-E37^2 -> 0.87456801 | J37: =SUMPRODUCT(Boot_抽樣次數!$AA$5:$AA$34,1_構念分數!AD$5:AD$34,1_構念分數!AE$5:AE$34)/30-B37*C37 -> 0.33166386 | K37: =SUMPRODUCT(Boot_抽樣次數!$AA$5:$AA$34,1_構念分數!AD$5:AD$34,1_構念分數!AF$5:AF$34)/30-B37*D37 -> 0.34139271 | L37: =SUMPRODUCT(Boot_抽樣次數!$AA$5:$AA$34,1_構念分數!AE$5:AE$34,1_構念分數!AF$5:AF$34)/30-C37*D37 -> 0.47952611 | M37: =SUMPRODUCT(Boot_抽樣次數!$AA$5:$AA$34,1_構念分數!AE$5:AE$34,1_構念分數!AG$5:AG$34)/30-C37*E37 -> 0.38296791 | N37: =SUMPRODUCT(Boot_抽樣次數!$AA$5:$AA$34,1_構念分數!AF$5:AF$34,1_構念分數!AG$5:AG$34)/30-D37*E37 -> 0.38887606 | O37: =J37/SQRT(F37*G37) -> 0.40967498 | P37: =K37/SQRT(F37*H37) -> 0.45524144 | Q37: =L37/SQRT(G37*H37) -> 0.67694509 | R37: =M37/SQRT(G37*I37) -> 0.46828804 | S37: =N37/SQRT(H37*I37) -> 0.51334358 | T37: =(P37-Q37*O37)/(1-O37^2) -> 0.21379615 | U37: =(Q37-P37*O37)/(1-O37^2) -> 0.58935816 | V37: =(R37-S37*Q37)/(1-Q37^2) -> 0.22295092 | W37: =(S37-R37*Q37)/(1-Q37^2) -> 0.36241805
A38: 27 | B38: =SUMPRODUCT(Boot_抽樣次數!$AB$5:$AB$34,1_構念分數!AD$5:AD$34)/30 -> -0.099212244 | C38: =SUMPRODUCT(Boot_抽樣次數!$AB$5:$AB$34,1_構念分數!AE$5:AE$34)/30 -> -0.19966109 | D38: =SUMPRODUCT(Boot_抽樣次數!$AB$5:$AB$34,1_構念分數!AF$5:AF$34)/30 -> -0.3151812 | E38: =SUMPRODUCT(Boot_抽樣次數!$AB$5:$AB$34,1_構念分數!AG$5:AG$34)/30 -> -0.18130139 | F38: =SUMPRODUCT(Boot_抽樣次數!$AB$5:$AB$34,1_構念分數!AD$5:AD$34,1_構念分數!AD$5:AD$34)/30-B38^2 -> 0.58946966 | G38: =SUMPRODUCT(Boot_抽樣次數!$AB$5:$AB$34,1_構念分數!AE$5:AE$34,1_構念分數!AE$5:AE$34)/30-C38^2 -> 1.253298 | H38: =SUMPRODUCT(Boot_抽樣次數!$AB$5:$AB$34,1_構念分數!AF$5:AF$34,1_構念分數!AF$5:AF$34)/30-D38^2 -> 0.816089 | I38: =SUMPRODUCT(Boot_抽樣次數!$AB$5:$AB$34,1_構念分數!AG$5:AG$34,1_構念分數!AG$5:AG$34)/30-E38^2 -> 1.1667615 | J38: =SUMPRODUCT(Boot_抽樣次數!$AB$5:$AB$34,1_構念分數!AD$5:AD$34,1_構念分數!AE$5:AE$34)/30-B38*C38 -> 0.42641135 | K38: =SUMPRODUCT(Boot_抽樣次數!$AB$5:$AB$34,1_構念分數!AD$5:AD$34,1_構念分數!AF$5:AF$34)/30-B38*D38 -> 0.42260711 | L38: =SUMPRODUCT(Boot_抽樣次數!$AB$5:$AB$34,1_構念分數!AE$5:AE$34,1_構念分數!AF$5:AF$34)/30-C38*D38 -> 0.7086363 | M38: =SUMPRODUCT(Boot_抽樣次數!$AB$5:$AB$34,1_構念分數!AE$5:AE$34,1_構念分數!AG$5:AG$34)/30-C38*E38 -> 0.69854234 | N38: =SUMPRODUCT(Boot_抽樣次數!$AB$5:$AB$34,1_構念分數!AF$5:AF$34,1_構念分數!AG$5:AG$34)/30-D38*E38 -> 0.60876702 | O38: =J38/SQRT(F38*G38) -> 0.49610187 | P38: =K38/SQRT(F38*H38) -> 0.60930861 | Q38: =L38/SQRT(G38*H38) -> 0.7006925 | R38: =M38/SQRT(G38*I38) -> 0.57766297 | S38: =N38/SQRT(H38*I38) -> 0.623866 | T38: =(P38-Q38*O38)/(1-O38^2) -> 0.34712784 | U38: =(Q38-P38*O38)/(1-O38^2) -> 0.52848173 | V38: =(R38-S38*Q38)/(1-Q38^2) -> 0.27606376 | W38: =(S38-R38*Q38)/(1-Q38^2) -> 0.43043019
A39: 28 | B39: =SUMPRODUCT(Boot_抽樣次數!$AC$5:$AC$34,1_構念分數!AD$5:AD$34)/30 -> 0.22381992 | C39: =SUMPRODUCT(Boot_抽樣次數!$AC$5:$AC$34,1_構念分數!AE$5:AE$34)/30 -> 0.15426595 | D39: =SUMPRODUCT(Boot_抽樣次數!$AC$5:$AC$34,1_構念分數!AF$5:AF$34)/30 -> 0.14595993 | E39: =SUMPRODUCT(Boot_抽樣次數!$AC$5:$AC$34,1_構念分數!AG$5:AG$34)/30 -> -0.10231583 | F39: =SUMPRODUCT(Boot_抽樣次數!$AC$5:$AC$34,1_構念分數!AD$5:AD$34,1_構念分數!AD$5:AD$34)/30-B39^2 -> 1.2325382 | G39: =SUMPRODUCT(Boot_抽樣次數!$AC$5:$AC$34,1_構念分數!AE$5:AE$34,1_構念分數!AE$5:AE$34)/30-C39^2 -> 0.60828776 | H39: =SUMPRODUCT(Boot_抽樣次數!$AC$5:$AC$34,1_構念分數!AF$5:AF$34,1_構念分數!AF$5:AF$34)/30-D39^2 -> 0.81409537 | I39: =SUMPRODUCT(Boot_抽樣次數!$AC$5:$AC$34,1_構念分數!AG$5:AG$34,1_構念分數!AG$5:AG$34)/30-E39^2 -> 0.78413713 | J39: =SUMPRODUCT(Boot_抽樣次數!$AC$5:$AC$34,1_構念分數!AD$5:AD$34,1_構念分數!AE$5:AE$34)/30-B39*C39 -> 0.34920133 | K39: =SUMPRODUCT(Boot_抽樣次數!$AC$5:$AC$34,1_構念分數!AD$5:AD$34,1_構念分數!AF$5:AF$34)/30-B39*D39 -> 0.54306429 | L39: =SUMPRODUCT(Boot_抽樣次數!$AC$5:$AC$34,1_構念分數!AE$5:AE$34,1_構念分數!AF$5:AF$34)/30-C39*D39 -> 0.45266084 | M39: =SUMPRODUCT(Boot_抽樣次數!$AC$5:$AC$34,1_構念分數!AE$5:AE$34,1_構念分數!AG$5:AG$34)/30-C39*E39 -> 0.3340906 | N39: =SUMPRODUCT(Boot_抽樣次數!$AC$5:$AC$34,1_構念分數!AF$5:AF$34,1_構念分數!AG$5:AG$34)/30-D39*E39 -> 0.57424599 | O39: =J39/SQRT(F39*G39) -> 0.40329344 | P39: =K39/SQRT(F39*H39) -> 0.54214244 | Q39: =L39/SQRT(G39*H39) -> 0.6432514 | R39: =M39/SQRT(G39*I39) -> 0.4837419 | S39: =N39/SQRT(H39*I39) -> 0.7187276 | T39: =(P39-Q39*O39)/(1-O39^2) -> 0.33763884 | U39: =(Q39-P39*O39)/(1-O39^2) -> 0.50708387 | V39: =(R39-S39*Q39)/(1-Q39^2) -> 0.036537629 | W39: =(S39-R39*Q39)/(1-Q39^2) -> 0.69522472
A40: 29 | B40: =SUMPRODUCT(Boot_抽樣次數!$AD$5:$AD$34,1_構念分數!AD$5:AD$34)/30 -> -0.21595321 | C40: =SUMPRODUCT(Boot_抽樣次數!$AD$5:$AD$34,1_構念分數!AE$5:AE$34)/30 -> -0.056963219 | D40: =SUMPRODUCT(Boot_抽樣次數!$AD$5:$AD$34,1_構念分數!AF$5:AF$34)/30 -> -0.13145574 | E40: =SUMPRODUCT(Boot_抽樣次數!$AD$5:$AD$34,1_構念分數!AG$5:AG$34)/30 -> -0.098341517 | F40: =SUMPRODUCT(Boot_抽樣次數!$AD$5:$AD$34,1_構念分數!AD$5:AD$34,1_構念分數!AD$5:AD$34)/30-B40^2 -> 0.85830836 | G40: =SUMPRODUCT(Boot_抽樣次數!$AD$5:$AD$34,1_構念分數!AE$5:AE$34,1_構念分數!AE$5:AE$34)/30-C40^2 -> 0.82247856 | H40: =SUMPRODUCT(Boot_抽樣次數!$AD$5:$AD$34,1_構念分數!AF$5:AF$34,1_構念分數!AF$5:AF$34)/30-D40^2 -> 0.9633842 | I40: =SUMPRODUCT(Boot_抽樣次數!$AD$5:$AD$34,1_構念分數!AG$5:AG$34,1_構念分數!AG$5:AG$34)/30-E40^2 -> 0.90224567 | J40: =SUMPRODUCT(Boot_抽樣次數!$AD$5:$AD$34,1_構念分數!AD$5:AD$34,1_構念分數!AE$5:AE$34)/30-B40*C40 -> 0.28321344 | K40: =SUMPRODUCT(Boot_抽樣次數!$AD$5:$AD$34,1_構念分數!AD$5:AD$34,1_構念分數!AF$5:AF$34)/30-B40*D40 -> 0.47611417 | L40: =SUMPRODUCT(Boot_抽樣次數!$AD$5:$AD$34,1_構念分數!AE$5:AE$34,1_構念分數!AF$5:AF$34)/30-C40*D40 -> 0.48916769 | M40: =SUMPRODUCT(Boot_抽樣次數!$AD$5:$AD$34,1_構念分數!AE$5:AE$34,1_構念分數!AG$5:AG$34)/30-C40*E40 -> 0.31027901 | N40: =SUMPRODUCT(Boot_抽樣次數!$AD$5:$AD$34,1_構念分數!AF$5:AF$34,1_構念分數!AG$5:AG$34)/30-D40*E40 -> 0.61639218 | O40: =J40/SQRT(F40*G40) -> 0.33707761 | P40: =K40/SQRT(F40*H40) -> 0.52358799 | Q40: =L40/SQRT(G40*H40) -> 0.54953544 | R40: =M40/SQRT(G40*I40) -> 0.36018672 | S40: =N40/SQRT(H40*I40) -> 0.66114232 | T40: =(P40-Q40*O40)/(1-O40^2) -> 0.38172386 | U40: =(Q40-P40*O40)/(1-O40^2) -> 0.42086488 | V40: =(R40-S40*Q40)/(1-Q40^2) -> -0.0044905014 | W40: =(S40-R40*Q40)/(1-Q40^2) -> 0.66361001
A41: 30 | B41: =SUMPRODUCT(Boot_抽樣次數!$AE$5:$AE$34,1_構念分數!AD$5:AD$34)/30 -> 0.15752134 | C41: =SUMPRODUCT(Boot_抽樣次數!$AE$5:$AE$34,1_構念分數!AE$5:AE$34)/30 -> -0.068032256 | D41: =SUMPRODUCT(Boot_抽樣次數!$AE$5:$AE$34,1_構念分數!AF$5:AF$34)/30 -> 0.040826972 | E41: =SUMPRODUCT(Boot_抽樣次數!$AE$5:$AE$34,1_構念分數!AG$5:AG$34)/30 -> -0.051705599 | F41: =SUMPRODUCT(Boot_抽樣次數!$AE$5:$AE$34,1_構念分數!AD$5:AD$34,1_構念分數!AD$5:AD$34)/30-B41^2 -> 1.078982 | G41: =SUMPRODUCT(Boot_抽樣次數!$AE$5:$AE$34,1_構念分數!AE$5:AE$34,1_構念分數!AE$5:AE$34)/30-C41^2 -> 1.3252367 | H41: =SUMPRODUCT(Boot_抽樣次數!$AE$5:$AE$34,1_構念分數!AF$5:AF$34,1_構念分數!AF$5:AF$34)/30-D41^2 -> 1.2498248 | I41: =SUMPRODUCT(Boot_抽樣次數!$AE$5:$AE$34,1_構念分數!AG$5:AG$34,1_構念分數!AG$5:AG$34)/30-E41^2 -> 1.4554188 | J41: =SUMPRODUCT(Boot_抽樣次數!$AE$5:$AE$34,1_構念分數!AD$5:AD$34,1_構念分數!AE$5:AE$34)/30-B41*C41 -> 0.68123882 | K41: =SUMPRODUCT(Boot_抽樣次數!$AE$5:$AE$34,1_構念分數!AD$5:AD$34,1_構念分數!AF$5:AF$34)/30-B41*D41 -> 0.62209468 | L41: =SUMPRODUCT(Boot_抽樣次數!$AE$5:$AE$34,1_構念分數!AE$5:AE$34,1_構念分數!AF$5:AF$34)/30-C41*D41 -> 0.9795593 | M41: =SUMPRODUCT(Boot_抽樣次數!$AE$5:$AE$34,1_構念分數!AE$5:AE$34,1_構念分數!AG$5:AG$34)/30-C41*E41 -> 0.92803583 | N41: =SUMPRODUCT(Boot_抽樣次數!$AE$5:$AE$34,1_構念分數!AF$5:AF$34,1_構念分數!AG$5:AG$34)/30-D41*E41 -> 0.95862171 | O41: =J41/SQRT(F41*G41) -> 0.56969913 | P41: =K41/SQRT(F41*H41) -> 0.53570392 | Q41: =L41/SQRT(G41*H41) -> 0.76113106 | R41: =M41/SQRT(G41*I41) -> 0.66822702 | S41: =N41/SQRT(H41*I41) -> 0.71076939 | T41: =(P41-Q41*O41)/(1-O41^2) -> 0.15114263 | U41: =(Q41-P41*O41)/(1-O41^2) -> 0.67502523 | V41: =(R41-S41*Q41)/(1-Q41^2) -> 0.30245913 | W41: =(S41-R41*Q41)/(1-Q41^2) -> 0.48055835
A42: 31 | B42: =SUMPRODUCT(Boot_抽樣次數!$AF$5:$AF$34,1_構念分數!AD$5:AD$34)/30 -> 0.19707715 | C42: =SUMPRODUCT(Boot_抽樣次數!$AF$5:$AF$34,1_構念分數!AE$5:AE$34)/30 -> 0.042038157 | D42: =SUMPRODUCT(Boot_抽樣次數!$AF$5:$AF$34,1_構念分數!AF$5:AF$34)/30 -> 0.05129221 | E42: =SUMPRODUCT(Boot_抽樣次數!$AF$5:$AF$34,1_構念分數!AG$5:AG$34)/30 -> 0.19475221 | F42: =SUMPRODUCT(Boot_抽樣次數!$AF$5:$AF$34,1_構念分數!AD$5:AD$34,1_構念分數!AD$5:AD$34)/30-B42^2 -> 0.79026508 | G42: =SUMPRODUCT(Boot_抽樣次數!$AF$5:$AF$34,1_構念分數!AE$5:AE$34,1_構念分數!AE$5:AE$34)/30-C42^2 -> 0.86843852 | H42: =SUMPRODUCT(Boot_抽樣次數!$AF$5:$AF$34,1_構念分數!AF$5:AF$34,1_構念分數!AF$5:AF$34)/30-D42^2 -> 0.83291397 | I42: =SUMPRODUCT(Boot_抽樣次數!$AF$5:$AF$34,1_構念分數!AG$5:AG$34,1_構念分數!AG$5:AG$34)/30-E42^2 -> 0.86450736 | J42: =SUMPRODUCT(Boot_抽樣次數!$AF$5:$AF$34,1_構念分數!AD$5:AD$34,1_構念分數!AE$5:AE$34)/30-B42*C42 -> 0.45888304 | K42: =SUMPRODUCT(Boot_抽樣次數!$AF$5:$AF$34,1_構念分數!AD$5:AD$34,1_構念分數!AF$5:AF$34)/30-B42*D42 -> 0.42200885 | L42: =SUMPRODUCT(Boot_抽樣次數!$AF$5:$AF$34,1_構念分數!AE$5:AE$34,1_構念分數!AF$5:AF$34)/30-C42*D42 -> 0.58337613 | M42: =SUMPRODUCT(Boot_抽樣次數!$AF$5:$AF$34,1_構念分數!AE$5:AE$34,1_構念分數!AG$5:AG$34)/30-C42*E42 -> 0.49999868 | N42: =SUMPRODUCT(Boot_抽樣次數!$AF$5:$AF$34,1_構念分數!AF$5:AF$34,1_構念分數!AG$5:AG$34)/30-D42*E42 -> 0.5180373 | O42: =J42/SQRT(F42*G42) -> 0.55391875 | P42: =K42/SQRT(F42*H42) -> 0.52015777 | Q42: =L42/SQRT(G42*H42) -> 0.6859288 | R42: =M42/SQRT(G42*I42) -> 0.57705202 | S42: =N42/SQRT(H42*I42) -> 0.61048727 | T42: =(P42-Q42*O42)/(1-O42^2) -> 0.20227091 | U42: =(Q42-P42*O42)/(1-O42^2) -> 0.57388715 | V42: =(R42-S42*Q42)/(1-Q42^2) -> 0.29896264 | W42: =(S42-R42*Q42)/(1-Q42^2) -> 0.40542019
A43: 32 | B43: =SUMPRODUCT(Boot_抽樣次數!$AG$5:$AG$34,1_構念分數!AD$5:AD$34)/30 -> -0.015920879 | C43: =SUMPRODUCT(Boot_抽樣次數!$AG$5:$AG$34,1_構念分數!AE$5:AE$34)/30 -> 0.094026355 | D43: =SUMPRODUCT(Boot_抽樣次數!$AG$5:$AG$34,1_構念分數!AF$5:AF$34)/30 -> 0.030850493 | E43: =SUMPRODUCT(Boot_抽樣次數!$AG$5:$AG$34,1_構念分數!AG$5:AG$34)/30 -> -0.05761073 | F43: =SUMPRODUCT(Boot_抽樣次數!$AG$5:$AG$34,1_構念分數!AD$5:AD$34,1_構念分數!AD$5:AD$34)/30-B43^2 -> 1.1446521 | G43: =SUMPRODUCT(Boot_抽樣次數!$AG$5:$AG$34,1_構念分數!AE$5:AE$34,1_構念分數!AE$5:AE$34)/30-C43^2 -> 0.57736814 | H43: =SUMPRODUCT(Boot_抽樣次數!$AG$5:$AG$34,1_構念分數!AF$5:AF$34,1_構念分數!AF$5:AF$34)/30-D43^2 -> 0.63742404 | I43: =SUMPRODUCT(Boot_抽樣次數!$AG$5:$AG$34,1_構念分數!AG$5:AG$34,1_構念分數!AG$5:AG$34)/30-E43^2 -> 0.66009329 | J43: =SUMPRODUCT(Boot_抽樣次數!$AG$5:$AG$34,1_構念分數!AD$5:AD$34,1_構念分數!AE$5:AE$34)/30-B43*C43 -> 0.26559805 | K43: =SUMPRODUCT(Boot_抽樣次數!$AG$5:$AG$34,1_構念分數!AD$5:AD$34,1_構念分數!AF$5:AF$34)/30-B43*D43 -> 0.34070308 | L43: =SUMPRODUCT(Boot_抽樣次數!$AG$5:$AG$34,1_構念分數!AE$5:AE$34,1_構念分數!AF$5:AF$34)/30-C43*D43 -> 0.27825631 | M43: =SUMPRODUCT(Boot_抽樣次數!$AG$5:$AG$34,1_構念分數!AE$5:AE$34,1_構念分數!AG$5:AG$34)/30-C43*E43 -> 0.21445658 | N43: =SUMPRODUCT(Boot_抽樣次數!$AG$5:$AG$34,1_構念分數!AF$5:AF$34,1_構念分數!AG$5:AG$34)/30-D43*E43 -> 0.37486865 | O43: =J43/SQRT(F43*G43) -> 0.32670947 | P43: =K43/SQRT(F43*H43) -> 0.39886423 | Q43: =L43/SQRT(G43*H43) -> 0.4586743 | R43: =M43/SQRT(G43*I43) -> 0.3473844 | S43: =N43/SQRT(H43*I43) -> 0.57791271 | T43: =(P43-Q43*O43)/(1-O43^2) -> 0.27876624 | U43: =(Q43-P43*O43)/(1-O43^2) -> 0.36759873 | V43: =(R43-S43*Q43)/(1-Q43^2) -> 0.10424117 | W43: =(S43-R43*Q43)/(1-Q43^2) -> 0.53009997
A44: 33 | B44: =SUMPRODUCT(Boot_抽樣次數!$AH$5:$AH$34,1_構念分數!AD$5:AD$34)/30 -> 0.14374425 | C44: =SUMPRODUCT(Boot_抽樣次數!$AH$5:$AH$34,1_構念分數!AE$5:AE$34)/30 -> 0.06691326 | D44: =SUMPRODUCT(Boot_抽樣次數!$AH$5:$AH$34,1_構念分數!AF$5:AF$34)/30 -> 0.04784676 | E44: =SUMPRODUCT(Boot_抽樣次數!$AH$5:$AH$34,1_構念分數!AG$5:AG$34)/30 -> -0.010773349 | F44: =SUMPRODUCT(Boot_抽樣次數!$AH$5:$AH$34,1_構念分數!AD$5:AD$34,1_構念分數!AD$5:AD$34)/30-B44^2 -> 0.93420393 | G44: =SUMPRODUCT(Boot_抽樣次數!$AH$5:$AH$34,1_構念分數!AE$5:AE$34,1_構念分數!AE$5:AE$34)/30-C44^2 -> 0.60479956 | H44: =SUMPRODUCT(Boot_抽樣次數!$AH$5:$AH$34,1_構念分數!AF$5:AF$34,1_構念分數!AF$5:AF$34)/30-D44^2 -> 0.6131515 | I44: =SUMPRODUCT(Boot_抽樣次數!$AH$5:$AH$34,1_構念分數!AG$5:AG$34,1_構念分數!AG$5:AG$34)/30-E44^2 -> 0.47900036 | J44: =SUMPRODUCT(Boot_抽樣次數!$AH$5:$AH$34,1_構念分數!AD$5:AD$34,1_構念分數!AE$5:AE$34)/30-B44*C44 -> 0.35826637 | K44: =SUMPRODUCT(Boot_抽樣次數!$AH$5:$AH$34,1_構念分數!AD$5:AD$34,1_構念分數!AF$5:AF$34)/30-B44*D44 -> 0.30340097 | L44: =SUMPRODUCT(Boot_抽樣次數!$AH$5:$AH$34,1_構念分數!AE$5:AE$34,1_構念分數!AF$5:AF$34)/30-C44*D44 -> 0.34567359 | M44: =SUMPRODUCT(Boot_抽樣次數!$AH$5:$AH$34,1_構念分數!AE$5:AE$34,1_構念分數!AG$5:AG$34)/30-C44*E44 -> 0.13744041 | N44: =SUMPRODUCT(Boot_抽樣次數!$AH$5:$AH$34,1_構念分數!AF$5:AF$34,1_構念分數!AG$5:AG$34)/30-D44*E44 -> 0.15146157 | O44: =J44/SQRT(F44*G44) -> 0.47662791 | P44: =K44/SQRT(F44*H44) -> 0.400878 | Q44: =L44/SQRT(G44*H44) -> 0.56764467 | R44: =M44/SQRT(G44*I44) -> 0.2553529 | S44: =N44/SQRT(H44*I44) -> 0.27947994 | T44: =(P44-Q44*O44)/(1-O44^2) -> 0.16863141 | U44: =(Q44-P44*O44)/(1-O44^2) -> 0.48727024 | V44: =(R44-S44*Q44)/(1-Q44^2) -> 0.14268297 | W44: =(S44-R44*Q44)/(1-Q44^2) -> 0.19848672
A45: 34 | B45: =SUMPRODUCT(Boot_抽樣次數!$AI$5:$AI$34,1_構念分數!AD$5:AD$34)/30 -> -0.26579497 | C45: =SUMPRODUCT(Boot_抽樣次數!$AI$5:$AI$34,1_構念分數!AE$5:AE$34)/30 -> -0.058041907 | D45: =SUMPRODUCT(Boot_抽樣次數!$AI$5:$AI$34,1_構念分數!AF$5:AF$34)/30 -> -0.026379242 | E45: =SUMPRODUCT(Boot_抽樣次數!$AI$5:$AI$34,1_構念分數!AG$5:AG$34)/30 -> 0.36127635 | F45: =SUMPRODUCT(Boot_抽樣次數!$AI$5:$AI$34,1_構念分數!AD$5:AD$34,1_構念分數!AD$5:AD$34)/30-B45^2 -> 0.56769203 | G45: =SUMPRODUCT(Boot_抽樣次數!$AI$5:$AI$34,1_構念分數!AE$5:AE$34,1_構念分數!AE$5:AE$34)/30-C45^2 -> 0.65323271 | H45: =SUMPRODUCT(Boot_抽樣次數!$AI$5:$AI$34,1_構念分數!AF$5:AF$34,1_構念分數!AF$5:AF$34)/30-D45^2 -> 0.79364708 | I45: =SUMPRODUCT(Boot_抽樣次數!$AI$5:$AI$34,1_構念分數!AG$5:AG$34,1_構念分數!AG$5:AG$34)/30-E45^2 -> 0.79773415 | J45: =SUMPRODUCT(Boot_抽樣次數!$AI$5:$AI$34,1_構念分數!AD$5:AD$34,1_構念分數!AE$5:AE$34)/30-B45*C45 -> 0.27876786 | K45: =SUMPRODUCT(Boot_抽樣次數!$AI$5:$AI$34,1_構念分數!AD$5:AD$34,1_構念分數!AF$5:AF$34)/30-B45*D45 -> 0.26585194 | L45: =SUMPRODUCT(Boot_抽樣次數!$AI$5:$AI$34,1_構念分數!AE$5:AE$34,1_構念分數!AF$5:AF$34)/30-C45*D45 -> 0.54225248 | M45: =SUMPRODUCT(Boot_抽樣次數!$AI$5:$AI$34,1_構念分數!AE$5:AE$34,1_構念分數!AG$5:AG$34)/30-C45*E45 -> 0.29424088 | N45: =SUMPRODUCT(Boot_抽樣次數!$AI$5:$AI$34,1_構念分數!AF$5:AF$34,1_構念分數!AG$5:AG$34)/30-D45*E45 -> 0.25497875 | O45: =J45/SQRT(F45*G45) -> 0.45777529 | P45: =K45/SQRT(F45*H45) -> 0.39606797 | Q45: =L45/SQRT(G45*H45) -> 0.75310212 | R45: =M45/SQRT(G45*I45) -> 0.40760542 | S45: =N45/SQRT(H45*I45) -> 0.32045067 | T45: =(P45-Q45*O45)/(1-O45^2) -> 0.064921202 | U45: =(Q45-P45*O45)/(1-O45^2) -> 0.7233828 | V45: =(R45-S45*Q45)/(1-Q45^2) -> 0.38414754 | W45: =(S45-R45*Q45)/(1-Q45^2) -> 0.031148342
A46: 35 | B46: =SUMPRODUCT(Boot_抽樣次數!$AJ$5:$AJ$34,1_構念分數!AD$5:AD$34)/30 -> -0.015783158 | C46: =SUMPRODUCT(Boot_抽樣次數!$AJ$5:$AJ$34,1_構念分數!AE$5:AE$34)/30 -> -0.2991615 | D46: =SUMPRODUCT(Boot_抽樣次數!$AJ$5:$AJ$34,1_構念分數!AF$5:AF$34)/30 -> -0.12692803 | E46: =SUMPRODUCT(Boot_抽樣次數!$AJ$5:$AJ$34,1_構念分數!AG$5:AG$34)/30 -> -0.068182616 | F46: =SUMPRODUCT(Boot_抽樣次數!$AJ$5:$AJ$34,1_構念分數!AD$5:AD$34,1_構念分數!AD$5:AD$34)/30-B46^2 -> 1.1329952 | G46: =SUMPRODUCT(Boot_抽樣次數!$AJ$5:$AJ$34,1_構念分數!AE$5:AE$34,1_構念分數!AE$5:AE$34)/30-C46^2 -> 1.0172064 | H46: =SUMPRODUCT(Boot_抽樣次數!$AJ$5:$AJ$34,1_構念分數!AF$5:AF$34,1_構念分數!AF$5:AF$34)/30-D46^2 -> 0.84575492 | I46: =SUMPRODUCT(Boot_抽樣次數!$AJ$5:$AJ$34,1_構念分數!AG$5:AG$34,1_構念分數!AG$5:AG$34)/30-E46^2 -> 0.71220717 | J46: =SUMPRODUCT(Boot_抽樣次數!$AJ$5:$AJ$34,1_構念分數!AD$5:AD$34,1_構念分數!AE$5:AE$34)/30-B46*C46 -> 0.74985123 | K46: =SUMPRODUCT(Boot_抽樣次數!$AJ$5:$AJ$34,1_構念分數!AD$5:AD$34,1_構念分數!AF$5:AF$34)/30-B46*D46 -> 0.62775116 | L46: =SUMPRODUCT(Boot_抽樣次數!$AJ$5:$AJ$34,1_構念分數!AE$5:AE$34,1_構念分數!AF$5:AF$34)/30-C46*D46 -> 0.63001597 | M46: =SUMPRODUCT(Boot_抽樣次數!$AJ$5:$AJ$34,1_構念分數!AE$5:AE$34,1_構念分數!AG$5:AG$34)/30-C46*E46 -> 0.40257337 | N46: =SUMPRODUCT(Boot_抽樣次數!$AJ$5:$AJ$34,1_構念分數!AF$5:AF$34,1_構念分數!AG$5:AG$34)/30-D46*E46 -> 0.49020096 | O46: =J46/SQRT(F46*G46) -> 0.69848411 | P46: =K46/SQRT(F46*H46) -> 0.64128522 | Q46: =L46/SQRT(G46*H46) -> 0.67924234 | R46: =M46/SQRT(G46*I46) -> 0.47297406 | S46: =N46/SQRT(H46*I46) -> 0.63160961 | T46: =(P46-Q46*O46)/(1-O46^2) -> 0.32579328 | U46: =(Q46-P46*O46)/(1-O46^2) -> 0.45168091 | V46: =(R46-S46*Q46)/(1-Q46^2) -> 0.081610916 | W46: =(S46-R46*Q46)/(1-Q46^2) -> 0.57617602
A47: 36 | B47: =SUMPRODUCT(Boot_抽樣次數!$AK$5:$AK$34,1_構念分數!AD$5:AD$34)/30 -> 0.10042186 | C47: =SUMPRODUCT(Boot_抽樣次數!$AK$5:$AK$34,1_構念分數!AE$5:AE$34)/30 -> -0.20020044 | D47: =SUMPRODUCT(Boot_抽樣次數!$AK$5:$AK$34,1_構念分數!AF$5:AF$34)/30 -> -0.10060524 | E47: =SUMPRODUCT(Boot_抽樣次數!$AK$5:$AK$34,1_構念分數!AG$5:AG$34)/30 -> -0.28281137 | F47: =SUMPRODUCT(Boot_抽樣次數!$AK$5:$AK$34,1_構念分數!AD$5:AD$34,1_構念分數!AD$5:AD$34)/30-B47^2 -> 1.2958998 | G47: =SUMPRODUCT(Boot_抽樣次數!$AK$5:$AK$34,1_構念分數!AE$5:AE$34,1_構念分數!AE$5:AE$34)/30-C47^2 -> 1.1378054 | H47: =SUMPRODUCT(Boot_抽樣次數!$AK$5:$AK$34,1_構念分數!AF$5:AF$34,1_構念分數!AF$5:AF$34)/30-D47^2 -> 1.2618382 | I47: =SUMPRODUCT(Boot_抽樣次數!$AK$5:$AK$34,1_構念分數!AG$5:AG$34,1_構念分數!AG$5:AG$34)/30-E47^2 -> 1.3654 | J47: =SUMPRODUCT(Boot_抽樣次數!$AK$5:$AK$34,1_構念分數!AD$5:AD$34,1_構念分數!AE$5:AE$34)/30-B47*C47 -> 0.59418518 | K47: =SUMPRODUCT(Boot_抽樣次數!$AK$5:$AK$34,1_構念分數!AD$5:AD$34,1_構念分數!AF$5:AF$34)/30-B47*D47 -> 0.84520261 | L47: =SUMPRODUCT(Boot_抽樣次數!$AK$5:$AK$34,1_構念分數!AE$5:AE$34,1_構念分數!AF$5:AF$34)/30-C47*D47 -> 0.91421497 | M47: =SUMPRODUCT(Boot_抽樣次數!$AK$5:$AK$34,1_構念分數!AE$5:AE$34,1_構念分數!AG$5:AG$34)/30-C47*E47 -> 0.85729963 | N47: =SUMPRODUCT(Boot_抽樣次數!$AK$5:$AK$34,1_構念分數!AF$5:AF$34,1_構念分數!AG$5:AG$34)/30-D47*E47 -> 0.91949539 | O47: =J47/SQRT(F47*G47) -> 0.48933029 | P47: =K47/SQRT(F47*H47) -> 0.66095712 | Q47: =L47/SQRT(G47*H47) -> 0.76297883 | R47: =M47/SQRT(G47*I47) -> 0.6878103 | S47: =N47/SQRT(H47*I47) -> 0.70051553 | T47: =(P47-Q47*O47)/(1-O47^2) -> 0.37815561 | U47: =(Q47-P47*O47)/(1-O47^2) -> 0.57793584 | V47: =(R47-S47*Q47)/(1-Q47^2) -> 0.36694244 | W47: =(S47-R47*Q47)/(1-Q47^2) -> 0.42054622
A48: 37 | B48: =SUMPRODUCT(Boot_抽樣次數!$AL$5:$AL$34,1_構念分數!AD$5:AD$34)/30 -> 0.13769616 | C48: =SUMPRODUCT(Boot_抽樣次數!$AL$5:$AL$34,1_構念分數!AE$5:AE$34)/30 -> 0.039260821 | D48: =SUMPRODUCT(Boot_抽樣次數!$AL$5:$AL$34,1_構念分數!AF$5:AF$34)/30 -> 0.15734622 | E48: =SUMPRODUCT(Boot_抽樣次數!$AL$5:$AL$34,1_構念分數!AG$5:AG$34)/30 -> 0.21462875 | F48: =SUMPRODUCT(Boot_抽樣次數!$AL$5:$AL$34,1_構念分數!AD$5:AD$34,1_構念分數!AD$5:AD$34)/30-B48^2 -> 0.86685403 | G48: =SUMPRODUCT(Boot_抽樣次數!$AL$5:$AL$34,1_構念分數!AE$5:AE$34,1_構念分數!AE$5:AE$34)/30-C48^2 -> 1.4132782 | H48: =SUMPRODUCT(Boot_抽樣次數!$AL$5:$AL$34,1_構念分數!AF$5:AF$34,1_構念分數!AF$5:AF$34)/30-D48^2 -> 0.97544221 | I48: =SUMPRODUCT(Boot_抽樣次數!$AL$5:$AL$34,1_構念分數!AG$5:AG$34,1_構念分數!AG$5:AG$34)/30-E48^2 -> 1.1470905 | J48: =SUMPRODUCT(Boot_抽樣次數!$AL$5:$AL$34,1_構念分數!AD$5:AD$34,1_構念分數!AE$5:AE$34)/30-B48*C48 -> 0.59599895 | K48: =SUMPRODUCT(Boot_抽樣次數!$AL$5:$AL$34,1_構念分數!AD$5:AD$34,1_構念分數!AF$5:AF$34)/30-B48*D48 -> 0.50784712 | L48: =SUMPRODUCT(Boot_抽樣次數!$AL$5:$AL$34,1_構念分數!AE$5:AE$34,1_構念分數!AF$5:AF$34)/30-C48*D48 -> 0.81645501 | M48: =SUMPRODUCT(Boot_抽樣次數!$AL$5:$AL$34,1_構念分數!AE$5:AE$34,1_構念分數!AG$5:AG$34)/30-C48*E48 -> 0.81774317 | N48: =SUMPRODUCT(Boot_抽樣次數!$AL$5:$AL$34,1_構念分數!AF$5:AF$34,1_構念分數!AG$5:AG$34)/30-D48*E48 -> 0.71174402 | O48: =J48/SQRT(F48*G48) -> 0.5384665 | P48: =K48/SQRT(F48*H48) -> 0.5522799 | Q48: =L48/SQRT(G48*H48) -> 0.69537274 | R48: =M48/SQRT(G48*I48) -> 0.64225023 | S48: =N48/SQRT(H48*I48) -> 0.67285924 | T48: =(P48-Q48*O48)/(1-O48^2) -> 0.25046688 | U48: =(Q48-P48*O48)/(1-O48^2) -> 0.56050472 | V48: =(R48-S48*Q48)/(1-Q48^2) -> 0.3376125 | W48: =(S48-R48*Q48)/(1-Q48^2) -> 0.43809271
A49: 38 | B49: =SUMPRODUCT(Boot_抽樣次數!$AM$5:$AM$34,1_構念分數!AD$5:AD$34)/30 -> 0.29589116 | C49: =SUMPRODUCT(Boot_抽樣次數!$AM$5:$AM$34,1_構念分數!AE$5:AE$34)/30 -> 0.23009087 | D49: =SUMPRODUCT(Boot_抽樣次數!$AM$5:$AM$34,1_構念分數!AF$5:AF$34)/30 -> 0.37989534 | E49: =SUMPRODUCT(Boot_抽樣次數!$AM$5:$AM$34,1_構念分數!AG$5:AG$34)/30 -> 0.41488317 | F49: =SUMPRODUCT(Boot_抽樣次數!$AM$5:$AM$34,1_構念分數!AD$5:AD$34,1_構念分數!AD$5:AD$34)/30-B49^2 -> 0.831624 | G49: =SUMPRODUCT(Boot_抽樣次數!$AM$5:$AM$34,1_構念分數!AE$5:AE$34,1_構念分數!AE$5:AE$34)/30-C49^2 -> 0.9348495 | H49: =SUMPRODUCT(Boot_抽樣次數!$AM$5:$AM$34,1_構念分數!AF$5:AF$34,1_構念分數!AF$5:AF$34)/30-D49^2 -> 0.90471698 | I49: =SUMPRODUCT(Boot_抽樣次數!$AM$5:$AM$34,1_構念分數!AG$5:AG$34,1_構念分數!AG$5:AG$34)/30-E49^2 -> 0.65062174 | J49: =SUMPRODUCT(Boot_抽樣次數!$AM$5:$AM$34,1_構念分數!AD$5:AD$34,1_構念分數!AE$5:AE$34)/30-B49*C49 -> 0.41233921 | K49: =SUMPRODUCT(Boot_抽樣次數!$AM$5:$AM$34,1_構念分數!AD$5:AD$34,1_構念分數!AF$5:AF$34)/30-B49*D49 -> 0.62492955 | L49: =SUMPRODUCT(Boot_抽樣次數!$AM$5:$AM$34,1_構念分數!AE$5:AE$34,1_構念分數!AF$5:AF$34)/30-C49*D49 -> 0.41241853 | M49: =SUMPRODUCT(Boot_抽樣次數!$AM$5:$AM$34,1_構念分數!AE$5:AE$34,1_構念分數!AG$5:AG$34)/30-C49*E49 -> 0.17764711 | N49: =SUMPRODUCT(Boot_抽樣次數!$AM$5:$AM$34,1_構念分數!AF$5:AF$34,1_構念分數!AG$5:AG$34)/30-D49*E49 -> 0.38732501 | O49: =J49/SQRT(F49*G49) -> 0.46764929 | P49: =K49/SQRT(F49*H49) -> 0.72046217 | Q49: =L49/SQRT(G49*H49) -> 0.44844682 | R49: =M49/SQRT(G49*I49) -> 0.22778389 | S49: =N49/SQRT(H49*I49) -> 0.50484131 | T49: =(P49-Q49*O49)/(1-O49^2) -> 0.65371 | U49: =(Q49-P49*O49)/(1-O49^2) -> 0.14273981 | V49: =(R49-S49*Q49)/(1-Q49^2) -> 0.0017391624 | W49: =(S49-R49*Q49)/(1-Q49^2) -> 0.50406139
A50: 39 | B50: =SUMPRODUCT(Boot_抽樣次數!$AN$5:$AN$34,1_構念分數!AD$5:AD$34)/30 -> 0.19344829 | C50: =SUMPRODUCT(Boot_抽樣次數!$AN$5:$AN$34,1_構念分數!AE$5:AE$34)/30 -> 0.098421724 | D50: =SUMPRODUCT(Boot_抽樣次數!$AN$5:$AN$34,1_構念分數!AF$5:AF$34)/30 -> 0.11502883 | E50: =SUMPRODUCT(Boot_抽樣次數!$AN$5:$AN$34,1_構念分數!AG$5:AG$34)/30 -> 0.20155125 | F50: =SUMPRODUCT(Boot_抽樣次數!$AN$5:$AN$34,1_構念分數!AD$5:AD$34,1_構念分數!AD$5:AD$34)/30-B50^2 -> 0.92236398 | G50: =SUMPRODUCT(Boot_抽樣次數!$AN$5:$AN$34,1_構念分數!AE$5:AE$34,1_構念分數!AE$5:AE$34)/30-C50^2 -> 0.97858404 | H50: =SUMPRODUCT(Boot_抽樣次數!$AN$5:$AN$34,1_構念分數!AF$5:AF$34,1_構念分數!AF$5:AF$34)/30-D50^2 -> 0.89945398 | I50: =SUMPRODUCT(Boot_抽樣次數!$AN$5:$AN$34,1_構念分數!AG$5:AG$34,1_構念分數!AG$5:AG$34)/30-E50^2 -> 0.82429216 | J50: =SUMPRODUCT(Boot_抽樣次數!$AN$5:$AN$34,1_構念分數!AD$5:AD$34,1_構念分數!AE$5:AE$34)/30-B50*C50 -> 0.56584168 | K50: =SUMPRODUCT(Boot_抽樣次數!$AN$5:$AN$34,1_構念分數!AD$5:AD$34,1_構念分數!AF$5:AF$34)/30-B50*D50 -> 0.56553749 | L50: =SUMPRODUCT(Boot_抽樣次數!$AN$5:$AN$34,1_構念分數!AE$5:AE$34,1_構念分數!AF$5:AF$34)/30-C50*D50 -> 0.63683892 | M50: =SUMPRODUCT(Boot_抽樣次數!$AN$5:$AN$34,1_構念分數!AE$5:AE$34,1_構念分數!AG$5:AG$34)/30-C50*E50 -> 0.52860759 | N50: =SUMPRODUCT(Boot_抽樣次數!$AN$5:$AN$34,1_構念分數!AF$5:AF$34,1_構念分數!AG$5:AG$34)/30-D50*E50 -> 0.63015266 | O50: =J50/SQRT(F50*G50) -> 0.59558631 | P50: =K50/SQRT(F50*H50) -> 0.62089871 | Q50: =L50/SQRT(G50*H50) -> 0.67879879 | R50: =M50/SQRT(G50*I50) -> 0.58856407 | S50: =N50/SQRT(H50*I50) -> 0.73183929 | T50: =(P50-Q50*O50)/(1-O50^2) -> 0.33569376 | U50: =(Q50-P50*O50)/(1-O50^2) -> 0.47886418 | V50: =(R50-S50*Q50)/(1-Q50^2) -> 0.17022805 | W50: =(S50-R50*Q50)/(1-Q50^2) -> 0.61628869
A51: 40 | B51: =SUMPRODUCT(Boot_抽樣次數!$AO$5:$AO$34,1_構念分數!AD$5:AD$34)/30 -> 0.081545797 | C51: =SUMPRODUCT(Boot_抽樣次數!$AO$5:$AO$34,1_構念分數!AE$5:AE$34)/30 -> 0.013846374 | D51: =SUMPRODUCT(Boot_抽樣次數!$AO$5:$AO$34,1_構念分數!AF$5:AF$34)/30 -> 0.017460882 | E51: =SUMPRODUCT(Boot_抽樣次數!$AO$5:$AO$34,1_構念分數!AG$5:AG$34)/30 -> 0.20195418 | F51: =SUMPRODUCT(Boot_抽樣次數!$AO$5:$AO$34,1_構念分數!AD$5:AD$34,1_構念分數!AD$5:AD$34)/30-B51^2 -> 0.87556635 | G51: =SUMPRODUCT(Boot_抽樣次數!$AO$5:$AO$34,1_構念分數!AE$5:AE$34,1_構念分數!AE$5:AE$34)/30-C51^2 -> 0.47433133 | H51: =SUMPRODUCT(Boot_抽樣次數!$AO$5:$AO$34,1_構念分數!AF$5:AF$34,1_構念分數!AF$5:AF$34)/30-D51^2 -> 0.76753314 | I51: =SUMPRODUCT(Boot_抽樣次數!$AO$5:$AO$34,1_構念分數!AG$5:AG$34,1_構念分數!AG$5:AG$34)/30-E51^2 -> 0.80305488 | J51: =SUMPRODUCT(Boot_抽樣次數!$AO$5:$AO$34,1_構念分數!AD$5:AD$34,1_構念分數!AE$5:AE$34)/30-B51*C51 -> 0.34179473 | K51: =SUMPRODUCT(Boot_抽樣次數!$AO$5:$AO$34,1_構念分數!AD$5:AD$34,1_構念分數!AF$5:AF$34)/30-B51*D51 -> 0.38112036 | L51: =SUMPRODUCT(Boot_抽樣次數!$AO$5:$AO$34,1_構念分數!AE$5:AE$34,1_構念分數!AF$5:AF$34)/30-C51*D51 -> 0.44218026 | M51: =SUMPRODUCT(Boot_抽樣次數!$AO$5:$AO$34,1_構念分數!AE$5:AE$34,1_構念分數!AG$5:AG$34)/30-C51*E51 -> 0.13693869 | N51: =SUMPRODUCT(Boot_抽樣次數!$AO$5:$AO$34,1_構念分數!AF$5:AF$34,1_構念分數!AG$5:AG$34)/30-D51*E51 -> 0.23984023 | O51: =J51/SQRT(F51*G51) -> 0.53037119 | P51: =K51/SQRT(F51*H51) -> 0.46491018 | Q51: =L51/SQRT(G51*H51) -> 0.73284121 | R51: =M51/SQRT(G51*I51) -> 0.22187719 | S51: =N51/SQRT(H51*I51) -> 0.30549271 | T51: =(P51-Q51*O51)/(1-O51^2) -> 0.10606879 | U51: =(Q51-P51*O51)/(1-O51^2) -> 0.67658538 | V51: =(R51-S51*Q51)/(1-Q51^2) -> -0.0043211568 | W51: =(S51-R51*Q51)/(1-Q51^2) -> 0.30865943
A52: 41 | B52: =SUMPRODUCT(Boot_抽樣次數!$AP$5:$AP$34,1_構念分數!AD$5:AD$34)/30 -> -0.10787541 | C52: =SUMPRODUCT(Boot_抽樣次數!$AP$5:$AP$34,1_構念分數!AE$5:AE$34)/30 -> 0.11338709 | D52: =SUMPRODUCT(Boot_抽樣次數!$AP$5:$AP$34,1_構念分數!AF$5:AF$34)/30 -> 0.0044712513 | E52: =SUMPRODUCT(Boot_抽樣次數!$AP$5:$AP$34,1_構念分數!AG$5:AG$34)/30 -> 0.14644613 | F52: =SUMPRODUCT(Boot_抽樣次數!$AP$5:$AP$34,1_構念分數!AD$5:AD$34,1_構念分數!AD$5:AD$34)/30-B52^2 -> 1.2644184 | G52: =SUMPRODUCT(Boot_抽樣次數!$AP$5:$AP$34,1_構念分數!AE$5:AE$34,1_構念分數!AE$5:AE$34)/30-C52^2 -> 0.73654798 | H52: =SUMPRODUCT(Boot_抽樣次數!$AP$5:$AP$34,1_構念分數!AF$5:AF$34,1_構念分數!AF$5:AF$34)/30-D52^2 -> 0.85548099 | I52: =SUMPRODUCT(Boot_抽樣次數!$AP$5:$AP$34,1_構念分數!AG$5:AG$34,1_構念分數!AG$5:AG$34)/30-E52^2 -> 0.58607756 | J52: =SUMPRODUCT(Boot_抽樣次數!$AP$5:$AP$34,1_構念分數!AD$5:AD$34,1_構念分數!AE$5:AE$34)/30-B52*C52 -> 0.68076334 | K52: =SUMPRODUCT(Boot_抽樣次數!$AP$5:$AP$34,1_構念分數!AD$5:AD$34,1_構念分數!AF$5:AF$34)/30-B52*D52 -> 0.69633936 | L52: =SUMPRODUCT(Boot_抽樣次數!$AP$5:$AP$34,1_構念分數!AE$5:AE$34,1_構念分數!AF$5:AF$34)/30-C52*D52 -> 0.51615195 | M52: =SUMPRODUCT(Boot_抽樣次數!$AP$5:$AP$34,1_構念分數!AE$5:AE$34,1_構念分數!AG$5:AG$34)/30-C52*E52 -> 0.26022196 | N52: =SUMPRODUCT(Boot_抽樣次數!$AP$5:$AP$34,1_構念分數!AF$5:AF$34,1_構念分數!AG$5:AG$34)/30-D52*E52 -> 0.48258151 | O52: =J52/SQRT(F52*G52) -> 0.705424 | P52: =K52/SQRT(F52*H52) -> 0.66953048 | Q52: =L52/SQRT(G52*H52) -> 0.65023729 | R52: =M52/SQRT(G52*I52) -> 0.39606446 | S52: =N52/SQRT(H52*I52) -> 0.68153466 | T52: =(P52-Q52*O52)/(1-O52^2) -> 0.41967984 | U52: =(Q52-P52*O52)/(1-O52^2) -> 0.35418505 | V52: =(R52-S52*Q52)/(1-Q52^2) -> -0.081593003 | W52: =(S52-R52*Q52)/(1-Q52^2) -> 0.73458948
A53: 42 | B53: =SUMPRODUCT(Boot_抽樣次數!$AQ$5:$AQ$34,1_構念分數!AD$5:AD$34)/30 -> -0.057635422 | C53: =SUMPRODUCT(Boot_抽樣次數!$AQ$5:$AQ$34,1_構念分數!AE$5:AE$34)/30 -> 0.071888281 | D53: =SUMPRODUCT(Boot_抽樣次數!$AQ$5:$AQ$34,1_構念分數!AF$5:AF$34)/30 -> 0.029360076 | E53: =SUMPRODUCT(Boot_抽樣次數!$AQ$5:$AQ$34,1_構念分數!AG$5:AG$34)/30 -> -0.13466547 | F53: =SUMPRODUCT(Boot_抽樣次數!$AQ$5:$AQ$34,1_構念分數!AD$5:AD$34,1_構念分數!AD$5:AD$34)/30-B53^2 -> 1.5549094 | G53: =SUMPRODUCT(Boot_抽樣次數!$AQ$5:$AQ$34,1_構念分數!AE$5:AE$34,1_構念分數!AE$5:AE$34)/30-C53^2 -> 0.70171758 | H53: =SUMPRODUCT(Boot_抽樣次數!$AQ$5:$AQ$34,1_構念分數!AF$5:AF$34,1_構念分數!AF$5:AF$34)/30-D53^2 -> 1.0430815 | I53: =SUMPRODUCT(Boot_抽樣次數!$AQ$5:$AQ$34,1_構念分數!AG$5:AG$34,1_構念分數!AG$5:AG$34)/30-E53^2 -> 0.75944183 | J53: =SUMPRODUCT(Boot_抽樣次數!$AQ$5:$AQ$34,1_構念分數!AD$5:AD$34,1_構念分數!AE$5:AE$34)/30-B53*C53 -> 0.54991286 | K53: =SUMPRODUCT(Boot_抽樣次數!$AQ$5:$AQ$34,1_構念分數!AD$5:AD$34,1_構念分數!AF$5:AF$34)/30-B53*D53 -> 0.78825168 | L53: =SUMPRODUCT(Boot_抽樣次數!$AQ$5:$AQ$34,1_構念分數!AE$5:AE$34,1_構念分數!AF$5:AF$34)/30-C53*D53 -> 0.62652155 | M53: =SUMPRODUCT(Boot_抽樣次數!$AQ$5:$AQ$34,1_構念分數!AE$5:AE$34,1_構念分數!AG$5:AG$34)/30-C53*E53 -> 0.30209645 | N53: =SUMPRODUCT(Boot_抽樣次數!$AQ$5:$AQ$34,1_構念分數!AF$5:AF$34,1_構念分數!AG$5:AG$34)/30-D53*E53 -> 0.54344566 | O53: =J53/SQRT(F53*G53) -> 0.52645367 | P53: =K53/SQRT(F53*H53) -> 0.6189467 | Q53: =L53/SQRT(G53*H53) -> 0.73231128 | R53: =M53/SQRT(G53*I53) -> 0.41382544 | S53: =N53/SQRT(H53*I53) -> 0.61059009 | T53: =(P53-Q53*O53)/(1-O53^2) -> 0.32291604 | U53: =(Q53-P53*O53)/(1-O53^2) -> 0.56231095 | V53: =(R53-S53*Q53)/(1-Q53^2) -> -0.071846283 | W53: =(S53-R53*Q53)/(1-Q53^2) -> 0.66320393
A54: 43 | B54: =SUMPRODUCT(Boot_抽樣次數!$AR$5:$AR$34,1_構念分數!AD$5:AD$34)/30 -> 0.045618842 | C54: =SUMPRODUCT(Boot_抽樣次數!$AR$5:$AR$34,1_構念分數!AE$5:AE$34)/30 -> 0.070769284 | D54: =SUMPRODUCT(Boot_抽樣次數!$AR$5:$AR$34,1_構念分數!AF$5:AF$34)/30 -> -0.26494711 | E54: =SUMPRODUCT(Boot_抽樣次數!$AR$5:$AR$34,1_構念分數!AG$5:AG$34)/30 -> -0.26086174 | F54: =SUMPRODUCT(Boot_抽樣次數!$AR$5:$AR$34,1_構念分數!AD$5:AD$34,1_構念分數!AD$5:AD$34)/30-B54^2 -> 1.0965678 | G54: =SUMPRODUCT(Boot_抽樣次數!$AR$5:$AR$34,1_構念分數!AE$5:AE$34,1_構念分數!AE$5:AE$34)/30-C54^2 -> 0.9487424 | H54: =SUMPRODUCT(Boot_抽樣次數!$AR$5:$AR$34,1_構念分數!AF$5:AF$34,1_構念分數!AF$5:AF$34)/30-D54^2 -> 0.91988177 | I54: =SUMPRODUCT(Boot_抽樣次數!$AR$5:$AR$34,1_構念分數!AG$5:AG$34,1_構念分數!AG$5:AG$34)/30-E54^2 -> 1.1388651 | J54: =SUMPRODUCT(Boot_抽樣次數!$AR$5:$AR$34,1_構念分數!AD$5:AD$34,1_構念分數!AE$5:AE$34)/30-B54*C54 -> 0.34364623 | K54: =SUMPRODUCT(Boot_抽樣次數!$AR$5:$AR$34,1_構念分數!AD$5:AD$34,1_構念分數!AF$5:AF$34)/30-B54*D54 -> 0.62578334 | L54: =SUMPRODUCT(Boot_抽樣次數!$AR$5:$AR$34,1_構念分數!AE$5:AE$34,1_構念分數!AF$5:AF$34)/30-C54*D54 -> 0.69450678 | M54: =SUMPRODUCT(Boot_抽樣次數!$AR$5:$AR$34,1_構念分數!AE$5:AE$34,1_構念分數!AG$5:AG$34)/30-C54*E54 -> 0.63591855 | N54: =SUMPRODUCT(Boot_抽樣次數!$AR$5:$AR$34,1_構念分數!AF$5:AF$34,1_構念分數!AG$5:AG$34)/30-D54*E54 -> 0.6752348 | O54: =J54/SQRT(F54*G54) -> 0.33691449 | P54: =K54/SQRT(F54*H54) -> 0.6230749 | Q54: =L54/SQRT(G54*H54) -> 0.74342357 | R54: =M54/SQRT(G54*I54) -> 0.61177426 | S54: =N54/SQRT(H54*I54) -> 0.6597094 | T54: =(P54-Q54*O54)/(1-O54^2) -> 0.42031529 | U54: =(Q54-P54*O54)/(1-O54^2) -> 0.60181326 | V54: =(R54-S54*Q54)/(1-Q54^2) -> 0.27123841 | W54: =(S54-R54*Q54)/(1-Q54^2) -> 0.45806437
A55: 44 | B55: =SUMPRODUCT(Boot_抽樣次數!$AS$5:$AS$34,1_構念分數!AD$5:AD$34)/30 -> -0.014848981 | C55: =SUMPRODUCT(Boot_抽樣次數!$AS$5:$AS$34,1_構念分數!AE$5:AE$34)/30 -> 0.10891111 | D55: =SUMPRODUCT(Boot_抽樣次數!$AS$5:$AS$34,1_構念分數!AF$5:AF$34)/30 -> 0.025914626 | E55: =SUMPRODUCT(Boot_抽樣次數!$AS$5:$AS$34,1_構念分數!AG$5:AG$34)/30 -> -0.10361266 | F55: =SUMPRODUCT(Boot_抽樣次數!$AS$5:$AS$34,1_構念分數!AD$5:AD$34,1_構念分數!AD$5:AD$34)/30-B55^2 -> 1.1531836 | G55: =SUMPRODUCT(Boot_抽樣次數!$AS$5:$AS$34,1_構念分數!AE$5:AE$34,1_構念分數!AE$5:AE$34)/30-C55^2 -> 0.4309703 | H55: =SUMPRODUCT(Boot_抽樣次數!$AS$5:$AS$34,1_構念分數!AF$5:AF$34,1_構念分數!AF$5:AF$34)/30-D55^2 -> 0.71853894 | I55: =SUMPRODUCT(Boot_抽樣次數!$AS$5:$AS$34,1_構念分數!AG$5:AG$34,1_構念分數!AG$5:AG$34)/30-E55^2 -> 0.4764707 | J55: =SUMPRODUCT(Boot_抽樣次數!$AS$5:$AS$34,1_構念分數!AD$5:AD$34,1_構念分數!AE$5:AE$34)/30-B55*C55 -> 0.18977556 | K55: =SUMPRODUCT(Boot_抽樣次數!$AS$5:$AS$34,1_構念分數!AD$5:AD$34,1_構念分數!AF$5:AF$34)/30-B55*D55 -> 0.45215968 | L55: =SUMPRODUCT(Boot_抽樣次數!$AS$5:$AS$34,1_構念分數!AE$5:AE$34,1_構念分數!AF$5:AF$34)/30-C55*D55 -> 0.23091839 | M55: =SUMPRODUCT(Boot_抽樣次數!$AS$5:$AS$34,1_構念分數!AE$5:AE$34,1_構念分數!AG$5:AG$34)/30-C55*E55 -> 0.04985175 | N55: =SUMPRODUCT(Boot_抽樣次數!$AS$5:$AS$34,1_構念分數!AF$5:AF$34,1_構念分數!AG$5:AG$34)/30-D55*E55 -> 0.28105692 | O55: =J55/SQRT(F55*G55) -> 0.26919523 | P55: =K55/SQRT(F55*H55) -> 0.49672663 | Q55: =L55/SQRT(G55*H55) -> 0.41496331 | R55: =M55/SQRT(G55*I55) -> 0.11001164 | S55: =N55/SQRT(H55*I55) -> 0.48034252 | T55: =(P55-Q55*O55)/(1-O55^2) -> 0.41510124 | U55: =(Q55-P55*O55)/(1-O55^2) -> 0.30322004 | V55: =(R55-S55*Q55)/(1-Q55^2) -> -0.10789115 | W55: =(S55-R55*Q55)/(1-Q55^2) -> 0.52511339
A56: 45 | B56: =SUMPRODUCT(Boot_抽樣次數!$AT$5:$AT$34,1_構念分數!AD$5:AD$34)/30 -> 0.012292022 | C56: =SUMPRODUCT(Boot_抽樣次數!$AT$5:$AT$34,1_構念分數!AE$5:AE$34)/30 -> -0.21230785 | D56: =SUMPRODUCT(Boot_抽樣次數!$AT$5:$AT$34,1_構念分數!AF$5:AF$34)/30 -> -0.057310338 | E56: =SUMPRODUCT(Boot_抽樣次數!$AT$5:$AT$34,1_構念分數!AG$5:AG$34)/30 -> -0.1335701 | F56: =SUMPRODUCT(Boot_抽樣次數!$AT$5:$AT$34,1_構念分數!AD$5:AD$34,1_構念分數!AD$5:AD$34)/30-B56^2 -> 0.94377692 | G56: =SUMPRODUCT(Boot_抽樣次數!$AT$5:$AT$34,1_構念分數!AE$5:AE$34,1_構念分數!AE$5:AE$34)/30-C56^2 -> 1.383978 | H56: =SUMPRODUCT(Boot_抽樣次數!$AT$5:$AT$34,1_構念分數!AF$5:AF$34,1_構念分數!AF$5:AF$34)/30-D56^2 -> 1.3290894 | I56: =SUMPRODUCT(Boot_抽樣次數!$AT$5:$AT$34,1_構念分數!AG$5:AG$34,1_構念分數!AG$5:AG$34)/30-E56^2 -> 1.3581045 | J56: =SUMPRODUCT(Boot_抽樣次數!$AT$5:$AT$34,1_構念分數!AD$5:AD$34,1_構念分數!AE$5:AE$34)/30-B56*C56 -> 0.40486991 | K56: =SUMPRODUCT(Boot_抽樣次數!$AT$5:$AT$34,1_構念分數!AD$5:AD$34,1_構念分數!AF$5:AF$34)/30-B56*D56 -> 0.7279175 | L56: =SUMPRODUCT(Boot_抽樣次數!$AT$5:$AT$34,1_構念分數!AE$5:AE$34,1_構念分數!AF$5:AF$34)/30-C56*D56 -> 0.75454325 | M56: =SUMPRODUCT(Boot_抽樣次數!$AT$5:$AT$34,1_構念分數!AE$5:AE$34,1_構念分數!AG$5:AG$34)/30-C56*E56 -> 0.83030301 | N56: =SUMPRODUCT(Boot_抽樣次數!$AT$5:$AT$34,1_構念分數!AF$5:AF$34,1_構念分數!AG$5:AG$34)/30-D56*E56 -> 1.1441861 | O56: =J56/SQRT(F56*G56) -> 0.3542552 | P56: =K56/SQRT(F56*H56) -> 0.6499357 | Q56: =L56/SQRT(G56*H56) -> 0.55634278 | R56: =M56/SQRT(G56*I56) -> 0.60562729 | S56: =N56/SQRT(H56*I56) -> 0.85163395 | T56: =(P56-Q56*O56)/(1-O56^2) -> 0.51783498 | U56: =(Q56-P56*O56)/(1-O56^2) -> 0.37289705 | V56: =(R56-S56*Q56)/(1-Q56^2) -> 0.19091989 | W56: =(S56-R56*Q56)/(1-Q56^2) -> 0.74541705
A57: 46 | B57: =SUMPRODUCT(Boot_抽樣次數!$AU$5:$AU$34,1_構念分數!AD$5:AD$34)/30 -> -0.20500853 | C57: =SUMPRODUCT(Boot_抽樣次數!$AU$5:$AU$34,1_構念分數!AE$5:AE$34)/30 -> -0.10115875 | D57: =SUMPRODUCT(Boot_抽樣次數!$AU$5:$AU$34,1_構念分數!AF$5:AF$34)/30 -> -0.22357492 | E57: =SUMPRODUCT(Boot_抽樣次數!$AU$5:$AU$34,1_構念分數!AG$5:AG$34)/30 -> -0.12259529 | F57: =SUMPRODUCT(Boot_抽樣次數!$AU$5:$AU$34,1_構念分數!AD$5:AD$34,1_構念分數!AD$5:AD$34)/30-B57^2 -> 0.83924986 | G57: =SUMPRODUCT(Boot_抽樣次數!$AU$5:$AU$34,1_構念分數!AE$5:AE$34,1_構念分數!AE$5:AE$34)/30-C57^2 -> 0.48953628 | H57: =SUMPRODUCT(Boot_抽樣次數!$AU$5:$AU$34,1_構念分數!AF$5:AF$34,1_構念分數!AF$5:AF$34)/30-D57^2 -> 0.83036617 | I57: =SUMPRODUCT(Boot_抽樣次數!$AU$5:$AU$34,1_構念分數!AG$5:AG$34,1_構念分數!AG$5:AG$34)/30-E57^2 -> 0.9072638 | J57: =SUMPRODUCT(Boot_抽樣次數!$AU$5:$AU$34,1_構念分數!AD$5:AD$34,1_構念分數!AE$5:AE$34)/30-B57*C57 -> 0.078264172 | K57: =SUMPRODUCT(Boot_抽樣次數!$AU$5:$AU$34,1_構念分數!AD$5:AD$34,1_構念分數!AF$5:AF$34)/30-B57*D57 -> 0.26186751 | L57: =SUMPRODUCT(Boot_抽樣次數!$AU$5:$AU$34,1_構念分數!AE$5:AE$34,1_構念分數!AF$5:AF$34)/30-C57*D57 -> 0.26108565 | M57: =SUMPRODUCT(Boot_抽樣次數!$AU$5:$AU$34,1_構念分數!AE$5:AE$34,1_構念分數!AG$5:AG$34)/30-C57*E57 -> 0.029966389 | N57: =SUMPRODUCT(Boot_抽樣次數!$AU$5:$AU$34,1_構念分數!AF$5:AF$34,1_構念分數!AG$5:AG$34)/30-D57*E57 -> 0.43651519 | O57: =J57/SQRT(F57*G57) -> 0.1221026 | P57: =K57/SQRT(F57*H57) -> 0.31369035 | Q57: =L57/SQRT(G57*H57) -> 0.40950173 | R57: =M57/SQRT(G57*I57) -> 0.04496506 | S57: =N57/SQRT(H57*I57) -> 0.50291866 | T57: =(P57-Q57*O57)/(1-O57^2) -> 0.26767998 | U57: =(Q57-P57*O57)/(1-O57^2) -> 0.37681731 | V57: =(R57-S57*Q57)/(1-Q57^2) -> -0.1934151 | W57: =(S57-R57*Q57)/(1-Q57^2) -> 0.58212248
A58: 47 | B58: =SUMPRODUCT(Boot_抽樣次數!$AV$5:$AV$34,1_構念分數!AD$5:AD$34)/30 -> -0.053332895 | C58: =SUMPRODUCT(Boot_抽樣次數!$AV$5:$AV$34,1_構念分數!AE$5:AE$34)/30 -> -0.028731127 | D58: =SUMPRODUCT(Boot_抽樣次數!$AV$5:$AV$34,1_構念分數!AF$5:AF$34)/30 -> -0.17079229 | E58: =SUMPRODUCT(Boot_抽樣次數!$AV$5:$AV$34,1_構念分數!AG$5:AG$34)/30 -> -0.079761815 | F58: =SUMPRODUCT(Boot_抽樣次數!$AV$5:$AV$34,1_構念分數!AD$5:AD$34,1_構念分數!AD$5:AD$34)/30-B58^2 -> 0.93489956 | G58: =SUMPRODUCT(Boot_抽樣次數!$AV$5:$AV$34,1_構念分數!AE$5:AE$34,1_構念分數!AE$5:AE$34)/30-C58^2 -> 0.75412077 | H58: =SUMPRODUCT(Boot_抽樣次數!$AV$5:$AV$34,1_構念分數!AF$5:AF$34,1_構念分數!AF$5:AF$34)/30-D58^2 -> 0.98506966 | I58: =SUMPRODUCT(Boot_抽樣次數!$AV$5:$AV$34,1_構念分數!AG$5:AG$34,1_構念分數!AG$5:AG$34)/30-E58^2 -> 0.76180828 | J58: =SUMPRODUCT(Boot_抽樣次數!$AV$5:$AV$34,1_構念分數!AD$5:AD$34,1_構念分數!AE$5:AE$34)/30-B58*C58 -> 0.47691933 | K58: =SUMPRODUCT(Boot_抽樣次數!$AV$5:$AV$34,1_構念分數!AD$5:AD$34,1_構念分數!AF$5:AF$34)/30-B58*D58 -> 0.50807494 | L58: =SUMPRODUCT(Boot_抽樣次數!$AV$5:$AV$34,1_構念分數!AE$5:AE$34,1_構念分數!AF$5:AF$34)/30-C58*D58 -> 0.62382308 | M58: =SUMPRODUCT(Boot_抽樣次數!$AV$5:$AV$34,1_構念分數!AE$5:AE$34,1_構念分數!AG$5:AG$34)/30-C58*E58 -> 0.27725291 | N58: =SUMPRODUCT(Boot_抽樣次數!$AV$5:$AV$34,1_構念分數!AF$5:AF$34,1_構念分數!AG$5:AG$34)/30-D58*E58 -> 0.35987819 | O58: =J58/SQRT(F58*G58) -> 0.56799171 | P58: =K58/SQRT(F58*H58) -> 0.529434 | Q58: =L58/SQRT(G58*H58) -> 0.72378156 | R58: =M58/SQRT(G58*I58) -> 0.36579083 | S58: =N58/SQRT(H58*I58) -> 0.4154313 | T58: =(P58-Q58*O58)/(1-O58^2) -> 0.17468942 | U58: =(Q58-P58*O58)/(1-O58^2) -> 0.62455942 | V58: =(R58-S58*Q58)/(1-Q58^2) -> 0.13674398 | W58: =(S58-R58*Q58)/(1-Q58^2) -> 0.31645853
A59: 48 | B59: =SUMPRODUCT(Boot_抽樣次數!$AW$5:$AW$34,1_構念分數!AD$5:AD$34)/30 -> -0.18398867 | C59: =SUMPRODUCT(Boot_抽樣次數!$AW$5:$AW$34,1_構念分數!AE$5:AE$34)/30 -> -0.14103953 | D59: =SUMPRODUCT(Boot_抽樣次數!$AW$5:$AW$34,1_構念分數!AF$5:AF$34)/30 -> -0.13796262 | E59: =SUMPRODUCT(Boot_抽樣次數!$AW$5:$AW$34,1_構念分數!AG$5:AG$34)/30 -> 0.11859138 | F59: =SUMPRODUCT(Boot_抽樣次數!$AW$5:$AW$34,1_構念分數!AD$5:AD$34,1_構念分數!AD$5:AD$34)/30-B59^2 -> 1.0573792 | G59: =SUMPRODUCT(Boot_抽樣次數!$AW$5:$AW$34,1_構念分數!AE$5:AE$34,1_構念分數!AE$5:AE$34)/30-C59^2 -> 1.2160273 | H59: =SUMPRODUCT(Boot_抽樣次數!$AW$5:$AW$34,1_構念分數!AF$5:AF$34,1_構念分數!AF$5:AF$34)/30-D59^2 -> 1.2614873 | I59: =SUMPRODUCT(Boot_抽樣次數!$AW$5:$AW$34,1_構念分數!AG$5:AG$34,1_構念分數!AG$5:AG$34)/30-E59^2 -> 1.5849442 | J59: =SUMPRODUCT(Boot_抽樣次數!$AW$5:$AW$34,1_構念分數!AD$5:AD$34,1_構念分數!AE$5:AE$34)/30-B59*C59 -> 0.74960382 | K59: =SUMPRODUCT(Boot_抽樣次數!$AW$5:$AW$34,1_構念分數!AD$5:AD$34,1_構念分數!AF$5:AF$34)/30-B59*D59 -> 0.71077005 | L59: =SUMPRODUCT(Boot_抽樣次數!$AW$5:$AW$34,1_構念分數!AE$5:AE$34,1_構念分數!AF$5:AF$34)/30-C59*D59 -> 1.0051506 | M59: =SUMPRODUCT(Boot_抽樣次數!$AW$5:$AW$34,1_構念分數!AE$5:AE$34,1_構念分數!AG$5:AG$34)/30-C59*E59 -> 0.9660774 | N59: =SUMPRODUCT(Boot_抽樣次數!$AW$5:$AW$34,1_構念分數!AF$5:AF$34,1_構念分數!AG$5:AG$34)/30-D59*E59 -> 1.0536057 | O59: =J59/SQRT(F59*G59) -> 0.66106587 | P59: =K59/SQRT(F59*H59) -> 0.61542097 | Q59: =L59/SQRT(G59*H59) -> 0.8115551 | R59: =M59/SQRT(G59*I59) -> 0.69587828 | S59: =N59/SQRT(H59*I59) -> 0.74512593 | T59: =(P59-Q59*O59)/(1-O59^2) -> 0.14019666 | U59: =(Q59-P59*O59)/(1-O59^2) -> 0.71887587 | V59: =(R59-S59*Q59)/(1-Q59^2) -> 0.26705718 | W59: =(S59-R59*Q59)/(1-Q59^2) -> 0.52839431
A60: 49 | B60: =SUMPRODUCT(Boot_抽樣次數!$AX$5:$AX$34,1_構念分數!AD$5:AD$34)/30 -> -0.12621553 | C60: =SUMPRODUCT(Boot_抽樣次數!$AX$5:$AX$34,1_構念分數!AE$5:AE$34)/30 -> -0.056922911 | D60: =SUMPRODUCT(Boot_抽樣次數!$AX$5:$AX$34,1_構念分數!AF$5:AF$34)/30 -> -0.22859139 | E60: =SUMPRODUCT(Boot_抽樣次數!$AX$5:$AX$34,1_構念分數!AG$5:AG$34)/30 -> -0.020077999 | F60: =SUMPRODUCT(Boot_抽樣次數!$AX$5:$AX$34,1_構念分數!AD$5:AD$34,1_構念分數!AD$5:AD$34)/30-B60^2 -> 1.082295 | G60: =SUMPRODUCT(Boot_抽樣次數!$AX$5:$AX$34,1_構念分數!AE$5:AE$34,1_構念分數!AE$5:AE$34)/30-C60^2 -> 0.56045543 | H60: =SUMPRODUCT(Boot_抽樣次數!$AX$5:$AX$34,1_構念分數!AF$5:AF$34,1_構念分數!AF$5:AF$34)/30-D60^2 -> 0.88223448 | I60: =SUMPRODUCT(Boot_抽樣次數!$AX$5:$AX$34,1_構念分數!AG$5:AG$34,1_構念分數!AG$5:AG$34)/30-E60^2 -> 0.93187521 | J60: =SUMPRODUCT(Boot_抽樣次數!$AX$5:$AX$34,1_構念分數!AD$5:AD$34,1_構念分數!AE$5:AE$34)/30-B60*C60 -> 0.43271691 | K60: =SUMPRODUCT(Boot_抽樣次數!$AX$5:$AX$34,1_構念分數!AD$5:AD$34,1_構念分數!AF$5:AF$34)/30-B60*D60 -> 0.49027529 | L60: =SUMPRODUCT(Boot_抽樣次數!$AX$5:$AX$34,1_構念分數!AE$5:AE$34,1_構念分數!AF$5:AF$34)/30-C60*D60 -> 0.52007704 | M60: =SUMPRODUCT(Boot_抽樣次數!$AX$5:$AX$34,1_構念分數!AE$5:AE$34,1_構念分數!AG$5:AG$34)/30-C60*E60 -> 0.28259806 | N60: =SUMPRODUCT(Boot_抽樣次數!$AX$5:$AX$34,1_構念分數!AF$5:AF$34,1_構念分數!AG$5:AG$34)/30-D60*E60 -> 0.51650666 | O60: =J60/SQRT(F60*G60) -> 0.55559778 | P60: =K60/SQRT(F60*H60) -> 0.50173588 | Q60: =L60/SQRT(G60*H60) -> 0.739614 | R60: =M60/SQRT(G60*I60) -> 0.39103871 | S60: =N60/SQRT(H60*I60) -> 0.56964598 | T60: =(P60-Q60*O60)/(1-O60^2) -> 0.13135618 | U60: =(Q60-P60*O60)/(1-O60^2) -> 0.6666328 | V60: =(R60-S60*Q60)/(1-Q60^2) -> -0.066846276 | W60: =(S60-R60*Q60)/(1-Q60^2) -> 0.61908642
A61: 50 | B61: =SUMPRODUCT(Boot_抽樣次數!$AY$5:$AY$34,1_構念分數!AD$5:AD$34)/30 -> -0.084914147 | C61: =SUMPRODUCT(Boot_抽樣次數!$AY$5:$AY$34,1_構念分數!AE$5:AE$34)/30 -> -0.0038560244 | D61: =SUMPRODUCT(Boot_抽樣次數!$AY$5:$AY$34,1_構念分數!AF$5:AF$34)/30 -> -0.29677512 | E61: =SUMPRODUCT(Boot_抽樣次數!$AY$5:$AY$34,1_構念分數!AG$5:AG$34)/30 -> -0.039433953 | F61: =SUMPRODUCT(Boot_抽樣次數!$AY$5:$AY$34,1_構念分數!AD$5:AD$34,1_構念分數!AD$5:AD$34)/30-B61^2 -> 0.87004157 | G61: =SUMPRODUCT(Boot_抽樣次數!$AY$5:$AY$34,1_構念分數!AE$5:AE$34,1_構念分數!AE$5:AE$34)/30-C61^2 -> 0.90292691 | H61: =SUMPRODUCT(Boot_抽樣次數!$AY$5:$AY$34,1_構念分數!AF$5:AF$34,1_構念分數!AF$5:AF$34)/30-D61^2 -> 0.80226863 | I61: =SUMPRODUCT(Boot_抽樣次數!$AY$5:$AY$34,1_構念分數!AG$5:AG$34,1_構念分數!AG$5:AG$34)/30-E61^2 -> 1.0509866 | J61: =SUMPRODUCT(Boot_抽樣次數!$AY$5:$AY$34,1_構念分數!AD$5:AD$34,1_構念分數!AE$5:AE$34)/30-B61*C61 -> 0.43959717 | K61: =SUMPRODUCT(Boot_抽樣次數!$AY$5:$AY$34,1_構念分數!AD$5:AD$34,1_構念分數!AF$5:AF$34)/30-B61*D61 -> 0.41800738 | L61: =SUMPRODUCT(Boot_抽樣次數!$AY$5:$AY$34,1_構念分數!AE$5:AE$34,1_構念分數!AF$5:AF$34)/30-C61*D61 -> 0.60606013 | M61: =SUMPRODUCT(Boot_抽樣次數!$AY$5:$AY$34,1_構念分數!AE$5:AE$34,1_構念分數!AG$5:AG$34)/30-C61*E61 -> 0.59773989 | N61: =SUMPRODUCT(Boot_抽樣次數!$AY$5:$AY$34,1_構念分數!AF$5:AF$34,1_構念分數!AG$5:AG$34)/30-D61*E61 -> 0.66727439 | O61: =J61/SQRT(F61*G61) -> 0.49597363 | P61: =K61/SQRT(F61*H61) -> 0.50032711 | Q61: =L61/SQRT(G61*H61) -> 0.71208118 | R61: =M61/SQRT(G61*I61) -> 0.61360282 | S61: =N61/SQRT(H61*I61) -> 0.7266846 | T61: =(P61-Q61*O61)/(1-O61^2) -> 0.19516133 | U61: =(Q61-P61*O61)/(1-O61^2) -> 0.61528631 | V61: =(R61-S61*Q61)/(1-Q61^2) -> 0.19504264 | W61: =(S61-R61*Q61)/(1-Q61^2) -> 0.58779841
A62: 51 | B62: =SUMPRODUCT(Boot_抽樣次數!$AZ$5:$AZ$34,1_構念分數!AD$5:AD$34)/30 -> -0.1299821 | C62: =SUMPRODUCT(Boot_抽樣次數!$AZ$5:$AZ$34,1_構念分數!AE$5:AE$34)/30 -> -0.15538494 | D62: =SUMPRODUCT(Boot_抽樣次數!$AZ$5:$AZ$34,1_構念分數!AF$5:AF$34)/30 -> -0.039849456 | E62: =SUMPRODUCT(Boot_抽樣次數!$AZ$5:$AZ$34,1_構念分數!AG$5:AG$34)/30 -> 0.28341575 | F62: =SUMPRODUCT(Boot_抽樣次數!$AZ$5:$AZ$34,1_構念分數!AD$5:AD$34,1_構念分數!AD$5:AD$34)/30-B62^2 -> 0.99580355 | G62: =SUMPRODUCT(Boot_抽樣次數!$AZ$5:$AZ$34,1_構念分數!AE$5:AE$34,1_構念分數!AE$5:AE$34)/30-C62^2 -> 0.91628117 | H62: =SUMPRODUCT(Boot_抽樣次數!$AZ$5:$AZ$34,1_構念分數!AF$5:AF$34,1_構念分數!AF$5:AF$34)/30-D62^2 -> 0.98949806 | I62: =SUMPRODUCT(Boot_抽樣次數!$AZ$5:$AZ$34,1_構念分數!AG$5:AG$34,1_構念分數!AG$5:AG$34)/30-E62^2 -> 1.2162094 | J62: =SUMPRODUCT(Boot_抽樣次數!$AZ$5:$AZ$34,1_構念分數!AD$5:AD$34,1_構念分數!AE$5:AE$34)/30-B62*C62 -> 0.46071184 | K62: =SUMPRODUCT(Boot_抽樣次數!$AZ$5:$AZ$34,1_構念分數!AD$5:AD$34,1_構念分數!AF$5:AF$34)/30-B62*D62 -> 0.51651996 | L62: =SUMPRODUCT(Boot_抽樣次數!$AZ$5:$AZ$34,1_構念分數!AE$5:AE$34,1_構念分數!AF$5:AF$34)/30-C62*D62 -> 0.58950697 | M62: =SUMPRODUCT(Boot_抽樣次數!$AZ$5:$AZ$34,1_構念分數!AE$5:AE$34,1_構念分數!AG$5:AG$34)/30-C62*E62 -> 0.44938783 | N62: =SUMPRODUCT(Boot_抽樣次數!$AZ$5:$AZ$34,1_構念分數!AF$5:AF$34,1_構念分數!AG$5:AG$34)/30-D62*E62 -> 0.54667878 | O62: =J62/SQRT(F62*G62) -> 0.4823121 | P62: =K62/SQRT(F62*H62) -> 0.52034669 | Q62: =L62/SQRT(G62*H62) -> 0.61910896 | R62: =M62/SQRT(G62*I62) -> 0.42569912 | S62: =N62/SQRT(H62*I62) -> 0.49833405 | T62: =(P62-Q62*O62)/(1-O62^2) -> 0.28896294 | U62: =(Q62-P62*O62)/(1-O62^2) -> 0.47973864 | V62: =(R62-S62*Q62)/(1-Q62^2) -> 0.19000367 | W62: =(S62-R62*Q62)/(1-Q62^2) -> 0.38070107
A63: 52 | B63: =SUMPRODUCT(Boot_抽樣次數!$BA$5:$BA$34,1_構念分數!AD$5:AD$34)/30 -> -0.19223867 | C63: =SUMPRODUCT(Boot_抽樣次數!$BA$5:$BA$34,1_構念分數!AE$5:AE$34)/30 -> -0.036483484 | D63: =SUMPRODUCT(Boot_抽樣次數!$BA$5:$BA$34,1_構念分數!AF$5:AF$34)/30 -> -0.22853493 | E63: =SUMPRODUCT(Boot_抽樣次數!$BA$5:$BA$34,1_構念分數!AG$5:AG$34)/30 -> -0.1551464 | F63: =SUMPRODUCT(Boot_抽樣次數!$BA$5:$BA$34,1_構念分數!AD$5:AD$34,1_構念分數!AD$5:AD$34)/30-B63^2 -> 0.69574946 | G63: =SUMPRODUCT(Boot_抽樣次數!$BA$5:$BA$34,1_構念分數!AE$5:AE$34,1_構念分數!AE$5:AE$34)/30-C63^2 -> 0.69072232 | H63: =SUMPRODUCT(Boot_抽樣次數!$BA$5:$BA$34,1_構念分數!AF$5:AF$34,1_構念分數!AF$5:AF$34)/30-D63^2 -> 0.77365183 | I63: =SUMPRODUCT(Boot_抽樣次數!$BA$5:$BA$34,1_構念分數!AG$5:AG$34,1_構念分數!AG$5:AG$34)/30-E63^2 -> 0.63207532 | J63: =SUMPRODUCT(Boot_抽樣次數!$BA$5:$BA$34,1_構念分數!AD$5:AD$34,1_構念分數!AE$5:AE$34)/30-B63*C63 -> 0.4670554 | K63: =SUMPRODUCT(Boot_抽樣次數!$BA$5:$BA$34,1_構念分數!AD$5:AD$34,1_構念分數!AF$5:AF$34)/30-B63*D63 -> 0.41984102 | L63: =SUMPRODUCT(Boot_抽樣次數!$BA$5:$BA$34,1_構念分數!AE$5:AE$34,1_構念分數!AF$5:AF$34)/30-C63*D63 -> 0.50145584 | M63: =SUMPRODUCT(Boot_抽樣次數!$BA$5:$BA$34,1_構念分數!AE$5:AE$34,1_構念分數!AG$5:AG$34)/30-C63*E63 -> 0.30971055 | N63: =SUMPRODUCT(Boot_抽樣次數!$BA$5:$BA$34,1_構念分數!AF$5:AF$34,1_構念分數!AG$5:AG$34)/30-D63*E63 -> 0.38048211 | O63: =J63/SQRT(F63*G63) -> 0.67373671 | P63: =K63/SQRT(F63*H63) -> 0.5722498 | Q63: =L63/SQRT(G63*H63) -> 0.68597481 | R63: =M63/SQRT(G63*I63) -> 0.46872685 | S63: =N63/SQRT(H63*I63) -> 0.54409789 | T63: =(P63-Q63*O63)/(1-O63^2) -> 0.20158881 | U63: =(Q63-P63*O63)/(1-O63^2) -> 0.55015703 | V63: =(R63-S63*Q63)/(1-Q63^2) -> 0.18035974 | W63: =(S63-R63*Q63)/(1-Q63^2) -> 0.42037565
A64: 53 | B64: =SUMPRODUCT(Boot_抽樣次數!$BB$5:$BB$34,1_構念分數!AD$5:AD$34)/30 -> 0.01673227 | C64: =SUMPRODUCT(Boot_抽樣次數!$BB$5:$BB$34,1_構念分數!AE$5:AE$34)/30 -> 0.069151252 | D64: =SUMPRODUCT(Boot_抽樣次數!$BB$5:$BB$34,1_構念分數!AF$5:AF$34)/30 -> 0.1947036 | E64: =SUMPRODUCT(Boot_抽樣次數!$BB$5:$BB$34,1_構念分數!AG$5:AG$34)/30 -> 0.14074247 | F64: =SUMPRODUCT(Boot_抽樣次數!$BB$5:$BB$34,1_構念分數!AD$5:AD$34,1_構念分數!AD$5:AD$34)/30-B64^2 -> 0.67285485 | G64: =SUMPRODUCT(Boot_抽樣次數!$BB$5:$BB$34,1_構念分數!AE$5:AE$34,1_構念分數!AE$5:AE$34)/30-C64^2 -> 0.53146077 | H64: =SUMPRODUCT(Boot_抽樣次數!$BB$5:$BB$34,1_構念分數!AF$5:AF$34,1_構念分數!AF$5:AF$34)/30-D64^2 -> 0.59830084 | I64: =SUMPRODUCT(Boot_抽樣次數!$BB$5:$BB$34,1_構念分數!AG$5:AG$34,1_構念分數!AG$5:AG$34)/30-E64^2 -> 0.76210008 | J64: =SUMPRODUCT(Boot_抽樣次數!$BB$5:$BB$34,1_構念分數!AD$5:AD$34,1_構念分數!AE$5:AE$34)/30-B64*C64 -> 0.1572087 | K64: =SUMPRODUCT(Boot_抽樣次數!$BB$5:$BB$34,1_構念分數!AD$5:AD$34,1_構念分數!AF$5:AF$34)/30-B64*D64 -> 0.21768946 | L64: =SUMPRODUCT(Boot_抽樣次數!$BB$5:$BB$34,1_構念分數!AE$5:AE$34,1_構念分數!AF$5:AF$34)/30-C64*D64 -> 0.28514384 | M64: =SUMPRODUCT(Boot_抽樣次數!$BB$5:$BB$34,1_構念分數!AE$5:AE$34,1_構念分數!AG$5:AG$34)/30-C64*E64 -> 0.17512456 | N64: =SUMPRODUCT(Boot_抽樣次數!$BB$5:$BB$34,1_構念分數!AF$5:AF$34,1_構念分數!AG$5:AG$34)/30-D64*E64 -> 0.23685865 | O64: =J64/SQRT(F64*G64) -> 0.26289377 | P64: =K64/SQRT(F64*H64) -> 0.34309698 | Q64: =L64/SQRT(G64*H64) -> 0.50567162 | R64: =M64/SQRT(G64*I64) -> 0.27517277 | S64: =N64/SQRT(H64*I64) -> 0.3507708 | T64: =(P64-Q64*O64)/(1-O64^2) -> 0.2257622 | U64: =(Q64-P64*O64)/(1-O64^2) -> 0.44632014 | V64: =(R64-S64*Q64)/(1-Q64^2) -> 0.13139652 | W64: =(S64-R64*Q64)/(1-Q64^2) -> 0.28432731
A65: 54 | B65: =SUMPRODUCT(Boot_抽樣次數!$BC$5:$BC$34,1_構念分數!AD$5:AD$34)/30 -> 0.084363263 | C65: =SUMPRODUCT(Boot_抽樣次數!$BC$5:$BC$34,1_構念分數!AE$5:AE$34)/30 -> -0.02931078 | D65: =SUMPRODUCT(Boot_抽樣次數!$BC$5:$BC$34,1_構念分數!AF$5:AF$34)/30 -> 0.021932133 | E65: =SUMPRODUCT(Boot_抽樣次數!$BC$5:$BC$34,1_構念分數!AG$5:AG$34)/30 -> -0.010773349 | F65: =SUMPRODUCT(Boot_抽樣次數!$BC$5:$BC$34,1_構念分數!AD$5:AD$34,1_構念分數!AD$5:AD$34)/30-B65^2 -> 1.182707 | G65: =SUMPRODUCT(Boot_抽樣次數!$BC$5:$BC$34,1_構念分數!AE$5:AE$34,1_構念分數!AE$5:AE$34)/30-C65^2 -> 0.90169662 | H65: =SUMPRODUCT(Boot_抽樣次數!$BC$5:$BC$34,1_構念分數!AF$5:AF$34,1_構念分數!AF$5:AF$34)/30-D65^2 -> 0.94118714 | I65: =SUMPRODUCT(Boot_抽樣次數!$BC$5:$BC$34,1_構念分數!AG$5:AG$34,1_構念分數!AG$5:AG$34)/30-E65^2 -> 0.69247751 | J65: =SUMPRODUCT(Boot_抽樣次數!$BC$5:$BC$34,1_構念分數!AD$5:AD$34,1_構念分數!AE$5:AE$34)/30-B65*C65 -> 0.43396816 | K65: =SUMPRODUCT(Boot_抽樣次數!$BC$5:$BC$34,1_構念分數!AD$5:AD$34,1_構念分數!AF$5:AF$34)/30-B65*D65 -> 0.66905762 | L65: =SUMPRODUCT(Boot_抽樣次數!$BC$5:$BC$34,1_構念分數!AE$5:AE$34,1_構念分數!AF$5:AF$34)/30-C65*D65 -> 0.50536292 | M65: =SUMPRODUCT(Boot_抽樣次數!$BC$5:$BC$34,1_構念分數!AE$5:AE$34,1_構念分數!AG$5:AG$34)/30-C65*E65 -> 0.24047013 | N65: =SUMPRODUCT(Boot_抽樣次數!$BC$5:$BC$34,1_構念分數!AF$5:AF$34,1_構念分數!AG$5:AG$34)/30-D65*E65 -> 0.35341771 | O65: =J65/SQRT(F65*G65) -> 0.42023194 | P65: =K65/SQRT(F65*H65) -> 0.63414262 | Q65: =L65/SQRT(G65*H65) -> 0.54857392 | R65: =M65/SQRT(G65*I65) -> 0.30431831 | S65: =N65/SQRT(H65*I65) -> 0.4377715 | T65: =(P65-Q65*O65)/(1-O65^2) -> 0.49017711 | U65: =(Q65-P65*O65)/(1-O65^2) -> 0.34258584 | V65: =(R65-S65*Q65)/(1-Q65^2) -> 0.091791362 | W65: =(S65-R65*Q65)/(1-Q65^2) -> 0.38741715
A66: 55 | B66: =SUMPRODUCT(Boot_抽樣次數!$BD$5:$BD$34,1_構念分數!AD$5:AD$34)/30 -> -0.22489182 | C66: =SUMPRODUCT(Boot_抽樣次數!$BD$5:$BD$34,1_構念分數!AE$5:AE$34)/30 -> -0.056383567 | D66: =SUMPRODUCT(Boot_抽樣次數!$BD$5:$BD$34,1_構念分數!AF$5:AF$34)/30 -> -0.14192097 | E66: =SUMPRODUCT(Boot_抽樣次數!$BD$5:$BD$34,1_構念分數!AG$5:AG$34)/30 -> 0.016678479 | F66: =SUMPRODUCT(Boot_抽樣次數!$BD$5:$BD$34,1_構念分數!AD$5:AD$34,1_構念分數!AD$5:AD$34)/30-B66^2 -> 0.89858039 | G66: =SUMPRODUCT(Boot_抽樣次數!$BD$5:$BD$34,1_構念分數!AE$5:AE$34,1_構念分數!AE$5:AE$34)/30-C66^2 -> 1.1132929 | H66: =SUMPRODUCT(Boot_抽樣次數!$BD$5:$BD$34,1_構念分數!AF$5:AF$34,1_構念分數!AF$5:AF$34)/30-D66^2 -> 1.1216181 | I66: =SUMPRODUCT(Boot_抽樣次數!$BD$5:$BD$34,1_構念分數!AG$5:AG$34,1_構念分數!AG$5:AG$34)/30-E66^2 -> 1.0805054 | J66: =SUMPRODUCT(Boot_抽樣次數!$BD$5:$BD$34,1_構念分數!AD$5:AD$34,1_構念分數!AE$5:AE$34)/30-B66*C66 -> 0.64743841 | K66: =SUMPRODUCT(Boot_抽樣次數!$BD$5:$BD$34,1_構念分數!AD$5:AD$34,1_構念分數!AF$5:AF$34)/30-B66*D66 -> 0.66526723 | L66: =SUMPRODUCT(Boot_抽樣次數!$BD$5:$BD$34,1_構念分數!AE$5:AE$34,1_構念分數!AF$5:AF$34)/30-C66*D66 -> 0.84822678 | M66: =SUMPRODUCT(Boot_抽樣次數!$BD$5:$BD$34,1_構念分數!AE$5:AE$34,1_構念分數!AG$5:AG$34)/30-C66*E66 -> 0.70582036 | N66: =SUMPRODUCT(Boot_抽樣次數!$BD$5:$BD$34,1_構念分數!AF$5:AF$34,1_構念分數!AG$5:AG$34)/30-D66*E66 -> 0.83858575 | O66: =J66/SQRT(F66*G66) -> 0.64731439 | P66: =K66/SQRT(F66*H66) -> 0.66266671 | Q66: =L66/SQRT(G66*H66) -> 0.7590751 | R66: =M66/SQRT(G66*I66) -> 0.64354066 | S66: =N66/SQRT(H66*I66) -> 0.76174833 | T66: =(P66-Q66*O66)/(1-O66^2) -> 0.29485571 | U66: =(Q66-P66*O66)/(1-O66^2) -> 0.56821076 | V66: =(R66-S66*Q66)/(1-Q66^2) -> 0.15411916 | W66: =(S66-R66*Q66)/(1-Q66^2) -> 0.64476031
A67: 56 | B67: =SUMPRODUCT(Boot_抽樣次數!$BE$5:$BE$34,1_構念分數!AD$5:AD$34)/30 -> -0.18236589 | C67: =SUMPRODUCT(Boot_抽樣次數!$BE$5:$BE$34,1_構念分數!AE$5:AE$34)/30 -> 0.017122746 | D67: =SUMPRODUCT(Boot_抽樣次數!$BE$5:$BE$34,1_構念分數!AF$5:AF$34)/30 -> -0.11901132 | E67: =SUMPRODUCT(Boot_抽樣次數!$BE$5:$BE$34,1_構念分數!AG$5:AG$34)/30 -> 0.018378239 | F67: =SUMPRODUCT(Boot_抽樣次數!$BE$5:$BE$34,1_構念分數!AD$5:AD$34,1_構念分數!AD$5:AD$34)/30-B67^2 -> 1.0085784 | G67: =SUMPRODUCT(Boot_抽樣次數!$BE$5:$BE$34,1_構念分數!AE$5:AE$34,1_構念分數!AE$5:AE$34)/30-C67^2 -> 1.0648374 | H67: =SUMPRODUCT(Boot_抽樣次數!$BE$5:$BE$34,1_構念分數!AF$5:AF$34,1_構念分數!AF$5:AF$34)/30-D67^2 -> 1.1050466 | I67: =SUMPRODUCT(Boot_抽樣次數!$BE$5:$BE$34,1_構念分數!AG$5:AG$34,1_構念分數!AG$5:AG$34)/30-E67^2 -> 0.98155005 | J67: =SUMPRODUCT(Boot_抽樣次數!$BE$5:$BE$34,1_構念分數!AD$5:AD$34,1_構念分數!AE$5:AE$34)/30-B67*C67 -> 0.52960678 | K67: =SUMPRODUCT(Boot_抽樣次數!$BE$5:$BE$34,1_構念分數!AD$5:AD$34,1_構念分數!AF$5:AF$34)/30-B67*D67 -> 0.73897532 | L67: =SUMPRODUCT(Boot_抽樣次數!$BE$5:$BE$34,1_構念分數!AE$5:AE$34,1_構念分數!AF$5:AF$34)/30-C67*D67 -> 0.63961763 | M67: =SUMPRODUCT(Boot_抽樣次數!$BE$5:$BE$34,1_構念分數!AE$5:AE$34,1_構念分數!AG$5:AG$34)/30-C67*E67 -> 0.40383259 | N67: =SUMPRODUCT(Boot_抽樣次數!$BE$5:$BE$34,1_構念分數!AF$5:AF$34,1_構念分數!AG$5:AG$34)/30-D67*E67 -> 0.64494557 | O67: =J67/SQRT(F67*G67) -> 0.51104254 | P67: =K67/SQRT(F67*H67) -> 0.69997866 | Q67: =L67/SQRT(G67*H67) -> 0.58964207 | R67: =M67/SQRT(G67*I67) -> 0.39500581 | S67: =N67/SQRT(H67*I67) -> 0.619265 | T67: =(P67-Q67*O67)/(1-O67^2) -> 0.53956052 | U67: =(Q67-P67*O67)/(1-O67^2) -> 0.31390369 | V67: =(R67-S67*Q67)/(1-Q67^2) -> 0.045776627 | W67: =(S67-R67*Q67)/(1-Q67^2) -> 0.59227318
A68: 57 | B68: =SUMPRODUCT(Boot_抽樣次數!$BF$5:$BF$34,1_構念分數!AD$5:AD$34)/30 -> -0.19412196 | C68: =SUMPRODUCT(Boot_抽樣次數!$BF$5:$BF$34,1_構念分數!AE$5:AE$34)/30 -> -0.38817253 | D68: =SUMPRODUCT(Boot_抽樣次數!$BF$5:$BF$34,1_構念分數!AF$5:AF$34)/30 -> -0.14091932 | E68: =SUMPRODUCT(Boot_抽樣次數!$BF$5:$BF$34,1_構念分數!AG$5:AG$34)/30 -> -0.2726424 | F68: =SUMPRODUCT(Boot_抽樣次數!$BF$5:$BF$34,1_構念分數!AD$5:AD$34,1_構念分數!AD$5:AD$34)/30-B68^2 -> 0.94128475 | G68: =SUMPRODUCT(Boot_抽樣次數!$BF$5:$BF$34,1_構念分數!AE$5:AE$34,1_構念分數!AE$5:AE$34)/30-C68^2 -> 1.7187535 | H68: =SUMPRODUCT(Boot_抽樣次數!$BF$5:$BF$34,1_構念分數!AF$5:AF$34,1_構念分數!AF$5:AF$34)/30-D68^2 -> 1.1796474 | I68: =SUMPRODUCT(Boot_抽樣次數!$BF$5:$BF$34,1_構念分數!AG$5:AG$34,1_構念分數!AG$5:AG$34)/30-E68^2 -> 1.3673625 | J68: =SUMPRODUCT(Boot_抽樣次數!$BF$5:$BF$34,1_構念分數!AD$5:AD$34,1_構念分數!AE$5:AE$34)/30-B68*C68 -> 0.60954643 | K68: =SUMPRODUCT(Boot_抽樣次數!$BF$5:$BF$34,1_構念分數!AD$5:AD$34,1_構念分數!AF$5:AF$34)/30-B68*D68 -> 0.65830152 | L68: =SUMPRODUCT(Boot_抽樣次數!$BF$5:$BF$34,1_構念分數!AE$5:AE$34,1_構念分數!AF$5:AF$34)/30-C68*D68 -> 0.93238043 | M68: =SUMPRODUCT(Boot_抽樣次數!$BF$5:$BF$34,1_構念分數!AE$5:AE$34,1_構念分數!AG$5:AG$34)/30-C68*E68 -> 1.1412546 | N68: =SUMPRODUCT(Boot_抽樣次數!$BF$5:$BF$34,1_構念分數!AF$5:AF$34,1_構念分數!AG$5:AG$34)/30-D68*E68 -> 1.1260749 | O68: =J68/SQRT(F68*G68) -> 0.47922502 | P68: =K68/SQRT(F68*H68) -> 0.62472407 | Q68: =L68/SQRT(G68*H68) -> 0.65480238 | R68: =M68/SQRT(G68*I68) -> 0.74444721 | S68: =N68/SQRT(H68*I68) -> 0.88664414 | T68: =(P68-Q68*O68)/(1-O68^2) -> 0.40362051 | U68: =(Q68-P68*O68)/(1-O68^2) -> 0.46137733 | V68: =(R68-S68*Q68)/(1-Q68^2) -> 0.28687117 | W68: =(S68-R68*Q68)/(1-Q68^2) -> 0.69880021
