Workbook

Sheet 摘要
A1: 測量模型評鑑摘要：信度與收斂效度
A3: 輪次 | B3: 題數 | C3: SAT1 λ | D3: SAT2 λ | E3: SAT3 λ | F3: SAT4 λ | G3: SAT5 λ | H3: Cronbach's α | I3: CR | J3: AVE
A4: R1_五題 | B4: 5 | C4: =R1_五題!B20 -> 0.69643636 | D4: =R1_五題!C20 -> 0.78771815 | E4: =R1_五題!D20 -> 0.71054074 | F4: =R1_五題!E20 -> 0.42071981 | G4: =R1_五題!F20 -> 0.19476811 | H4: =R1_五題!B30 -> 0.36931818 | I4: =R1_五題!B37 -> 0.71326531 | J4: =R1_五題!B43 -> 0.36506628
A5: R2_刪SAT5 | B5: 4 | C5: =R2_刪SAT5!B20 -> 0.73286304 | D5: =R2_刪SAT5!C20 -> 0.75376552 | E5: =R2_刪SAT5!D20 -> 0.75453782 | F5: =R2_刪SAT5!E20 -> 0.55212223 | G5: — | H5: =R2_刪SAT5!B30 -> 0.64257028 | I5: =R2_刪SAT5!B37 -> 0.79430175 | J5: =R2_刪SAT5!B43 -> 0.49485425
A6: R3_刪SAT4 | B6: 3 | C6: =R3_刪SAT4!B20 -> 0.87216967 | D6: =R3_刪SAT4!C20 -> 0.76451594 | E6: =R3_刪SAT4!D20 -> 0.75454583 | F6: — | G6: — | H6: =R3_刪SAT4!B30 -> 0.71243043 | I6: =R3_刪SAT4!B37 -> 0.84044997 | J6: =R3_刪SAT4!B43 -> 0.63816799
A8: 門檻：λ ≥ 0.708；α 與 CR 介於 0.70–0.95；AVE ≥ 0.50。綠字為連結至各輪工作表之公式。

Sheet 原始資料
A1: 原始資料：學習滿意度（SAT）量表，5 點李克特量表，n = 12
A2: 藍色數字為輸入值（教學用模擬資料），可自行修改，其他工作表會自動重算。
A3: 受試者 | B3: SAT1 | C3: SAT2 | D3: SAT3 | E3: SAT4 | F3: SAT5
A4: R01 | B4: 3 | C4: 3 | D4: 3 | E4: 5 | F4: 1
A5: R02 | B5: 2 | C5: 3 | D5: 3 | E5: 3 | F5: 4
A6: R03 | B6: 4 | C6: 3 | D6: 4 | E6: 4 | F6: 3
A7: R04 | B7: 4 | C7: 2 | D7: 4 | E7: 3 | F7: 2
A8: R05 | B8: 3 | C8: 2 | D8: 3 | E8: 2 | F8: 4
A9: R06 | B9: 3 | C9: 3 | D9: 2 | E9: 3 | F9: 2
A10: R07 | B10: 4 | C10: 4 | D10: 3 | E10: 4 | F10: 4
A11: R08 | B11: 2 | C11: 2 | D11: 2 | E11: 3 | F11: 4
A12: R09 | B12: 3 | C12: 3 | D12: 3 | E12: 4 | F12: 5
A13: R10 | B13: 4 | C13: 4 | D13: 5 | E13: 4 | F13: 3
A14: R11 | B14: 5 | C14: 4 | D14: 3 | E14: 2 | F14: 4
A15: R12 | B15: 3 | C15: 3 | D15: 2 | E15: 3 | F15: 3

Sheet R1_五題
A1: 第 1 輪：SAT1–SAT5 全部五題
A2: 構念分數 = 各題標準化分數（Z）之等權平均；外部負荷量 = 題項原始分數與構念分數之相關係數（教學近似，見 README 說明）。
A4: 受試者 | B4: SAT1 | C4: SAT2 | D4: SAT3 | E4: SAT4 | F4: SAT5 | G4: Z_SAT1 | H4: Z_SAT2 | I4: Z_SAT3 | J4: Z_SAT4 | K4: Z_SAT5 | L4: 構念分數 | M4: 總分
A5: =原始資料!A4 -> R01 | B5: =原始資料!B4 -> 3 | C5: =原始資料!C4 -> 3 | D5: =原始資料!D4 -> 3 | E5: =原始資料!E4 -> 5 | F5: =原始資料!F4 -> 1 | G5: =STANDARDIZE(B5,AVERAGE(B$5:B$16),STDEV(B$5:B$16)) -> -0.37553381 | H5: =STANDARDIZE(C5,AVERAGE(C$5:C$16),STDEV(C$5:C$16)) -> 0 | I5: =STANDARDIZE(D5,AVERAGE(D$5:D$16),STDEV(D$5:D$16)) -> -0.092557972 | J5: =STANDARDIZE(E5,AVERAGE(E$5:E$16),STDEV(E$5:E$16)) -> 1.877669 | K5: =STANDARDIZE(F5,AVERAGE(F$5:F$16),STDEV(F$5:F$16)) -> -1.9768396 | L5: =AVERAGE(G5:K5) -> -0.11345246 | M5: =SUM(B5:F5) -> 15
A6: =原始資料!A5 -> R02 | B6: =原始資料!B5 -> 2 | C6: =原始資料!C5 -> 3 | D6: =原始資料!D5 -> 3 | E6: =原始資料!E5 -> 3 | F6: =原始資料!F5 -> 4 | G6: =STANDARDIZE(B6,AVERAGE(B$5:B$16),STDEV(B$5:B$16)) -> -1.5021352 | H6: =STANDARDIZE(C6,AVERAGE(C$5:C$16),STDEV(C$5:C$16)) -> 0 | I6: =STANDARDIZE(D6,AVERAGE(D$5:D$16),STDEV(D$5:D$16)) -> -0.092557972 | J6: =STANDARDIZE(E6,AVERAGE(E$5:E$16),STDEV(E$5:E$16)) -> -0.37553381 | K6: =STANDARDIZE(F6,AVERAGE(F$5:F$16),STDEV(F$5:F$16)) -> 0.65894653 | L6: =AVERAGE(G6:K6) -> -0.2622561 | M6: =SUM(B6:F6) -> 15
A7: =原始資料!A6 -> R03 | B7: =原始資料!B6 -> 4 | C7: =原始資料!C6 -> 3 | D7: =原始資料!D6 -> 4 | E7: =原始資料!E6 -> 4 | F7: =原始資料!F6 -> 3 | G7: =STANDARDIZE(B7,AVERAGE(B$5:B$16),STDEV(B$5:B$16)) -> 0.75106762 | H7: =STANDARDIZE(C7,AVERAGE(C$5:C$16),STDEV(C$5:C$16)) -> 0 | I7: =STANDARDIZE(D7,AVERAGE(D$5:D$16),STDEV(D$5:D$16)) -> 1.0181377 | J7: =STANDARDIZE(E7,AVERAGE(E$5:E$16),STDEV(E$5:E$16)) -> 0.75106762 | K7: =STANDARDIZE(F7,AVERAGE(F$5:F$16),STDEV(F$5:F$16)) -> -0.21964884 | L7: =AVERAGE(G7:K7) -> 0.46012482 | M7: =SUM(B7:F7) -> 18
A8: =原始資料!A7 -> R04 | B8: =原始資料!B7 -> 4 | C8: =原始資料!C7 -> 2 | D8: =原始資料!D7 -> 4 | E8: =原始資料!E7 -> 3 | F8: =原始資料!F7 -> 2 | G8: =STANDARDIZE(B8,AVERAGE(B$5:B$16),STDEV(B$5:B$16)) -> 0.75106762 | H8: =STANDARDIZE(C8,AVERAGE(C$5:C$16),STDEV(C$5:C$16)) -> -1.3540064 | I8: =STANDARDIZE(D8,AVERAGE(D$5:D$16),STDEV(D$5:D$16)) -> 1.0181377 | J8: =STANDARDIZE(E8,AVERAGE(E$5:E$16),STDEV(E$5:E$16)) -> -0.37553381 | K8: =STANDARDIZE(F8,AVERAGE(F$5:F$16),STDEV(F$5:F$16)) -> -1.0982442 | L8: =AVERAGE(G8:K8) -> -0.21171582 | M8: =SUM(B8:F8) -> 15
A9: =原始資料!A8 -> R05 | B9: =原始資料!B8 -> 3 | C9: =原始資料!C8 -> 2 | D9: =原始資料!D8 -> 3 | E9: =原始資料!E8 -> 2 | F9: =原始資料!F8 -> 4 | G9: =STANDARDIZE(B9,AVERAGE(B$5:B$16),STDEV(B$5:B$16)) -> -0.37553381 | H9: =STANDARDIZE(C9,AVERAGE(C$5:C$16),STDEV(C$5:C$16)) -> -1.3540064 | I9: =STANDARDIZE(D9,AVERAGE(D$5:D$16),STDEV(D$5:D$16)) -> -0.092557972 | J9: =STANDARDIZE(E9,AVERAGE(E$5:E$16),STDEV(E$5:E$16)) -> -1.5021352 | K9: =STANDARDIZE(F9,AVERAGE(F$5:F$16),STDEV(F$5:F$16)) -> 0.65894653 | L9: =AVERAGE(G9:K9) -> -0.53305738 | M9: =SUM(B9:F9) -> 14
A10: =原始資料!A9 -> R06 | B10: =原始資料!B9 -> 3 | C10: =原始資料!C9 -> 3 | D10: =原始資料!D9 -> 2 | E10: =原始資料!E9 -> 3 | F10: =原始資料!F9 -> 2 | G10: =STANDARDIZE(B10,AVERAGE(B$5:B$16),STDEV(B$5:B$16)) -> -0.37553381 | H10: =STANDARDIZE(C10,AVERAGE(C$5:C$16),STDEV(C$5:C$16)) -> 0 | I10: =STANDARDIZE(D10,AVERAGE(D$5:D$16),STDEV(D$5:D$16)) -> -1.2032536 | J10: =STANDARDIZE(E10,AVERAGE(E$5:E$16),STDEV(E$5:E$16)) -> -0.37553381 | K10: =STANDARDIZE(F10,AVERAGE(F$5:F$16),STDEV(F$5:F$16)) -> -1.0982442 | L10: =AVERAGE(G10:K10) -> -0.61051309 | M10: =SUM(B10:F10) -> 13
A11: =原始資料!A10 -> R07 | B11: =原始資料!B10 -> 4 | C11: =原始資料!C10 -> 4 | D11: =原始資料!D10 -> 3 | E11: =原始資料!E10 -> 4 | F11: =原始資料!F10 -> 4 | G11: =STANDARDIZE(B11,AVERAGE(B$5:B$16),STDEV(B$5:B$16)) -> 0.75106762 | H11: =STANDARDIZE(C11,AVERAGE(C$5:C$16),STDEV(C$5:C$16)) -> 1.3540064 | I11: =STANDARDIZE(D11,AVERAGE(D$5:D$16),STDEV(D$5:D$16)) -> -0.092557972 | J11: =STANDARDIZE(E11,AVERAGE(E$5:E$16),STDEV(E$5:E$16)) -> 0.75106762 | K11: =STANDARDIZE(F11,AVERAGE(F$5:F$16),STDEV(F$5:F$16)) -> 0.65894653 | L11: =AVERAGE(G11:K11) -> 0.68450604 | M11: =SUM(B11:F11) -> 19
A12: =原始資料!A11 -> R08 | B12: =原始資料!B11 -> 2 | C12: =原始資料!C11 -> 2 | D12: =原始資料!D11 -> 2 | E12: =原始資料!E11 -> 3 | F12: =原始資料!F11 -> 4 | G12: =STANDARDIZE(B12,AVERAGE(B$5:B$16),STDEV(B$5:B$16)) -> -1.5021352 | H12: =STANDARDIZE(C12,AVERAGE(C$5:C$16),STDEV(C$5:C$16)) -> -1.3540064 | I12: =STANDARDIZE(D12,AVERAGE(D$5:D$16),STDEV(D$5:D$16)) -> -1.2032536 | J12: =STANDARDIZE(E12,AVERAGE(E$5:E$16),STDEV(E$5:E$16)) -> -0.37553381 | K12: =STANDARDIZE(F12,AVERAGE(F$5:F$16),STDEV(F$5:F$16)) -> 0.65894653 | L12: =AVERAGE(G12:K12) -> -0.75519651 | M12: =SUM(B12:F12) -> 13
A13: =原始資料!A12 -> R09 | B13: =原始資料!B12 -> 3 | C13: =原始資料!C12 -> 3 | D13: =原始資料!D12 -> 3 | E13: =原始資料!E12 -> 4 | F13: =原始資料!F12 -> 5 | G13: =STANDARDIZE(B13,AVERAGE(B$5:B$16),STDEV(B$5:B$16)) -> -0.37553381 | H13: =STANDARDIZE(C13,AVERAGE(C$5:C$16),STDEV(C$5:C$16)) -> 0 | I13: =STANDARDIZE(D13,AVERAGE(D$5:D$16),STDEV(D$5:D$16)) -> -0.092557972 | J13: =STANDARDIZE(E13,AVERAGE(E$5:E$16),STDEV(E$5:E$16)) -> 0.75106762 | K13: =STANDARDIZE(F13,AVERAGE(F$5:F$16),STDEV(F$5:F$16)) -> 1.5375419 | L13: =AVERAGE(G13:K13) -> 0.36410355 | M13: =SUM(B13:F13) -> 18
A14: =原始資料!A13 -> R10 | B14: =原始資料!B13 -> 4 | C14: =原始資料!C13 -> 4 | D14: =原始資料!D13 -> 5 | E14: =原始資料!E13 -> 4 | F14: =原始資料!F13 -> 3 | G14: =STANDARDIZE(B14,AVERAGE(B$5:B$16),STDEV(B$5:B$16)) -> 0.75106762 | H14: =STANDARDIZE(C14,AVERAGE(C$5:C$16),STDEV(C$5:C$16)) -> 1.3540064 | I14: =STANDARDIZE(D14,AVERAGE(D$5:D$16),STDEV(D$5:D$16)) -> 2.1288334 | J14: =STANDARDIZE(E14,AVERAGE(E$5:E$16),STDEV(E$5:E$16)) -> 0.75106762 | K14: =STANDARDIZE(F14,AVERAGE(F$5:F$16),STDEV(F$5:F$16)) -> -0.21964884 | L14: =AVERAGE(G14:K14) -> 0.95306523 | M14: =SUM(B14:F14) -> 20
A15: =原始資料!A14 -> R11 | B15: =原始資料!B14 -> 5 | C15: =原始資料!C14 -> 4 | D15: =原始資料!D14 -> 3 | E15: =原始資料!E14 -> 2 | F15: =原始資料!F14 -> 4 | G15: =STANDARDIZE(B15,AVERAGE(B$5:B$16),STDEV(B$5:B$16)) -> 1.877669 | H15: =STANDARDIZE(C15,AVERAGE(C$5:C$16),STDEV(C$5:C$16)) -> 1.3540064 | I15: =STANDARDIZE(D15,AVERAGE(D$5:D$16),STDEV(D$5:D$16)) -> -0.092557972 | J15: =STANDARDIZE(E15,AVERAGE(E$5:E$16),STDEV(E$5:E$16)) -> -1.5021352 | K15: =STANDARDIZE(F15,AVERAGE(F$5:F$16),STDEV(F$5:F$16)) -> 0.65894653 | L15: =AVERAGE(G15:K15) -> 0.45918575 | M15: =SUM(B15:F15) -> 18
A16: =原始資料!A15 -> R12 | B16: =原始資料!B15 -> 3 | C16: =原始資料!C15 -> 3 | D16: =原始資料!D15 -> 2 | E16: =原始資料!E15 -> 3 | F16: =原始資料!F15 -> 3 | G16: =STANDARDIZE(B16,AVERAGE(B$5:B$16),STDEV(B$5:B$16)) -> -0.37553381 | H16: =STANDARDIZE(C16,AVERAGE(C$5:C$16),STDEV(C$5:C$16)) -> 0 | I16: =STANDARDIZE(D16,AVERAGE(D$5:D$16),STDEV(D$5:D$16)) -> -1.2032536 | J16: =STANDARDIZE(E16,AVERAGE(E$5:E$16),STDEV(E$5:E$16)) -> -0.37553381 | K16: =STANDARDIZE(F16,AVERAGE(F$5:F$16),STDEV(F$5:F$16)) -> -0.21964884 | L16: =AVERAGE(G16:K16) -> -0.43479402 | M16: =SUM(B16:F16) -> 14
A18: 步驟 1｜指標信度：外部負荷量 λ
A19: 題項 | B19: SAT1 | C19: SAT2 | D19: SAT3 | E19: SAT4 | F19: SAT5 | G19: 合計 Σ
A20: λ = CORREL(題項, 構念分數) | B20: =CORREL(B5:B16,L5:L16) -> 0.69643636 | C20: =CORREL(C5:C16,L5:L16) -> 0.78771815 | D20: =CORREL(D5:D16,L5:L16) -> 0.71054074 | E20: =CORREL(E5:E16,L5:L16) -> 0.42071981 | F20: =CORREL(F5:F16,L5:L16) -> 0.19476811 | G20: =SUM(B20:F20) -> 2.8101832
A21: λ²（被構念解釋之變異） | B21: =B20^2 -> 0.48502361 | C21: =C20^2 -> 0.62049988 | D21: =D20^2 -> 0.50486815 | E21: =E20^2 -> 0.17700516 | F21: =F20^2 -> 0.037934616 | G21: =SUM(B21:F21) -> 1.8253314
A22: 1 − λ²（誤差變異） | B22: =1-B20^2 -> 0.51497639 | C22: =1-C20^2 -> 0.37950012 | D22: =1-D20^2 -> 0.49513185 | E22: =1-E20^2 -> 0.82299484 | F22: =1-F20^2 -> 0.96206538 | G22: =SUM(B22:F22) -> 3.1746686
A23: 判斷 | B23: =IF(B20>=0.708,"保留",IF(B20>=0.4,"評估刪除","直接刪除")) -> 評估刪除 | C23: =IF(C20>=0.708,"保留",IF(C20>=0.4,"評估刪除","直接刪除")) -> 保留 | D23: =IF(D20>=0.708,"保留",IF(D20>=0.4,"評估刪除","直接刪除")) -> 保留 | E23: =IF(E20>=0.708,"保留",IF(E20>=0.4,"評估刪除","直接刪除")) -> 評估刪除 | F23: =IF(F20>=0.708,"保留",IF(F20>=0.4,"評估刪除","直接刪除")) -> 直接刪除
A25: 步驟 2｜Cronbach's α
A26: 各題變異數 VAR.S | B26: =VAR(B5:B16) -> 0.78787879 | C26: =VAR(C5:C16) -> 0.54545455 | D26: =VAR(D5:D16) -> 0.81060606 | E26: =VAR(E5:E16) -> 0.78787879 | F26: =VAR(F5:F16) -> 1.2954545 | G26: =SUM(B26:F26) -> 4.2272727
A27: 題數 k | B27: =COUNT(B20:F20) -> 5
A28: Σ 各題變異數 | B28: =G26 -> 4.2272727
A29: 總分變異數 VAR.S(總分) | B29: =VAR(M5:M16) -> 6
A30: α = k/(k−1) × (1 − Σσᵢ² / σ²_總分) | B30: =B27/(B27-1)*(1-B28/B29) -> 0.36931818
A31: 判斷（0.70–0.95 可接受） | B31: =IF(B30>0.95,"過高：題項可能冗餘",IF(B30>=0.7,"通過","未通過")) -> 未通過
A33: 步驟 3｜組合信度 CR（ρc）
A34: Σλ | B34: =G20 -> 2.8101832
A35: (Σλ)² | B35: =B34^2 -> 7.8971295
A36: Σ(1 − λ²) | B36: =G22 -> 3.1746686
A37: CR = (Σλ)² / [(Σλ)² + Σ(1 − λ²)] | B37: =B35/(B35+B36) -> 0.71326531
A38: 判斷（0.70–0.95 可接受） | B38: =IF(B37>0.95,"過高：題項可能冗餘",IF(B37>=0.7,"通過","未通過")) -> 通過
A40: 步驟 4｜收斂效度 AVE
A41: Σλ² | B41: =G21 -> 1.8253314
A42: 題數 n | B42: =B27 -> 5
A43: AVE = Σλ² / n | B43: =B41/B42 -> 0.36506628
A44: 判斷（≥ 0.50） | B44: =IF(B43>=0.5,"通過","未通過") -> 未通過

Sheet R2_刪SAT5
A1: 第 2 輪：刪除 SAT5（λ < 0.40，直接刪除）後重新估計
A2: 構念分數 = 各題標準化分數（Z）之等權平均；外部負荷量 = 題項原始分數與構念分數之相關係數（教學近似，見 README 說明）。
A4: 受試者 | B4: SAT1 | C4: SAT2 | D4: SAT3 | E4: SAT4 | F4: Z_SAT1 | G4: Z_SAT2 | H4: Z_SAT3 | I4: Z_SAT4 | J4: 構念分數 | K4: 總分
A5: =原始資料!A4 -> R01 | B5: =原始資料!B4 -> 3 | C5: =原始資料!C4 -> 3 | D5: =原始資料!D4 -> 3 | E5: =原始資料!E4 -> 5 | F5: =STANDARDIZE(B5,AVERAGE(B$5:B$16),STDEV(B$5:B$16)) -> -0.37553381 | G5: =STANDARDIZE(C5,AVERAGE(C$5:C$16),STDEV(C$5:C$16)) -> 0 | H5: =STANDARDIZE(D5,AVERAGE(D$5:D$16),STDEV(D$5:D$16)) -> -0.092557972 | I5: =STANDARDIZE(E5,AVERAGE(E$5:E$16),STDEV(E$5:E$16)) -> 1.877669 | J5: =AVERAGE(F5:I5) -> 0.35239432 | K5: =SUM(B5:E5) -> 14
A6: =原始資料!A5 -> R02 | B6: =原始資料!B5 -> 2 | C6: =原始資料!C5 -> 3 | D6: =原始資料!D5 -> 3 | E6: =原始資料!E5 -> 3 | F6: =STANDARDIZE(B6,AVERAGE(B$5:B$16),STDEV(B$5:B$16)) -> -1.5021352 | G6: =STANDARDIZE(C6,AVERAGE(C$5:C$16),STDEV(C$5:C$16)) -> 0 | H6: =STANDARDIZE(D6,AVERAGE(D$5:D$16),STDEV(D$5:D$16)) -> -0.092557972 | I6: =STANDARDIZE(E6,AVERAGE(E$5:E$16),STDEV(E$5:E$16)) -> -0.37553381 | J6: =AVERAGE(F6:I6) -> -0.49255675 | K6: =SUM(B6:E6) -> 11
A7: =原始資料!A6 -> R03 | B7: =原始資料!B6 -> 4 | C7: =原始資料!C6 -> 3 | D7: =原始資料!D6 -> 4 | E7: =原始資料!E6 -> 4 | F7: =STANDARDIZE(B7,AVERAGE(B$5:B$16),STDEV(B$5:B$16)) -> 0.75106762 | G7: =STANDARDIZE(C7,AVERAGE(C$5:C$16),STDEV(C$5:C$16)) -> 0 | H7: =STANDARDIZE(D7,AVERAGE(D$5:D$16),STDEV(D$5:D$16)) -> 1.0181377 | I7: =STANDARDIZE(E7,AVERAGE(E$5:E$16),STDEV(E$5:E$16)) -> 0.75106762 | J7: =AVERAGE(F7:I7) -> 0.63006823 | K7: =SUM(B7:E7) -> 15
A8: =原始資料!A7 -> R04 | B8: =原始資料!B7 -> 4 | C8: =原始資料!C7 -> 2 | D8: =原始資料!D7 -> 4 | E8: =原始資料!E7 -> 3 | F8: =STANDARDIZE(B8,AVERAGE(B$5:B$16),STDEV(B$5:B$16)) -> 0.75106762 | G8: =STANDARDIZE(C8,AVERAGE(C$5:C$16),STDEV(C$5:C$16)) -> -1.3540064 | H8: =STANDARDIZE(D8,AVERAGE(D$5:D$16),STDEV(D$5:D$16)) -> 1.0181377 | I8: =STANDARDIZE(E8,AVERAGE(E$5:E$16),STDEV(E$5:E$16)) -> -0.37553381 | J8: =AVERAGE(F8:I8) -> 0.009916275 | K8: =SUM(B8:E8) -> 13
A9: =原始資料!A8 -> R05 | B9: =原始資料!B8 -> 3 | C9: =原始資料!C8 -> 2 | D9: =原始資料!D8 -> 3 | E9: =原始資料!E8 -> 2 | F9: =STANDARDIZE(B9,AVERAGE(B$5:B$16),STDEV(B$5:B$16)) -> -0.37553381 | G9: =STANDARDIZE(C9,AVERAGE(C$5:C$16),STDEV(C$5:C$16)) -> -1.3540064 | H9: =STANDARDIZE(D9,AVERAGE(D$5:D$16),STDEV(D$5:D$16)) -> -0.092557972 | I9: =STANDARDIZE(E9,AVERAGE(E$5:E$16),STDEV(E$5:E$16)) -> -1.5021352 | J9: =AVERAGE(F9:I9) -> -0.83105835 | K9: =SUM(B9:E9) -> 10
A10: =原始資料!A9 -> R06 | B10: =原始資料!B9 -> 3 | C10: =原始資料!C9 -> 3 | D10: =原始資料!D9 -> 2 | E10: =原始資料!E9 -> 3 | F10: =STANDARDIZE(B10,AVERAGE(B$5:B$16),STDEV(B$5:B$16)) -> -0.37553381 | G10: =STANDARDIZE(C10,AVERAGE(C$5:C$16),STDEV(C$5:C$16)) -> 0 | H10: =STANDARDIZE(D10,AVERAGE(D$5:D$16),STDEV(D$5:D$16)) -> -1.2032536 | I10: =STANDARDIZE(E10,AVERAGE(E$5:E$16),STDEV(E$5:E$16)) -> -0.37553381 | J10: =AVERAGE(F10:I10) -> -0.48858031 | K10: =SUM(B10:E10) -> 11
A11: =原始資料!A10 -> R07 | B11: =原始資料!B10 -> 4 | C11: =原始資料!C10 -> 4 | D11: =原始資料!D10 -> 3 | E11: =原始資料!E10 -> 4 | F11: =STANDARDIZE(B11,AVERAGE(B$5:B$16),STDEV(B$5:B$16)) -> 0.75106762 | G11: =STANDARDIZE(C11,AVERAGE(C$5:C$16),STDEV(C$5:C$16)) -> 1.3540064 | H11: =STANDARDIZE(D11,AVERAGE(D$5:D$16),STDEV(D$5:D$16)) -> -0.092557972 | I11: =STANDARDIZE(E11,AVERAGE(E$5:E$16),STDEV(E$5:E$16)) -> 0.75106762 | J11: =AVERAGE(F11:I11) -> 0.69089592 | K11: =SUM(B11:E11) -> 15
A12: =原始資料!A11 -> R08 | B12: =原始資料!B11 -> 2 | C12: =原始資料!C11 -> 2 | D12: =原始資料!D11 -> 2 | E12: =原始資料!E11 -> 3 | F12: =STANDARDIZE(B12,AVERAGE(B$5:B$16),STDEV(B$5:B$16)) -> -1.5021352 | G12: =STANDARDIZE(C12,AVERAGE(C$5:C$16),STDEV(C$5:C$16)) -> -1.3540064 | H12: =STANDARDIZE(D12,AVERAGE(D$5:D$16),STDEV(D$5:D$16)) -> -1.2032536 | I12: =STANDARDIZE(E12,AVERAGE(E$5:E$16),STDEV(E$5:E$16)) -> -0.37553381 | J12: =AVERAGE(F12:I12) -> -1.1087323 | K12: =SUM(B12:E12) -> 9
A13: =原始資料!A12 -> R09 | B13: =原始資料!B12 -> 3 | C13: =原始資料!C12 -> 3 | D13: =原始資料!D12 -> 3 | E13: =原始資料!E12 -> 4 | F13: =STANDARDIZE(B13,AVERAGE(B$5:B$16),STDEV(B$5:B$16)) -> -0.37553381 | G13: =STANDARDIZE(C13,AVERAGE(C$5:C$16),STDEV(C$5:C$16)) -> 0 | H13: =STANDARDIZE(D13,AVERAGE(D$5:D$16),STDEV(D$5:D$16)) -> -0.092557972 | I13: =STANDARDIZE(E13,AVERAGE(E$5:E$16),STDEV(E$5:E$16)) -> 0.75106762 | J13: =AVERAGE(F13:I13) -> 0.070743959 | K13: =SUM(B13:E13) -> 13
A14: =原始資料!A13 -> R10 | B14: =原始資料!B13 -> 4 | C14: =原始資料!C13 -> 4 | D14: =原始資料!D13 -> 5 | E14: =原始資料!E13 -> 4 | F14: =STANDARDIZE(B14,AVERAGE(B$5:B$16),STDEV(B$5:B$16)) -> 0.75106762 | G14: =STANDARDIZE(C14,AVERAGE(C$5:C$16),STDEV(C$5:C$16)) -> 1.3540064 | H14: =STANDARDIZE(D14,AVERAGE(D$5:D$16),STDEV(D$5:D$16)) -> 2.1288334 | I14: =STANDARDIZE(E14,AVERAGE(E$5:E$16),STDEV(E$5:E$16)) -> 0.75106762 | J14: =AVERAGE(F14:I14) -> 1.2462437 | K14: =SUM(B14:E14) -> 17
A15: =原始資料!A14 -> R11 | B15: =原始資料!B14 -> 5 | C15: =原始資料!C14 -> 4 | D15: =原始資料!D14 -> 3 | E15: =原始資料!E14 -> 2 | F15: =STANDARDIZE(B15,AVERAGE(B$5:B$16),STDEV(B$5:B$16)) -> 1.877669 | G15: =STANDARDIZE(C15,AVERAGE(C$5:C$16),STDEV(C$5:C$16)) -> 1.3540064 | H15: =STANDARDIZE(D15,AVERAGE(D$5:D$16),STDEV(D$5:D$16)) -> -0.092557972 | I15: =STANDARDIZE(E15,AVERAGE(E$5:E$16),STDEV(E$5:E$16)) -> -1.5021352 | J15: =AVERAGE(F15:I15) -> 0.40924556 | K15: =SUM(B15:E15) -> 14
A16: =原始資料!A15 -> R12 | B16: =原始資料!B15 -> 3 | C16: =原始資料!C15 -> 3 | D16: =原始資料!D15 -> 2 | E16: =原始資料!E15 -> 3 | F16: =STANDARDIZE(B16,AVERAGE(B$5:B$16),STDEV(B$5:B$16)) -> -0.37553381 | G16: =STANDARDIZE(C16,AVERAGE(C$5:C$16),STDEV(C$5:C$16)) -> 0 | H16: =STANDARDIZE(D16,AVERAGE(D$5:D$16),STDEV(D$5:D$16)) -> -1.2032536 | I16: =STANDARDIZE(E16,AVERAGE(E$5:E$16),STDEV(E$5:E$16)) -> -0.37553381 | J16: =AVERAGE(F16:I16) -> -0.48858031 | K16: =SUM(B16:E16) -> 11
A18: 步驟 1｜指標信度：外部負荷量 λ
A19: 題項 | B19: SAT1 | C19: SAT2 | D19: SAT3 | E19: SAT4 | F19: 合計 Σ
A20: λ = CORREL(題項, 構念分數) | B20: =CORREL(B5:B16,J5:J16) -> 0.73286304 | C20: =CORREL(C5:C16,J5:J16) -> 0.75376552 | D20: =CORREL(D5:D16,J5:J16) -> 0.75453782 | E20: =CORREL(E5:E16,J5:J16) -> 0.55212223 | F20: =SUM(B20:E20) -> 2.7932886
A21: λ²（被構念解釋之變異） | B21: =B20^2 -> 0.53708824 | C21: =C20^2 -> 0.56816247 | D21: =D20^2 -> 0.56932733 | E21: =E20^2 -> 0.30483896 | F21: =SUM(B21:E21) -> 1.979417
A22: 1 − λ²（誤差變異） | B22: =1-B20^2 -> 0.46291176 | C22: =1-C20^2 -> 0.43183753 | D22: =1-D20^2 -> 0.43067267 | E22: =1-E20^2 -> 0.69516104 | F22: =SUM(B22:E22) -> 2.020583
A23: 判斷 | B23: =IF(B20>=0.708,"保留",IF(B20>=0.4,"評估刪除","直接刪除")) -> 保留 | C23: =IF(C20>=0.708,"保留",IF(C20>=0.4,"評估刪除","直接刪除")) -> 保留 | D23: =IF(D20>=0.708,"保留",IF(D20>=0.4,"評估刪除","直接刪除")) -> 保留 | E23: =IF(E20>=0.708,"保留",IF(E20>=0.4,"評估刪除","直接刪除")) -> 評估刪除
A25: 步驟 2｜Cronbach's α
A26: 各題變異數 VAR.S | B26: =VAR(B5:B16) -> 0.78787879 | C26: =VAR(C5:C16) -> 0.54545455 | D26: =VAR(D5:D16) -> 0.81060606 | E26: =VAR(E5:E16) -> 0.78787879 | F26: =SUM(B26:E26) -> 2.9318182
A27: 題數 k | B27: =COUNT(B20:E20) -> 4
A28: Σ 各題變異數 | B28: =F26 -> 2.9318182
A29: 總分變異數 VAR.S(總分) | B29: =VAR(K5:K16) -> 5.6590909
A30: α = k/(k−1) × (1 − Σσᵢ² / σ²_總分) | B30: =B27/(B27-1)*(1-B28/B29) -> 0.64257028
A31: 判斷（0.70–0.95 可接受） | B31: =IF(B30>0.95,"過高：題項可能冗餘",IF(B30>=0.7,"通過","未通過")) -> 未通過
A33: 步驟 3｜組合信度 CR（ρc）
A34: Σλ | B34: =F20 -> 2.7932886
A35: (Σλ)² | B35: =B34^2 -> 7.8024613
A36: Σ(1 − λ²) | B36: =F22 -> 2.020583
A37: CR = (Σλ)² / [(Σλ)² + Σ(1 − λ²)] | B37: =B35/(B35+B36) -> 0.79430175
A38: 判斷（0.70–0.95 可接受） | B38: =IF(B37>0.95,"過高：題項可能冗餘",IF(B37>=0.7,"通過","未通過")) -> 通過
A40: 步驟 4｜收斂效度 AVE
A41: Σλ² | B41: =F21 -> 1.979417
A42: 題數 n | B42: =B27 -> 4
A43: AVE = Σλ² / n | B43: =B41/B42 -> 0.49485425
A44: 判斷（≥ 0.50） | B44: =IF(B43>=0.5,"通過","未通過") -> 未通過

Sheet R3_刪SAT4
A1: 第 3 輪：再刪除 SAT4（0.40 ≤ λ < 0.708，刪除可提升 AVE）後重新估計
A2: 構念分數 = 各題標準化分數（Z）之等權平均；外部負荷量 = 題項原始分數與構念分數之相關係數（教學近似，見 README 說明）。
A4: 受試者 | B4: SAT1 | C4: SAT2 | D4: SAT3 | E4: Z_SAT1 | F4: Z_SAT2 | G4: Z_SAT3 | H4: 構念分數 | I4: 總分
A5: =原始資料!A4 -> R01 | B5: =原始資料!B4 -> 3 | C5: =原始資料!C4 -> 3 | D5: =原始資料!D4 -> 3 | E5: =STANDARDIZE(B5,AVERAGE(B$5:B$16),STDEV(B$5:B$16)) -> -0.37553381 | F5: =STANDARDIZE(C5,AVERAGE(C$5:C$16),STDEV(C$5:C$16)) -> 0 | G5: =STANDARDIZE(D5,AVERAGE(D$5:D$16),STDEV(D$5:D$16)) -> -0.092557972 | H5: =AVERAGE(E5:G5) -> -0.15603059 | I5: =SUM(B5:D5) -> 9
A6: =原始資料!A5 -> R02 | B6: =原始資料!B5 -> 2 | C6: =原始資料!C5 -> 3 | D6: =原始資料!D5 -> 3 | E6: =STANDARDIZE(B6,AVERAGE(B$5:B$16),STDEV(B$5:B$16)) -> -1.5021352 | F6: =STANDARDIZE(C6,AVERAGE(C$5:C$16),STDEV(C$5:C$16)) -> 0 | G6: =STANDARDIZE(D6,AVERAGE(D$5:D$16),STDEV(D$5:D$16)) -> -0.092557972 | H6: =AVERAGE(E6:G6) -> -0.5315644 | I6: =SUM(B6:D6) -> 8
A7: =原始資料!A6 -> R03 | B7: =原始資料!B6 -> 4 | C7: =原始資料!C6 -> 3 | D7: =原始資料!D6 -> 4 | E7: =STANDARDIZE(B7,AVERAGE(B$5:B$16),STDEV(B$5:B$16)) -> 0.75106762 | F7: =STANDARDIZE(C7,AVERAGE(C$5:C$16),STDEV(C$5:C$16)) -> 0 | G7: =STANDARDIZE(D7,AVERAGE(D$5:D$16),STDEV(D$5:D$16)) -> 1.0181377 | H7: =AVERAGE(E7:G7) -> 0.5897351 | I7: =SUM(B7:D7) -> 11
A8: =原始資料!A7 -> R04 | B8: =原始資料!B7 -> 4 | C8: =原始資料!C7 -> 2 | D8: =原始資料!D7 -> 4 | E8: =STANDARDIZE(B8,AVERAGE(B$5:B$16),STDEV(B$5:B$16)) -> 0.75106762 | F8: =STANDARDIZE(C8,AVERAGE(C$5:C$16),STDEV(C$5:C$16)) -> -1.3540064 | G8: =STANDARDIZE(D8,AVERAGE(D$5:D$16),STDEV(D$5:D$16)) -> 1.0181377 | H8: =AVERAGE(E8:G8) -> 0.13839964 | I8: =SUM(B8:D8) -> 10
A9: =原始資料!A8 -> R05 | B9: =原始資料!B8 -> 3 | C9: =原始資料!C8 -> 2 | D9: =原始資料!D8 -> 3 | E9: =STANDARDIZE(B9,AVERAGE(B$5:B$16),STDEV(B$5:B$16)) -> -0.37553381 | F9: =STANDARDIZE(C9,AVERAGE(C$5:C$16),STDEV(C$5:C$16)) -> -1.3540064 | G9: =STANDARDIZE(D9,AVERAGE(D$5:D$16),STDEV(D$5:D$16)) -> -0.092557972 | H9: =AVERAGE(E9:G9) -> -0.60736606 | I9: =SUM(B9:D9) -> 8
A10: =原始資料!A9 -> R06 | B10: =原始資料!B9 -> 3 | C10: =原始資料!C9 -> 3 | D10: =原始資料!D9 -> 2 | E10: =STANDARDIZE(B10,AVERAGE(B$5:B$16),STDEV(B$5:B$16)) -> -0.37553381 | F10: =STANDARDIZE(C10,AVERAGE(C$5:C$16),STDEV(C$5:C$16)) -> 0 | G10: =STANDARDIZE(D10,AVERAGE(D$5:D$16),STDEV(D$5:D$16)) -> -1.2032536 | H10: =AVERAGE(E10:G10) -> -0.52626248 | I10: =SUM(B10:D10) -> 8
A11: =原始資料!A10 -> R07 | B11: =原始資料!B10 -> 4 | C11: =原始資料!C10 -> 4 | D11: =原始資料!D10 -> 3 | E11: =STANDARDIZE(B11,AVERAGE(B$5:B$16),STDEV(B$5:B$16)) -> 0.75106762 | F11: =STANDARDIZE(C11,AVERAGE(C$5:C$16),STDEV(C$5:C$16)) -> 1.3540064 | G11: =STANDARDIZE(D11,AVERAGE(D$5:D$16),STDEV(D$5:D$16)) -> -0.092557972 | H11: =AVERAGE(E11:G11) -> 0.67083868 | I11: =SUM(B11:D11) -> 11
A12: =原始資料!A11 -> R08 | B12: =原始資料!B11 -> 2 | C12: =原始資料!C11 -> 2 | D12: =原始資料!D11 -> 2 | E12: =STANDARDIZE(B12,AVERAGE(B$5:B$16),STDEV(B$5:B$16)) -> -1.5021352 | F12: =STANDARDIZE(C12,AVERAGE(C$5:C$16),STDEV(C$5:C$16)) -> -1.3540064 | G12: =STANDARDIZE(D12,AVERAGE(D$5:D$16),STDEV(D$5:D$16)) -> -1.2032536 | H12: =AVERAGE(E12:G12) -> -1.3531318 | I12: =SUM(B12:D12) -> 6
A13: =原始資料!A12 -> R09 | B13: =原始資料!B12 -> 3 | C13: =原始資料!C12 -> 3 | D13: =原始資料!D12 -> 3 | E13: =STANDARDIZE(B13,AVERAGE(B$5:B$16),STDEV(B$5:B$16)) -> -0.37553381 | F13: =STANDARDIZE(C13,AVERAGE(C$5:C$16),STDEV(C$5:C$16)) -> 0 | G13: =STANDARDIZE(D13,AVERAGE(D$5:D$16),STDEV(D$5:D$16)) -> -0.092557972 | H13: =AVERAGE(E13:G13) -> -0.15603059 | I13: =SUM(B13:D13) -> 9
A14: =原始資料!A13 -> R10 | B14: =原始資料!B13 -> 4 | C14: =原始資料!C13 -> 4 | D14: =原始資料!D13 -> 5 | E14: =STANDARDIZE(B14,AVERAGE(B$5:B$16),STDEV(B$5:B$16)) -> 0.75106762 | F14: =STANDARDIZE(C14,AVERAGE(C$5:C$16),STDEV(C$5:C$16)) -> 1.3540064 | G14: =STANDARDIZE(D14,AVERAGE(D$5:D$16),STDEV(D$5:D$16)) -> 2.1288334 | H14: =AVERAGE(E14:G14) -> 1.4113025 | I14: =SUM(B14:D14) -> 13
A15: =原始資料!A14 -> R11 | B15: =原始資料!B14 -> 5 | C15: =原始資料!C14 -> 4 | D15: =原始資料!D14 -> 3 | E15: =STANDARDIZE(B15,AVERAGE(B$5:B$16),STDEV(B$5:B$16)) -> 1.877669 | F15: =STANDARDIZE(C15,AVERAGE(C$5:C$16),STDEV(C$5:C$16)) -> 1.3540064 | G15: =STANDARDIZE(D15,AVERAGE(D$5:D$16),STDEV(D$5:D$16)) -> -0.092557972 | H15: =AVERAGE(E15:G15) -> 1.0463725 | I15: =SUM(B15:D15) -> 12
A16: =原始資料!A15 -> R12 | B16: =原始資料!B15 -> 3 | C16: =原始資料!C15 -> 3 | D16: =原始資料!D15 -> 2 | E16: =STANDARDIZE(B16,AVERAGE(B$5:B$16),STDEV(B$5:B$16)) -> -0.37553381 | F16: =STANDARDIZE(C16,AVERAGE(C$5:C$16),STDEV(C$5:C$16)) -> 0 | G16: =STANDARDIZE(D16,AVERAGE(D$5:D$16),STDEV(D$5:D$16)) -> -1.2032536 | H16: =AVERAGE(E16:G16) -> -0.52626248 | I16: =SUM(B16:D16) -> 8
A18: 步驟 1｜指標信度：外部負荷量 λ
A19: 題項 | B19: SAT1 | C19: SAT2 | D19: SAT3 | E19: 合計 Σ
A20: λ = CORREL(題項, 構念分數) | B20: =CORREL(B5:B16,H5:H16) -> 0.87216967 | C20: =CORREL(C5:C16,H5:H16) -> 0.76451594 | D20: =CORREL(D5:D16,H5:H16) -> 0.75454583 | E20: =SUM(B20:D20) -> 2.3912314
A21: λ²（被構念解釋之變異） | B21: =B20^2 -> 0.76067993 | C21: =C20^2 -> 0.58448463 | D21: =D20^2 -> 0.56933941 | E21: =SUM(B21:D21) -> 1.914504
A22: 1 − λ²（誤差變異） | B22: =1-B20^2 -> 0.23932007 | C22: =1-C20^2 -> 0.41551537 | D22: =1-D20^2 -> 0.43066059 | E22: =SUM(B22:D22) -> 1.085496
A23: 判斷 | B23: =IF(B20>=0.708,"保留",IF(B20>=0.4,"評估刪除","直接刪除")) -> 保留 | C23: =IF(C20>=0.708,"保留",IF(C20>=0.4,"評估刪除","直接刪除")) -> 保留 | D23: =IF(D20>=0.708,"保留",IF(D20>=0.4,"評估刪除","直接刪除")) -> 保留
A25: 步驟 2｜Cronbach's α
A26: 各題變異數 VAR.S | B26: =VAR(B5:B16) -> 0.78787879 | C26: =VAR(C5:C16) -> 0.54545455 | D26: =VAR(D5:D16) -> 0.81060606 | E26: =SUM(B26:D26) -> 2.1439394
A27: 題數 k | B27: =COUNT(B20:D20) -> 3
A28: Σ 各題變異數 | B28: =E26 -> 2.1439394
A29: 總分變異數 VAR.S(總分) | B29: =VAR(I5:I16) -> 4.0833333
A30: α = k/(k−1) × (1 − Σσᵢ² / σ²_總分) | B30: =B27/(B27-1)*(1-B28/B29) -> 0.71243043
A31: 判斷（0.70–0.95 可接受） | B31: =IF(B30>0.95,"過高：題項可能冗餘",IF(B30>=0.7,"通過","未通過")) -> 通過
A33: 步驟 3｜組合信度 CR（ρc）
A34: Σλ | B34: =E20 -> 2.3912314
A35: (Σλ)² | B35: =B34^2 -> 5.7179878
A36: Σ(1 − λ²) | B36: =E22 -> 1.085496
A37: CR = (Σλ)² / [(Σλ)² + Σ(1 − λ²)] | B37: =B35/(B35+B36) -> 0.84044997
A38: 判斷（0.70–0.95 可接受） | B38: =IF(B37>0.95,"過高：題項可能冗餘",IF(B37>=0.7,"通過","未通過")) -> 通過
A40: 步驟 4｜收斂效度 AVE
A41: Σλ² | B41: =E21 -> 1.914504
A42: 題數 n | B42: =B27 -> 3
A43: AVE = Σλ² / n | B43: =B41/B42 -> 0.63816799
A44: 判斷（≥ 0.50） | B44: =IF(B43>=0.5,"通過","未通過") -> 通過
