Workbook

Sheet 摘要
A1: 區別效度摘要：Fornell-Larcker 準則 vs. HTMT
A3: 構念配對 | B3: 構念相關 r | C3: 較小之 √AVE | D3: FL 判斷 | E3: HTMT | F3: HTMT < 0.85 | G3: HTMT < 0.90
A4: SAT – LIK | B4: =2_FL準則!B6 -> 0.81299792 | C4: =MIN(1_構念分數!H35,1_構念分數!H36) -> 0.85638646 | D4: =IF(C4>ABS(B4),"通過","未通過") -> 通過 | E4: =4_HTMT!F12 -> 0.94844974 | F4: =IF(E4<0.85,"通過","未通過") -> 未通過 | G4: =IF(E4<0.9,"通過","未通過") -> 未通過
A5: SAT – SE | B5: =2_FL準則!B7 -> 0.37434973 | C5: =MIN(1_構念分數!H35,1_構念分數!H37) -> 0.91507385 | D5: =IF(C5>ABS(B5),"通過","未通過") -> 通過 | E5: =4_HTMT!F13 -> 0.41467579 | F5: =IF(E5<0.85,"通過","未通過") -> 通過 | G5: =IF(E5<0.9,"通過","未通過") -> 通過
A6: LIK – SE | B6: =2_FL準則!C7 -> 0.23419066 | C6: =MIN(1_構念分數!H36,1_構念分數!H37) -> 0.85638646 | D6: =IF(C6>ABS(B6),"通過","未通過") -> 通過 | E6: =4_HTMT!F14 -> 0.30861041 | F6: =IF(E6<0.85,"通過","未通過") -> 通過 | G6: =IF(E6<0.9,"通過","未通過") -> 通過
A8: 重點：SAT – LIK 在 Fornell-Larcker 準則下「通過」，但 HTMT 超過 0.90，顯示區別效度不足。
A9: 綠字為連結至其他工作表之公式。

Sheet 原始資料
A1: 原始資料：三個構念 × 3 題，5 點李克特量表，n = 20
A2: SAT = 學習滿意度；LIK = 課程喜愛度；SE = 學習自我效能。藍字為輸入值（教學用模擬資料）。
A4: 受試者 | B4: SAT1 | C4: SAT2 | D4: SAT3 | E4: LIK1 | F4: LIK2 | G4: LIK3 | H4: SE1 | I4: SE2 | J4: SE3
A5: R01 | B5: 3 | C5: 4 | D5: 3 | E5: 5 | F5: 4 | G5: 4 | H5: 4 | I5: 2 | J5: 2
A6: R02 | B6: 4 | C6: 4 | D6: 4 | E6: 3 | F6: 4 | G6: 3 | H6: 3 | I6: 3 | J6: 3
A7: R03 | B7: 4 | C7: 5 | D7: 4 | E7: 4 | F7: 4 | G7: 5 | H7: 4 | I7: 4 | J7: 4
A8: R04 | B8: 5 | C8: 5 | D8: 4 | E8: 3 | F8: 4 | G8: 3 | H8: 4 | I8: 2 | J8: 4
A9: R05 | B9: 3 | C9: 3 | D9: 3 | E9: 3 | F9: 4 | G9: 3 | H9: 2 | I9: 3 | J9: 2
A10: R06 | B10: 4 | C10: 2 | D10: 3 | E10: 3 | F10: 3 | G10: 3 | H10: 2 | I10: 2 | J10: 3
A11: R07 | B11: 4 | C11: 4 | D11: 3 | E11: 3 | F11: 4 | G11: 4 | H11: 3 | I11: 4 | J11: 4
A12: R08 | B12: 2 | C12: 3 | D12: 3 | E12: 3 | F12: 4 | G12: 3 | H12: 5 | I12: 4 | J12: 4
A13: R09 | B13: 5 | C13: 5 | D13: 5 | E13: 4 | F13: 5 | G13: 5 | H13: 2 | I13: 3 | J13: 3
A14: R10 | B14: 4 | C14: 4 | D14: 5 | E14: 4 | F14: 3 | G14: 4 | H14: 3 | I14: 3 | J14: 4
A15: R11 | B15: 2 | C15: 1 | D15: 2 | E15: 3 | F15: 2 | G15: 2 | H15: 1 | I15: 2 | J15: 2
A16: R12 | B16: 3 | C16: 3 | D16: 4 | E16: 3 | F16: 4 | G16: 3 | H16: 4 | I16: 4 | J16: 4
... A24: R20 | B24: 1 | C24: 2 | D24: 2 | E24: 2 | F24: 3 | G24: 2 | H24: 2 | I24: 3 | J24: 2

Sheet 1_構念分數
A1: 步驟 1：構念分數、外部負荷量、AVE 與 √AVE
A2: 構念分數 = 該構念各題 Z 分數之等權平均（教學近似，同 3.2 節）。
A4: 受試者 | B4: SAT1 | C4: SAT2 | D4: SAT3 | E4: LIK1 | F4: LIK2 | G4: LIK3 | H4: SE1 | I4: SE2 | J4: SE3 | K4: Z_SAT1 | L4: Z_SAT2 | M4: Z_SAT3 | N4: Z_LIK1 | O4: Z_LIK2 | P4: Z_LIK3 | Q4: Z_SE1 | R4: Z_SE2 | S4: Z_SE3 | T4: SAT分數 | U4: LIK分數 | V4: SE分數
A5: =原始資料!A5 -> R01 | B5: =原始資料!B5 -> 3 | C5: =原始資料!C5 -> 4 | D5: =原始資料!D5 -> 3 | E5: =原始資料!E5 -> 5 | F5: =原始資料!F5 -> 4 | G5: =原始資料!G5 -> 4 | H5: =原始資料!H5 -> 4 | ... J5: =原始資料!J5 -> 2 | K5: =STANDARDIZE(B5,AVERAGE(B$5:B$24),STDEV(B$5:B$24)) -> -0.12689245 | L5: =STANDARDIZE(C5,AVERAGE(C$5:C$24),STDEV(C$5:C$24)) -> 0.48733972 | M5: =STANDARDIZE(D5,AVERAGE(D$5:D$24),STDEV(D$5:D$24)) -> -0.24520722 | N5: =STANDARDIZE(E5,AVERAGE(E$5:E$24),STDEV(E$5:E$24)) -> 2.7400848 | O5: =STANDARDIZE(F5,AVERAGE(F$5:F$24),STDEV(F$5:F$24)) -> 0.62003884 | P5: =STANDARDIZE(G5,AVERAGE(G$5:G$24),STDEV(G$5:G$24)) -> 0.88163072 | Q5: =STANDARDIZE(H5,AVERAGE(H$5:H$24),STDEV(H$5:H$24)) -> 0.5377085 | R5: =STANDARDIZE(I5,AVERAGE(I$5:I$24),STDEV(I$5:I$24)) -> -1.2932653 | S5: =STANDARDIZE(J5,AVERAGE(J$5:J$24),STDEV(J$5:J$24)) -> -1.3380525 | T5: =AVERAGE(K5:M5) -> 0.038413347 | U5: =AVERAGE(N5:P5) -> 1.4139181 | V5: =AVERAGE(Q5:S5) -> -0.69786979
A6: =原始資料!A6 -> R02 | B6: =原始資料!B6 -> 4 | C6: =原始資料!C6 -> 4 | D6: =原始資料!D6 -> 4 | E6: =原始資料!E6 -> 3 | F6: =原始資料!F6 -> 4 | G6: =原始資料!G6 -> 3 | H6: =原始資料!H6 -> 3 | ... J6: =原始資料!J6 -> 3 | K6: =STANDARDIZE(B6,AVERAGE(B$5:B$24),STDEV(B$5:B$24)) -> 0.71905724 | L6: =STANDARDIZE(C6,AVERAGE(C$5:C$24),STDEV(C$5:C$24)) -> 0.48733972 | M6: =STANDARDIZE(D6,AVERAGE(D$5:D$24),STDEV(D$5:D$24)) -> 0.73562167 | N6: =STANDARDIZE(E6,AVERAGE(E$5:E$24),STDEV(E$5:E$24)) -> -0.39144068 | O6: =STANDARDIZE(F6,AVERAGE(F$5:F$24),STDEV(F$5:F$24)) -> 0.62003884 | P6: =STANDARDIZE(G6,AVERAGE(G$5:G$24),STDEV(G$5:G$24)) -> -0.29387691 | Q6: =STANDARDIZE(H6,AVERAGE(H$5:H$24),STDEV(H$5:H$24)) -> -0.2304465 | R6: =STANDARDIZE(I6,AVERAGE(I$5:I$24),STDEV(I$5:I$24)) -> -0.25865307 | S6: =STANDARDIZE(J6,AVERAGE(J$5:J$24),STDEV(J$5:J$24)) -> -0.38230073 | T6: =AVERAGE(K6:M6) -> 0.64733954 | U6: =AVERAGE(N6:P6) -> -0.021759583 | V6: =AVERAGE(Q6:S6) -> -0.29046676
A7: =原始資料!A7 -> R03 | B7: =原始資料!B7 -> 4 | C7: =原始資料!C7 -> 5 | D7: =原始資料!D7 -> 4 | E7: =原始資料!E7 -> 4 | F7: =原始資料!F7 -> 4 | G7: =原始資料!G7 -> 5 | H7: =原始資料!H7 -> 4 | ... J7: =原始資料!J7 -> 4 | K7: =STANDARDIZE(B7,AVERAGE(B$5:B$24),STDEV(B$5:B$24)) -> 0.71905724 | L7: =STANDARDIZE(C7,AVERAGE(C$5:C$24),STDEV(C$5:C$24)) -> 1.2995726 | M7: =STANDARDIZE(D7,AVERAGE(D$5:D$24),STDEV(D$5:D$24)) -> 0.73562167 | N7: =STANDARDIZE(E7,AVERAGE(E$5:E$24),STDEV(E$5:E$24)) -> 1.174322 | O7: =STANDARDIZE(F7,AVERAGE(F$5:F$24),STDEV(F$5:F$24)) -> 0.62003884 | P7: =STANDARDIZE(G7,AVERAGE(G$5:G$24),STDEV(G$5:G$24)) -> 2.0571383 | Q7: =STANDARDIZE(H7,AVERAGE(H$5:H$24),STDEV(H$5:H$24)) -> 0.5377085 | R7: =STANDARDIZE(I7,AVERAGE(I$5:I$24),STDEV(I$5:I$24)) -> 0.7759592 | S7: =STANDARDIZE(J7,AVERAGE(J$5:J$24),STDEV(J$5:J$24)) -> 0.57345109 | T7: =AVERAGE(K7:M7) -> 0.91808383 | U7: =AVERAGE(N7:P7) -> 1.2838331 | V7: =AVERAGE(Q7:S7) -> 0.6290396
A8: =原始資料!A8 -> R04 | B8: =原始資料!B8 -> 5 | C8: =原始資料!C8 -> 5 | D8: =原始資料!D8 -> 4 | E8: =原始資料!E8 -> 3 | F8: =原始資料!F8 -> 4 | G8: =原始資料!G8 -> 3 | H8: =原始資料!H8 -> 4 | ... J8: =原始資料!J8 -> 4 | K8: =STANDARDIZE(B8,AVERAGE(B$5:B$24),STDEV(B$5:B$24)) -> 1.5650069 | L8: =STANDARDIZE(C8,AVERAGE(C$5:C$24),STDEV(C$5:C$24)) -> 1.2995726 | M8: =STANDARDIZE(D8,AVERAGE(D$5:D$24),STDEV(D$5:D$24)) -> 0.73562167 | N8: =STANDARDIZE(E8,AVERAGE(E$5:E$24),STDEV(E$5:E$24)) -> -0.39144068 | O8: =STANDARDIZE(F8,AVERAGE(F$5:F$24),STDEV(F$5:F$24)) -> 0.62003884 | P8: =STANDARDIZE(G8,AVERAGE(G$5:G$24),STDEV(G$5:G$24)) -> -0.29387691 | Q8: =STANDARDIZE(H8,AVERAGE(H$5:H$24),STDEV(H$5:H$24)) -> 0.5377085 | R8: =STANDARDIZE(I8,AVERAGE(I$5:I$24),STDEV(I$5:I$24)) -> -1.2932653 | S8: =STANDARDIZE(J8,AVERAGE(J$5:J$24),STDEV(J$5:J$24)) -> 0.57345109 | T8: =AVERAGE(K8:M8) -> 1.2000671 | U8: =AVERAGE(N8:P8) -> -0.021759583 | V8: =AVERAGE(Q8:S8) -> -0.060701911
A9: =原始資料!A9 -> R05 | B9: =原始資料!B9 -> 3 | C9: =原始資料!C9 -> 3 | D9: =原始資料!D9 -> 3 | E9: =原始資料!E9 -> 3 | F9: =原始資料!F9 -> 4 | G9: =原始資料!G9 -> 3 | H9: =原始資料!H9 -> 2 | ... J9: =原始資料!J9 -> 2 | K9: =STANDARDIZE(B9,AVERAGE(B$5:B$24),STDEV(B$5:B$24)) -> -0.12689245 | L9: =STANDARDIZE(C9,AVERAGE(C$5:C$24),STDEV(C$5:C$24)) -> -0.32489314 | M9: =STANDARDIZE(D9,AVERAGE(D$5:D$24),STDEV(D$5:D$24)) -> -0.24520722 | N9: =STANDARDIZE(E9,AVERAGE(E$5:E$24),STDEV(E$5:E$24)) -> -0.39144068 | O9: =STANDARDIZE(F9,AVERAGE(F$5:F$24),STDEV(F$5:F$24)) -> 0.62003884 | P9: =STANDARDIZE(G9,AVERAGE(G$5:G$24),STDEV(G$5:G$24)) -> -0.29387691 | Q9: =STANDARDIZE(H9,AVERAGE(H$5:H$24),STDEV(H$5:H$24)) -> -0.99860151 | R9: =STANDARDIZE(I9,AVERAGE(I$5:I$24),STDEV(I$5:I$24)) -> -0.25865307 | S9: =STANDARDIZE(J9,AVERAGE(J$5:J$24),STDEV(J$5:J$24)) -> -1.3380525 | T9: =AVERAGE(K9:M9) -> -0.23233094 | U9: =AVERAGE(N9:P9) -> -0.021759583 | V9: =AVERAGE(Q9:S9) -> -0.86510237
A10: =原始資料!A10 -> R06 | B10: =原始資料!B10 -> 4 | C10: =原始資料!C10 -> 2 | D10: =原始資料!D10 -> 3 | E10: =原始資料!E10 -> 3 | F10: =原始資料!F10 -> 3 | G10: =原始資料!G10 -> 3 | H10: =原始資料!H10 -> 2 | ... J10: =原始資料!J10 -> 3 | K10: =STANDARDIZE(B10,AVERAGE(B$5:B$24),STDEV(B$5:B$24)) -> 0.71905724 | L10: =STANDARDIZE(C10,AVERAGE(C$5:C$24),STDEV(C$5:C$24)) -> -1.137126 | M10: =STANDARDIZE(D10,AVERAGE(D$5:D$24),STDEV(D$5:D$24)) -> -0.24520722 | N10: =STANDARDIZE(E10,AVERAGE(E$5:E$24),STDEV(E$5:E$24)) -> -0.39144068 | O10: =STANDARDIZE(F10,AVERAGE(F$5:F$24),STDEV(F$5:F$24)) -> -0.5073045 | P10: =STANDARDIZE(G10,AVERAGE(G$5:G$24),STDEV(G$5:G$24)) -> -0.29387691 | Q10: =STANDARDIZE(H10,AVERAGE(H$5:H$24),STDEV(H$5:H$24)) -> -0.99860151 | R10: =STANDARDIZE(I10,AVERAGE(I$5:I$24),STDEV(I$5:I$24)) -> -1.2932653 | S10: =STANDARDIZE(J10,AVERAGE(J$5:J$24),STDEV(J$5:J$24)) -> -0.38230073 | T10: =AVERAGE(K10:M10) -> -0.221092 | U10: =AVERAGE(N10:P10) -> -0.3975407 | V10: =AVERAGE(Q10:S10) -> -0.89138919
A11: =原始資料!A11 -> R07 | B11: =原始資料!B11 -> 4 | C11: =原始資料!C11 -> 4 | D11: =原始資料!D11 -> 3 | E11: =原始資料!E11 -> 3 | F11: =原始資料!F11 -> 4 | G11: =原始資料!G11 -> 4 | H11: =原始資料!H11 -> 3 | ... J11: =原始資料!J11 -> 4 | K11: =STANDARDIZE(B11,AVERAGE(B$5:B$24),STDEV(B$5:B$24)) -> 0.71905724 | L11: =STANDARDIZE(C11,AVERAGE(C$5:C$24),STDEV(C$5:C$24)) -> 0.48733972 | M11: =STANDARDIZE(D11,AVERAGE(D$5:D$24),STDEV(D$5:D$24)) -> -0.24520722 | N11: =STANDARDIZE(E11,AVERAGE(E$5:E$24),STDEV(E$5:E$24)) -> -0.39144068 | O11: =STANDARDIZE(F11,AVERAGE(F$5:F$24),STDEV(F$5:F$24)) -> 0.62003884 | P11: =STANDARDIZE(G11,AVERAGE(G$5:G$24),STDEV(G$5:G$24)) -> 0.88163072 | Q11: =STANDARDIZE(H11,AVERAGE(H$5:H$24),STDEV(H$5:H$24)) -> -0.2304465 | R11: =STANDARDIZE(I11,AVERAGE(I$5:I$24),STDEV(I$5:I$24)) -> 0.7759592 | S11: =STANDARDIZE(J11,AVERAGE(J$5:J$24),STDEV(J$5:J$24)) -> 0.57345109 | T11: =AVERAGE(K11:M11) -> 0.32039658 | U11: =AVERAGE(N11:P11) -> 0.37007629 | V11: =AVERAGE(Q11:S11) -> 0.37298793
A12: =原始資料!A12 -> R08 | B12: =原始資料!B12 -> 2 | C12: =原始資料!C12 -> 3 | D12: =原始資料!D12 -> 3 | E12: =原始資料!E12 -> 3 | F12: =原始資料!F12 -> 4 | G12: =原始資料!G12 -> 3 | H12: =原始資料!H12 -> 5 | ... J12: =原始資料!J12 -> 4 | K12: =STANDARDIZE(B12,AVERAGE(B$5:B$24),STDEV(B$5:B$24)) -> -0.97284215 | L12: =STANDARDIZE(C12,AVERAGE(C$5:C$24),STDEV(C$5:C$24)) -> -0.32489314 | M12: =STANDARDIZE(D12,AVERAGE(D$5:D$24),STDEV(D$5:D$24)) -> -0.24520722 | N12: =STANDARDIZE(E12,AVERAGE(E$5:E$24),STDEV(E$5:E$24)) -> -0.39144068 | O12: =STANDARDIZE(F12,AVERAGE(F$5:F$24),STDEV(F$5:F$24)) -> 0.62003884 | P12: =STANDARDIZE(G12,AVERAGE(G$5:G$24),STDEV(G$5:G$24)) -> -0.29387691 | Q12: =STANDARDIZE(H12,AVERAGE(H$5:H$24),STDEV(H$5:H$24)) -> 1.3058635 | R12: =STANDARDIZE(I12,AVERAGE(I$5:I$24),STDEV(I$5:I$24)) -> 0.7759592 | S12: =STANDARDIZE(J12,AVERAGE(J$5:J$24),STDEV(J$5:J$24)) -> 0.57345109 | T12: =AVERAGE(K12:M12) -> -0.51431417 | U12: =AVERAGE(N12:P12) -> -0.021759583 | V12: =AVERAGE(Q12:S12) -> 0.88509127
A13: =原始資料!A13 -> R09 | B13: =原始資料!B13 -> 5 | C13: =原始資料!C13 -> 5 | D13: =原始資料!D13 -> 5 | E13: =原始資料!E13 -> 4 | F13: =原始資料!F13 -> 5 | G13: =原始資料!G13 -> 5 | H13: =原始資料!H13 -> 2 | ... J13: =原始資料!J13 -> 3 | K13: =STANDARDIZE(B13,AVERAGE(B$5:B$24),STDEV(B$5:B$24)) -> 1.5650069 | L13: =STANDARDIZE(C13,AVERAGE(C$5:C$24),STDEV(C$5:C$24)) -> 1.2995726 | M13: =STANDARDIZE(D13,AVERAGE(D$5:D$24),STDEV(D$5:D$24)) -> 1.7164506 | N13: =STANDARDIZE(E13,AVERAGE(E$5:E$24),STDEV(E$5:E$24)) -> 1.174322 | O13: =STANDARDIZE(F13,AVERAGE(F$5:F$24),STDEV(F$5:F$24)) -> 1.7473822 | P13: =STANDARDIZE(G13,AVERAGE(G$5:G$24),STDEV(G$5:G$24)) -> 2.0571383 | Q13: =STANDARDIZE(H13,AVERAGE(H$5:H$24),STDEV(H$5:H$24)) -> -0.99860151 | R13: =STANDARDIZE(I13,AVERAGE(I$5:I$24),STDEV(I$5:I$24)) -> -0.25865307 | S13: =STANDARDIZE(J13,AVERAGE(J$5:J$24),STDEV(J$5:J$24)) -> -0.38230073 | T13: =AVERAGE(K13:M13) -> 1.52701 | U13: =AVERAGE(N13:P13) -> 1.6596142 | V13: =AVERAGE(Q13:S13) -> -0.54651843
A14: =原始資料!A14 -> R10 | B14: =原始資料!B14 -> 4 | C14: =原始資料!C14 -> 4 | D14: =原始資料!D14 -> 5 | E14: =原始資料!E14 -> 4 | F14: =原始資料!F14 -> 3 | G14: =原始資料!G14 -> 4 | H14: =原始資料!H14 -> 3 | ... J14: =原始資料!J14 -> 4 | K14: =STANDARDIZE(B14,AVERAGE(B$5:B$24),STDEV(B$5:B$24)) -> 0.71905724 | L14: =STANDARDIZE(C14,AVERAGE(C$5:C$24),STDEV(C$5:C$24)) -> 0.48733972 | M14: =STANDARDIZE(D14,AVERAGE(D$5:D$24),STDEV(D$5:D$24)) -> 1.7164506 | N14: =STANDARDIZE(E14,AVERAGE(E$5:E$24),STDEV(E$5:E$24)) -> 1.174322 | O14: =STANDARDIZE(F14,AVERAGE(F$5:F$24),STDEV(F$5:F$24)) -> -0.5073045 | P14: =STANDARDIZE(G14,AVERAGE(G$5:G$24),STDEV(G$5:G$24)) -> 0.88163072 | Q14: =STANDARDIZE(H14,AVERAGE(H$5:H$24),STDEV(H$5:H$24)) -> -0.2304465 | R14: =STANDARDIZE(I14,AVERAGE(I$5:I$24),STDEV(I$5:I$24)) -> -0.25865307 | S14: =STANDARDIZE(J14,AVERAGE(J$5:J$24),STDEV(J$5:J$24)) -> 0.57345109 | T14: =AVERAGE(K14:M14) -> 0.97428251 | U14: =AVERAGE(N14:P14) -> 0.51621609 | V14: =AVERAGE(Q14:S14) -> 0.028117175
A15: =原始資料!A15 -> R11 | B15: =原始資料!B15 -> 2 | C15: =原始資料!C15 -> 1 | D15: =原始資料!D15 -> 2 | E15: =原始資料!E15 -> 3 | F15: =原始資料!F15 -> 2 | G15: =原始資料!G15 -> 2 | H15: =原始資料!H15 -> 1 | ... J15: =原始資料!J15 -> 2 | K15: =STANDARDIZE(B15,AVERAGE(B$5:B$24),STDEV(B$5:B$24)) -> -0.97284215 | L15: =STANDARDIZE(C15,AVERAGE(C$5:C$24),STDEV(C$5:C$24)) -> -1.9493589 | M15: =STANDARDIZE(D15,AVERAGE(D$5:D$24),STDEV(D$5:D$24)) -> -1.2260361 | N15: =STANDARDIZE(E15,AVERAGE(E$5:E$24),STDEV(E$5:E$24)) -> -0.39144068 | O15: =STANDARDIZE(F15,AVERAGE(F$5:F$24),STDEV(F$5:F$24)) -> -1.6346478 | P15: =STANDARDIZE(G15,AVERAGE(G$5:G$24),STDEV(G$5:G$24)) -> -1.4693845 | Q15: =STANDARDIZE(H15,AVERAGE(H$5:H$24),STDEV(H$5:H$24)) -> -1.7667565 | R15: =STANDARDIZE(I15,AVERAGE(I$5:I$24),STDEV(I$5:I$24)) -> -1.2932653 | S15: =STANDARDIZE(J15,AVERAGE(J$5:J$24),STDEV(J$5:J$24)) -> -1.3380525 | T15: =AVERAGE(K15:M15) -> -1.3827457 | U15: =AVERAGE(N15:P15) -> -1.1651577 | V15: =AVERAGE(Q15:S15) -> -1.4660248
A16: =原始資料!A16 -> R12 | B16: =原始資料!B16 -> 3 | C16: =原始資料!C16 -> 3 | D16: =原始資料!D16 -> 4 | E16: =原始資料!E16 -> 3 | F16: =原始資料!F16 -> 4 | G16: =原始資料!G16 -> 3 | H16: =原始資料!H16 -> 4 | ... J16: =原始資料!J16 -> 4 | K16: =STANDARDIZE(B16,AVERAGE(B$5:B$24),STDEV(B$5:B$24)) -> -0.12689245 | L16: =STANDARDIZE(C16,AVERAGE(C$5:C$24),STDEV(C$5:C$24)) -> -0.32489314 | M16: =STANDARDIZE(D16,AVERAGE(D$5:D$24),STDEV(D$5:D$24)) -> 0.73562167 | N16: =STANDARDIZE(E16,AVERAGE(E$5:E$24),STDEV(E$5:E$24)) -> -0.39144068 | O16: =STANDARDIZE(F16,AVERAGE(F$5:F$24),STDEV(F$5:F$24)) -> 0.62003884 | P16: =STANDARDIZE(G16,AVERAGE(G$5:G$24),STDEV(G$5:G$24)) -> -0.29387691 | Q16: =STANDARDIZE(H16,AVERAGE(H$5:H$24),STDEV(H$5:H$24)) -> 0.5377085 | R16: =STANDARDIZE(I16,AVERAGE(I$5:I$24),STDEV(I$5:I$24)) -> 0.7759592 | S16: =STANDARDIZE(J16,AVERAGE(J$5:J$24),STDEV(J$5:J$24)) -> 0.57345109 | T16: =AVERAGE(K16:M16) -> 0.094612023 | U16: =AVERAGE(N16:P16) -> -0.021759583 | V16: =AVERAGE(Q16:S16) -> 0.6290396
... A24: =原始資料!A24 -> R20 | B24: =原始資料!B24 -> 1 | C24: =原始資料!C24 -> 2 | D24: =原始資料!D24 -> 2 | E24: =原始資料!E24 -> 2 | F24: =原始資料!F24 -> 3 | G24: =原始資料!G24 -> 2 | H24: =原始資料!H24 -> 2 | ... J24: =原始資料!J24 -> 2 | K24: =STANDARDIZE(B24,AVERAGE(B$5:B$24),STDEV(B$5:B$24)) -> -1.8187918 | L24: =STANDARDIZE(C24,AVERAGE(C$5:C$24),STDEV(C$5:C$24)) -> -1.137126 | M24: =STANDARDIZE(D24,AVERAGE(D$5:D$24),STDEV(D$5:D$24)) -> -1.2260361 | N24: =STANDARDIZE(E24,AVERAGE(E$5:E$24),STDEV(E$5:E$24)) -> -1.9572034 | O24: =STANDARDIZE(F24,AVERAGE(F$5:F$24),STDEV(F$5:F$24)) -> -0.5073045 | P24: =STANDARDIZE(G24,AVERAGE(G$5:G$24),STDEV(G$5:G$24)) -> -1.4693845 | Q24: =STANDARDIZE(H24,AVERAGE(H$5:H$24),STDEV(H$5:H$24)) -> -0.99860151 | R24: =STANDARDIZE(I24,AVERAGE(I$5:I$24),STDEV(I$5:I$24)) -> -0.25865307 | S24: =STANDARDIZE(J24,AVERAGE(J$5:J$24),STDEV(J$5:J$24)) -> -1.3380525 | T24: =AVERAGE(K24:M24) -> -1.3939847 | U24: =AVERAGE(N24:P24) -> -1.3112975 | V24: =AVERAGE(Q24:S24) -> -0.86510237
A26: 1-1 外部負荷量 λ（題項與所屬構念分數之相關）
A27: 題項 | B27: SAT1 | C27: SAT2 | D27: SAT3 | E27: LIK1 | F27: LIK2 | G27: LIK3 | H27: SE1 | I27: SE2 | J27: SE3
A28: 所屬構念 | B28: SAT | C28: SAT | D28: SAT | E28: LIK | F28: LIK | G28: LIK | H28: SE | I28: SE | J28: SE
A29: λ | B29: =CORREL(B$5:B$24,T$5:T$24) -> 0.91546049 | C29: =CORREL(C$5:C$24,T$5:T$24) -> 0.9000703 | D29: =CORREL(D$5:D$24,T$5:T$24) -> 0.92955582 | E29: =CORREL(E$5:E$24,U$5:U$24) -> 0.81967995 | F29: =CORREL(F$5:F$24,U$5:U$24) -> 0.79206498 | G29: =CORREL(G$5:G$24,U$5:U$24) -> 0.94918446 | H29: =CORREL(H$5:H$24,V$5:V$24) -> 0.90578879 | I29: =CORREL(I$5:I$24,V$5:V$24) -> 0.90020258 | J29: =CORREL(J$5:J$24,V$5:V$24) -> 0.93875579
A30: λ² | B30: =B29^2 -> 0.83806791 | C30: =C29^2 -> 0.81012654 | D30: =D29^2 -> 0.86407402 | E30: =E29^2 -> 0.67187523 | F30: =F29^2 -> 0.62736694 | G30: =G29^2 -> 0.90095114 | H30: =H29^2 -> 0.82045333 | I30: =I29^2 -> 0.81036468 | J30: =J29^2 -> 0.88126243
A31: 1 − λ² | B31: =1-B29^2 -> 0.16193209 | C31: =1-C29^2 -> 0.18987346 | D31: =1-D29^2 -> 0.13592598 | E31: =1-E29^2 -> 0.32812477 | F31: =1-F29^2 -> 0.37263306 | G31: =1-G29^2 -> 0.099048857 | H31: =1-H29^2 -> 0.17954667 | I31: =1-I29^2 -> 0.18963532 | J31: =1-J29^2 -> 0.11873757
A33: 1-2 各構念之 CR、AVE、√AVE
A34: 構念 | B34: Σλ | C34: Σλ² | D34: Σ(1−λ²) | E34: 題數 n | F34: CR | G34: AVE | H34: √AVE | I34: CR 判斷 | J34: AVE 判斷
A35: SAT（學習滿意度） | B35: =SUM(B29:D29) -> 2.7450866 | C35: =SUM(B30:D30) -> 2.5122685 | D35: =SUM(B31:D31) -> 0.48773153 | E35: =COUNT(B29:D29) -> 3 | F35: =B35^2/(B35^2+D35) -> 0.93921009 | G35: =C35/E35 -> 0.83742282 | H35: =SQRT(G35) -> 0.91510809 | I35: =IF(F35>0.95,"過高",IF(F35>=0.7,"通過","未通過")) -> 通過 | J35: =IF(G35>=0.5,"通過","未通過") -> 通過
A36: LIK（課程喜愛度） | B36: =SUM(E29:G29) -> 2.5609294 | C36: =SUM(E30:G30) -> 2.2001933 | D36: =SUM(E31:G31) -> 0.79980669 | E36: =COUNT(E29:G29) -> 3 | F36: =B36^2/(B36^2+D36) -> 0.89130353 | G36: =C36/E36 -> 0.73339777 | H36: =SQRT(G36) -> 0.85638646 | I36: =IF(F36>0.95,"過高",IF(F36>=0.7,"通過","未通過")) -> 通過 | J36: =IF(G36>=0.5,"通過","未通過") -> 通過
A37: SE（學習自我效能） | B37: =SUM(H29:J29) -> 2.7447472 | C37: =SUM(H30:J30) -> 2.5120804 | D37: =SUM(H31:J31) -> 0.48791955 | E37: =COUNT(H29:J29) -> 3 | F37: =B37^2/(B37^2+D37) -> 0.93917396 | G37: =C37/E37 -> 0.83736015 | H37: =SQRT(G37) -> 0.91507385 | I37: =IF(F37>0.95,"過高",IF(F37>=0.7,"通過","未通過")) -> 通過 | J37: =IF(G37>=0.5,"通過","未通過") -> 通過

Sheet 2_FL準則
A1: 步驟 2：Fornell-Larcker 準則
A2: 對角線（黃底）= √AVE；下三角 = 構念分數間之相關係數 r。要求：每個 √AVE 大於同列、同欄的所有 r。
A4: 構念 | B4: SAT | C4: LIK | D4: SE
A5: SAT | B5: =1_構念分數!H35 -> 0.91510809
A6: LIK | B6: =CORREL(1_構念分數!U$5:U$24,1_構念分數!T$5:T$24) -> 0.81299792 | C6: =1_構念分數!H36 -> 0.85638646
A7: SE | B7: =CORREL(1_構念分數!V$5:V$24,1_構念分數!T$5:T$24) -> 0.37434973 | C7: =CORREL(1_構念分數!V$5:V$24,1_構念分數!U$5:U$24) -> 0.23419066 | D7: =1_構念分數!H37 -> 0.91507385
A10: 構念 | B10: √AVE | C10: 與其他構念最大 |r| | D10: √AVE − 最大|r| | E10: 判斷
A11: SAT | B11: =B5 -> 0.91510809 | C11: =MAX(ABS(B6),ABS(B7)) -> 0.81299792 | D11: =B11-C11 -> 0.10211017 | E11: =IF(B11>C11,"通過","未通過") -> 通過
A12: LIK | B12: =C6 -> 0.85638646 | C12: =MAX(ABS(B6),ABS(C7)) -> 0.81299792 | D12: =B12-C12 -> 0.043388535 | E12: =IF(B12>C12,"通過","未通過") -> 通過
A13: SE | B13: =D7 -> 0.91507385 | C13: =MAX(ABS(B7),ABS(C7)) -> 0.37434973 | D13: =B13-C13 -> 0.54072412 | E13: =IF(B13>C13,"通過","未通過") -> 通過
A15: 注意 SAT 與 LIK：r 與 √AVE 的差距很小，但仍「通過」。請對照 4_HTMT 工作表。

Sheet 3_題項相關
A1: 步驟 3：題項相關矩陣（9 × 9）
A2: 綠底 = 同構念題項相關（monotrait，只取對角線上方）；橘底 = 跨構念題項相關（heterotrait）。
B4: SAT1 | C4: SAT2 | D4: SAT3 | E4: LIK1 | F4: LIK2 | G4: LIK3 | H4: SE1 | I4: SE2 | J4: SE3
A5: SAT1 | B5: =CORREL(1_構念分數!B$5:B$24,1_構念分數!B$5:B$24) -> 1 | C5: =CORREL(1_構念分數!B$5:B$24,1_構念分數!C$5:C$24) -> 0.71603901 | D5: =CORREL(1_構念分數!B$5:B$24,1_構念分數!D$5:D$24) -> 0.79697933 | E5: =CORREL(1_構念分數!B$5:B$24,1_構念分數!E$5:E$24) -> 0.43570937 | F5: =CORREL(1_構念分數!B$5:B$24,1_構念分數!F$5:F$24) -> 0.63494728 | G5: =CORREL(1_構念分數!B$5:B$24,1_構念分數!G$5:G$24) -> 0.69347733 | H5: =CORREL(1_構念分數!B$5:B$24,1_構念分數!H$5:H$24) -> 0.14022442 | I5: =CORREL(1_構念分數!B$5:B$24,1_構念分數!I$5:I$24) -> 0.057580916 | J5: =CORREL(1_構念分數!B$5:B$24,1_構念分數!J$5:J$24) -> 0.41702505
A6: SAT2 | B6: =CORREL(1_構念分數!C$5:C$24,1_構念分數!B$5:B$24) -> 0.71603901 | C6: =CORREL(1_構念分數!C$5:C$24,1_構念分數!C$5:C$24) -> 1 | D6: =CORREL(1_構念分數!C$5:C$24,1_構念分數!D$5:D$24) -> 0.75473191 | E6: =CORREL(1_構念分數!C$5:C$24,1_構念分數!E$5:E$24) -> 0.53547955 | F6: =CORREL(1_構念分數!C$5:C$24,1_構念分數!F$5:F$24) -> 0.74217083 | G6: =CORREL(1_構念分數!C$5:C$24,1_構念分數!G$5:G$24) -> 0.75377836 | H6: =CORREL(1_構念分數!C$5:C$24,1_構念分數!H$5:H$24) -> 0.41375796 | I6: =CORREL(1_構念分數!C$5:C$24,1_構念分數!I$5:I$24) -> 0.26537245 | J6: =CORREL(1_構念分數!C$5:C$24,1_構念分數!J$5:J$24) -> 0.48211883
A7: SAT3 | B7: =CORREL(1_構念分數!D$5:D$24,1_構念分數!B$5:B$24) -> 0.79697933 | C7: =CORREL(1_構念分數!D$5:D$24,1_構念分數!C$5:C$24) -> 0.75473191 | D7: =CORREL(1_構念分數!D$5:D$24,1_構念分數!D$5:D$24) -> 1 | E7: =CORREL(1_構念分數!D$5:D$24,1_構念分數!E$5:E$24) -> 0.46476503 | F7: =CORREL(1_構念分數!D$5:D$24,1_構念分數!F$5:F$24) -> 0.74200364 | G7: =CORREL(1_構念分數!D$5:D$24,1_構念分數!G$5:G$24) -> 0.71302206 | H7: =CORREL(1_構念分數!D$5:D$24,1_構念分數!H$5:H$24) -> 0.29740604 | I7: =CORREL(1_構念分數!D$5:D$24,1_構念分數!I$5:I$24) -> 0.2536944 | J7: =CORREL(1_構念分數!D$5:D$24,1_構念分數!J$5:J$24) -> 0.49338368
A8: LIK1 | B8: =CORREL(1_構念分數!E$5:E$24,1_構念分數!B$5:B$24) -> 0.43570937 | C8: =CORREL(1_構念分數!E$5:E$24,1_構念分數!C$5:C$24) -> 0.53547955 | D8: =CORREL(1_構念分數!E$5:E$24,1_構念分數!D$5:D$24) -> 0.46476503 | E8: =CORREL(1_構念分數!E$5:E$24,1_構念分數!E$5:E$24) -> 1 | F8: =CORREL(1_構念分數!E$5:E$24,1_構念分數!F$5:F$24) -> 0.3483853 | G8: =CORREL(1_構念分數!E$5:E$24,1_構念分數!G$5:G$24) -> 0.75075719 | H8: =CORREL(1_構念分數!E$5:E$24,1_構念分數!H$5:H$24) -> 0.22155893 | I8: =CORREL(1_構念分數!E$5:E$24,1_構念分數!I$5:I$24) -> -0.10657614 | J8: =CORREL(1_構念分數!E$5:E$24,1_構念分數!J$5:J$24) -> 0.078762135
A9: LIK2 | B9: =CORREL(1_構念分數!F$5:F$24,1_構念分數!B$5:B$24) -> 0.63494728 | C9: =CORREL(1_構念分數!F$5:F$24,1_構念分數!C$5:C$24) -> 0.74217083 | D9: =CORREL(1_構念分數!F$5:F$24,1_構念分數!D$5:D$24) -> 0.74200364 | E9: =CORREL(1_構念分數!F$5:F$24,1_構念分數!E$5:E$24) -> 0.3483853 | F9: =CORREL(1_構念分數!F$5:F$24,1_構念分數!F$5:F$24) -> 1 | G9: =CORREL(1_構念分數!F$5:F$24,1_構念分數!G$5:G$24) -> 0.6800372 | H9: =CORREL(1_構念分數!F$5:F$24,1_構念分數!H$5:H$24) -> 0.28713889 | I9: =CORREL(1_構念分數!F$5:F$24,1_構念分數!I$5:I$24) -> 0.23020327 | J9: =CORREL(1_構念分數!F$5:F$24,1_構念分數!J$5:J$24) -> 0.24951716
A10: LIK3 | B10: =CORREL(1_構念分數!G$5:G$24,1_構念分數!B$5:B$24) -> 0.69347733 | C10: =CORREL(1_構念分數!G$5:G$24,1_構念分數!C$5:C$24) -> 0.75377836 | D10: =CORREL(1_構念分數!G$5:G$24,1_構念分數!D$5:D$24) -> 0.71302206 | E10: =CORREL(1_構念分數!G$5:G$24,1_構念分數!E$5:E$24) -> 0.75075719 | F10: =CORREL(1_構念分數!G$5:G$24,1_構念分數!F$5:F$24) -> 0.6800372 | G10: =CORREL(1_構念分數!G$5:G$24,1_構念分數!G$5:G$24) -> 1 | H10: =CORREL(1_構念分數!G$5:G$24,1_構念分數!H$5:H$24) -> 0.21386181 | I10: =CORREL(1_構念分數!G$5:G$24,1_構念分數!I$5:I$24) -> 0.17602817 | J10: =CORREL(1_構念分數!G$5:G$24,1_構念分數!J$5:J$24) -> 0.2956562
A11: SE1 | B11: =CORREL(1_構念分數!H$5:H$24,1_構念分數!B$5:B$24) -> 0.14022442 | C11: =CORREL(1_構念分數!H$5:H$24,1_構念分數!C$5:C$24) -> 0.41375796 | D11: =CORREL(1_構念分數!H$5:H$24,1_構念分數!D$5:D$24) -> 0.29740604 | E11: =CORREL(1_構念分數!H$5:H$24,1_構念分數!E$5:E$24) -> 0.22155893 | F11: =CORREL(1_構念分數!H$5:H$24,1_構念分數!F$5:F$24) -> 0.28713889 | G11: =CORREL(1_構念分數!H$5:H$24,1_構念分數!G$5:G$24) -> 0.21386181 | H11: =CORREL(1_構念分數!H$5:H$24,1_構念分數!H$5:H$24) -> 1 | I11: =CORREL(1_構念分數!H$5:H$24,1_構念分數!I$5:I$24) -> 0.6901712 | J11: =CORREL(1_構念分數!H$5:H$24,1_構念分數!J$5:J$24) -> 0.79599001
A12: SE2 | B12: =CORREL(1_構念分數!I$5:I$24,1_構念分數!B$5:B$24) -> 0.057580916 | C12: =CORREL(1_構念分數!I$5:I$24,1_構念分數!C$5:C$24) -> 0.26537245 | D12: =CORREL(1_構念分數!I$5:I$24,1_構念分數!D$5:D$24) -> 0.2536944 | E12: =CORREL(1_構念分數!I$5:I$24,1_構念分數!E$5:E$24) -> -0.10657614 | F12: =CORREL(1_構念分數!I$5:I$24,1_構念分數!F$5:F$24) -> 0.23020327 | G12: =CORREL(1_構念分數!I$5:I$24,1_構念分數!G$5:G$24) -> 0.17602817 | H12: =CORREL(1_構念分數!I$5:I$24,1_構念分數!H$5:H$24) -> 0.6901712 | I12: =CORREL(1_構念分數!I$5:I$24,1_構念分數!I$5:I$24) -> 1 | J12: =CORREL(1_構念分數!I$5:I$24,1_構念分數!J$5:J$24) -> 0.78065728
A13: SE3 | B13: =CORREL(1_構念分數!J$5:J$24,1_構念分數!B$5:B$24) -> 0.41702505 | C13: =CORREL(1_構念分數!J$5:J$24,1_構念分數!C$5:C$24) -> 0.48211883 | D13: =CORREL(1_構念分數!J$5:J$24,1_構念分數!D$5:D$24) -> 0.49338368 | E13: =CORREL(1_構念分數!J$5:J$24,1_構念分數!E$5:E$24) -> 0.078762135 | F13: =CORREL(1_構念分數!J$5:J$24,1_構念分數!F$5:F$24) -> 0.24951716 | G13: =CORREL(1_構念分數!J$5:J$24,1_構念分數!G$5:G$24) -> 0.2956562 | H13: =CORREL(1_構念分數!J$5:J$24,1_構念分數!H$5:H$24) -> 0.79599001 | I13: =CORREL(1_構念分數!J$5:J$24,1_構念分數!I$5:I$24) -> 0.78065728 | J13: =CORREL(1_構念分數!J$5:J$24,1_構念分數!J$5:J$24) -> 1

Sheet 4_HTMT
A1: 步驟 4：HTMT 比率
A2: HTMT = 跨構念題項相關之平均 ÷ √(構念 i 內題項相關平均 × 構念 j 內題項相關平均)
A4: 4-1 Monotrait：各構念內題項相關之平均（取絕對值）
A5: 構念 | B5: 相關 1 | C5: 相關 2 | D5: 相關 3 | E5: 配對數 n(n−1)/2 | F5: 平均 monotrait
A6: SAT | B6: =ABS(3_題項相關!C5) -> 0.71603901 | C6: =ABS(3_題項相關!D5) -> 0.79697933 | D6: =ABS(3_題項相關!D6) -> 0.75473191 | E6: =3*(3-1)/2 -> 3 | F6: =SUM(B6:D6)/E6 -> 0.75591675
A7: LIK | B7: =ABS(3_題項相關!F8) -> 0.3483853 | C7: =ABS(3_題項相關!G8) -> 0.75075719 | D7: =ABS(3_題項相關!G9) -> 0.6800372 | E7: =3*(3-1)/2 -> 3 | F7: =SUM(B7:D7)/E7 -> 0.5930599
A8: SE | B8: =ABS(3_題項相關!I11) -> 0.6901712 | C8: =ABS(3_題項相關!J11) -> 0.79599001 | D8: =ABS(3_題項相關!J12) -> 0.78065728 | E8: =3*(3-1)/2 -> 3 | F8: =SUM(B8:D8)/E8 -> 0.75560616
A10: 4-2 Heterotrait：兩構念間所有題項相關之平均（取絕對值）
A11: 構念配對 | B11: Σ|r|（3×3=9 個） | C11: 配對數 nᵢ×nⱼ | D11: 平均 heterotrait | E11: √(monoᵢ×monoⱼ) | F11: HTMT
A12: SAT – LIK | B12: =SUMPRODUCT(ABS(3_題項相關!E5:G7)) -> 5.7153535 | C12: =COUNT(3_題項相關!E5:G7) -> 9 | D12: =B12/C12 -> 0.63503927 | E12: =SQRT(F6*F7) -> 0.66955501 | F12: =D12/E12 -> 0.94844974
A13: SAT – SE | B13: =SUMPRODUCT(ABS(3_題項相關!H5:J7)) -> 2.8205638 | C13: =COUNT(3_題項相關!H5:J7) -> 9 | D13: =B13/C13 -> 0.31339597 | E13: =SQRT(F6*F8) -> 0.75576144 | F13: =D13/E13 -> 0.41467579
A14: LIK – SE | B14: =SUMPRODUCT(ABS(3_題項相關!H8:J10)) -> 1.8593027 | C14: =COUNT(3_題項相關!H8:J10) -> 9 | D14: =B14/C14 -> 0.20658919 | E14: =SQRT(F7*F8) -> 0.66941744 | F14: =D14/E14 -> 0.30861041
A16: 4-3 HTMT 矩陣與判斷
A17: 構念 | B17: SAT | C17: LIK | D17: SE
A18: SAT
A19: LIK | B19: =F12 -> 0.94844974
A20: SE | B20: =F13 -> 0.41467579 | C20: =F14 -> 0.30861041
A23: 構念配對 | B23: HTMT | C23: < 0.85（嚴格） | D23: < 0.90（寬鬆）
A24: SAT – LIK | B24: =F12 -> 0.94844974 | C24: =IF(B24<0.85,"通過","未通過") -> 未通過 | D24: =IF(B24<0.9,"通過","未通過") -> 未通過
A25: SAT – SE | B25: =F13 -> 0.41467579 | C25: =IF(B25<0.85,"通過","未通過") -> 通過 | D25: =IF(B25<0.9,"通過","未通過") -> 通過
A26: LIK – SE | B26: =F14 -> 0.30861041 | C26: =IF(B26<0.85,"通過","未通過") -> 通過 | D26: =IF(B26<0.9,"通過","未通過") -> 通過
